"","Population","Region","year","max5dprcp_spawn","mnprcp_rear","maxq_spawn","medq_rear","mean_swe","cdd_rear","maxDaily_spawn","maxDaily_migrate","maxWeekly_migrate","daysGT17_migrate","cddGT17_migrate"
"1","Aniak","Kuskokwim",1980,201818.430030346,15969.6713728743,186.09375,173.45312,29.1512224007112,1265.4304057606,11.4229023501941,15.1363948582575,14.2370984878323,0,0.36497223887606
"2","Aniak","Kuskokwim",1981,175514.319973707,10944.3740779497,197.17188,80.234375,113.858233678106,1339.39201410343,11.8709147717038,16.5228919431197,15.6544368386116,0,6.86026069516965
"3","Aniak","Kuskokwim",1982,297488.630031109,16279.8803909952,252.15625,144.15625,160.380024081873,1313.17627512384,12.5603201488434,15.2905683025074,14.724418120955,0,8.6244161118531
"4","Aniak","Kuskokwim",1983,239011.210031033,7881.74907968472,230.63281,62.296875,19.0484965898482,1316.32610819199,11.0082342169763,17.4170703774293,16.9587192299392,3,0.992141383704112
"5","Aniak","Kuskokwim",1984,208860.179977894,7987.31346022791,108.296875,57.5625,95.1705479998992,1310.27659791514,11.1110562782404,16.4643453325383,15.5855089753338,0,3.64015182610712
"6","Aniak","Kuskokwim",1985,307925.720023155,11845.9701996932,276.71875,137.82812,111.399197058905,1268.53566735975,11.8839562108549,14.4694307706558,13.5446133991699,0,8.13516978051337
"7","Aniak","Kuskokwim",1986,229570.040112257,11003.6749348613,249.375,112.890625,16.0297772040428,1320.51545379537,10.7004624264317,16.4023698166387,16.0169021610686,0,1.21657412958687
"8","Aniak","Kuskokwim",1987,239084.820090771,9505.76019816935,121.21094,101.84375,137.256957082852,1274.79977904484,11.739991359747,14.8292617906875,14.2729810506452,0,2.61180874936399
"9","Aniak","Kuskokwim",1988,214973.829556704,10880.7245064261,161.79688,86.34375,265.736019532683,1441.55499584413,12.1661498286414,17.4012227603863,16.3134079798049,2,0.548475988193275
"10","Aniak","Kuskokwim",1989,274695.589993,14194.5144142195,247.3125,160.71875,166.69074865806,1393.93130997925,12.16786687164,15.7344198010231,15.2340541760069,0,0
"11","Aniak","Kuskokwim",1990,258450.920075893,14637.7019692412,247,93.65625,359.221714128504,1459.8233321495,12.3651628738858,16.6645871898364,15.8550911087953,0,0
"12","Aniak","Kuskokwim",1991,140494.030028343,7916.59427826459,202.26562,122.625,152.573356239444,1363.66650760652,12.1448821874959,16.55824183581,16.2389051375147,0,0
"13","Aniak","Kuskokwim",1992,222856.759934455,10948.372284645,189.65625,69.328125,167.162679594906,1442.86245833063,12.6484803087811,17.0206989324255,16.752450658494,1,19.5131790790787
"14","Aniak","Kuskokwim",1993,241829.319962502,11490.7493447832,266.17188,133.64062,130.348081089511,1348.34043797037,11.5040986988958,17.9793097400625,17.2758658886597,5,2.93732077838476
"15","Aniak","Kuskokwim",1994,319191.259998083,11127.3247391356,249.59375,153.21875,184.14933952353,1422.11365060916,12.3163179761096,14.65392551143,14.0333236295732,0,0
"16","Aniak","Kuskokwim",1995,255383.029869556,16288.101513837,234.67188,156.64062,51.8171698291921,1364.50733252897,11.3399078695012,17.6062805710671,16.2246648427419,1,0.606280571067117
"17","Aniak","Kuskokwim",1996,152701.039975524,10116.0984968683,169.65625,101.21875,71.1757386367228,1347.65610735712,11.6610001050152,18.0932224695521,17.9531203489368,20,13.0306314619987
"18","Aniak","Kuskokwim",1997,221927.980763435,9015.14539355373,264.76562,47.59375,122.352777959639,1417.70166444845,11.6804428539229,17.6120540184071,17.2854863905145,10,3.1108274017763
"19","Aniak","Kuskokwim",1998,201148.859759331,14046.0067713514,170,108.4375,87.2686652455738,1292.66333195852,11.9417025321043,15.4969569595465,15.2751712838791,0,2.72823728110169
"20","Aniak","Kuskokwim",1999,280093.489962816,13225.6290781708,177.5,93.21875,60.4836611906624,1352.22582979421,11.933189855807,15.9565949798278,15.6185825382108,0,0
"21","Aniak","Kuskokwim",2000,190673.829987407,12540.1423509924,132.63281,92.90625,95.5257547417591,1316.11732396766,11.7547561850454,18.2807984543894,17.6918139132344,16,8.58575370877115
"22","Aniak","Kuskokwim",2001,450854.499263763,19485.0570906916,175.10156,113.265625,201.509644592971,1431.43743792735,12.3846196543992,14.5021532890306,13.5936425950715,0,0
"23","Aniak","Kuskokwim",2002,285266.089940071,11987.8443404729,176.67969,66.75,67.2082296361506,1400.27960752392,11.6804428539229,19.0105413317711,18.0988252260932,28,22.1781436402011
"24","Aniak","Kuskokwim",2003,298020.779955864,11815.8181541087,232.5,103.03125,88.4211742028995,1345.36352698081,11.8981731211153,17.0782792850454,17.9123162347556,2,8.57714390973931
"25","Aniak","Kuskokwim",2004,340790.190023303,12472.6419560479,117.578125,45.515625,130.366425220577,1414.55981491678,11.8972917689204,17.1353553179994,16.7385243641837,4,0.532462162961899
"26","Aniak","Kuskokwim",2005,274861.230137825,14035.1363136152,198.89844,76.44531,118.866069883288,1408.33799397759,11.6804428539229,18.6052794773099,18.2312386877292,33,22.254354411688
"27","Aniak","Kuskokwim",2006,280480.860159874,12955.9634778864,415.79688,95.265625,94.691186210421,1354.32144294619,11.6500677511495,17.4518202565902,17.1798839864092,6,3.10524055329035
"28","Aniak","Kuskokwim",2007,235721.830098867,13570.693483687,197.32031,97.34375,66.7623645448627,1382.73732902962,11.96326896667,18.246464158925,18.1084066934055,20,19.5186537529532
"29","Aniak","Kuskokwim",2008,233502.700009882,10650.7719625381,130.78125,109.953125,220.39185061583,1425.34296822115,12.0952791353115,13.7595487236133,13.4146926067567,0,0
"30","Aniak","Kuskokwim",2009,197202.10000205,9671.50006331484,186.27344,66.875,186.920891334904,1501.51199788774,12.620424659016,17.2192036667365,16.7615509134468,4,0.5984559411717
"31","Aniak","Kuskokwim",2010,205530.970077872,10707.0315763358,249.05469,128.0625,90.607699693996,1371.97725000799,11.9243095162547,16.8999420323098,16.5728465353959,0,1.718633215628
"32","Aniak","Kuskokwim",2011,211214.770035505,10145.5376355531,180.5,118.109375,143.996975191622,1359.56984359996,11.8890260060282,16.3585555287376,15.30634261365,0,0.435301458227332
"33","Aniak","Kuskokwim",2012,294641.250001265,15600.2541159194,314.60938,156.5,156.011248543769,1328.61359789171,12.5772780445148,15.0604242356798,14.4924466534321,0,0
"34","Aniak","Kuskokwim",2013,249988.770019054,9928.65934254033,332.40625,64.359375,142.973707294809,1414.26160616666,12.5149518461854,18.4261625628568,18.0072192418816,16,21.9679405452823
"35","Aniak","Kuskokwim",2014,136126.509985447,10922.1542203225,338.75,69.9375,28.1325270891285,1401.91547073398,11.96326896667,17.1216574129587,16.9562614085752,1,0.600798645905048
"36","Aniak","Kuskokwim",2015,482302.460075378,15553.0303938182,194.5,72.453125,35.4626876909251,1398.40633759012,11.9484025472443,18.1214134361272,17.8945924850354,23,18.3602610759165
"37","Aniak","Kuskokwim",2016,286510.210016966,17561.0531383075,307.4375,150.67188,43.1339662817648,1435.73205017056,11.9475549169055,16.12742877714,15.9086394855354,0,0
"38","Aniak","Kuskokwim",2017,322094.670043468,14371.9501300598,343.83594,121.09375,98.8858470526243,1416.6582677117,11.8807801052657,18.1214134361272,18.0646813778479,27,25.8048585783681
"39","Aniak","Kuskokwim",2018,268444.670006037,14123.2352022992,217.08594,127.125,125.294114852899,1345.58263969316,11.8062425628888,16.4615979146404,15.7917252358832,0,0
"40","George","Kuskokwim",1980,112909.480005026,8240.59333292923,112.328125,88.4375,36.648290137943,1406.72468500224,13.4330711306553,15.1363948582575,14.2370984878323,0,0.36497223887606
"41","George","Kuskokwim",1981,111562.940010548,6970.89592221643,78.796875,51.296875,73.1067439012447,1300.5367840856,12.5479676978983,16.5228919431197,15.6544368386116,0,6.86026069516965
"42","George","Kuskokwim",1982,179121.079962254,9439.66401274271,167.92188,93.828125,136.030092649769,1253.03843081521,12.5963661852327,15.2905683025074,14.724418120955,0,8.6244161118531
"43","George","Kuskokwim",1983,163943.020058334,5586.45973897084,115.96875,43.554688,38.1377993001904,1554.66842174183,14.4465929393602,17.4170703774293,16.9587192299392,3,0.992141383704112
"44","George","Kuskokwim",1984,133983.940025568,5534.0530082697,64.546875,35,155.326888505464,1439.64612464939,12.7595482068663,16.4643453325383,15.5855089753338,0,3.64015182610712
"45","George","Kuskokwim",1985,170774.619969368,10239.8473048428,196.85938,95.015625,264.520321835866,1342.42793840034,15.4240715088621,14.4694307706558,13.5446133991699,0,8.13516978051337
"46","George","Kuskokwim",1986,165464.040049314,8189.84782947986,166.25,63.15625,46.9083938172119,1404.62531010011,11.4730138035128,16.4023698166387,16.0169021610686,0,1.21657412958687
"47","George","Kuskokwim",1987,123753.829952478,6312.34348769596,92.03125,68.40625,172.213076035724,1223.46679103365,10.8955343637547,14.8292617906875,14.2729810506452,0,2.61180874936399
"48","George","Kuskokwim",1988,104322.86007452,7265.11783831459,66.59375,45.5,89.4463430435351,1374.08923401333,14.2839923798125,17.4012227603863,16.3134079798049,2,0.548475988193275
"49","George","Kuskokwim",1989,194163.880046844,8482.97986788349,143,95.1875,148.593269774658,1180.11567431611,10.8480638526617,15.7344198010231,15.2340541760069,0,0
"50","George","Kuskokwim",1990,143872.650077105,7951.86631657513,114.640625,65.78125,238.902786924821,1574.2627718879,16.6494127745507,16.6645871898364,15.8550911087953,0,0
"51","George","Kuskokwim",1991,138985.340062618,5331.54309538726,74.640625,47.1875,114.644657689478,1478.24611339605,13.0443994047271,16.55824183581,16.2389051375147,0,0
"52","George","Kuskokwim",1992,153572.090009075,5345.73255191346,90.140625,39.484375,121.120553577632,1523.54466375035,15.10698667913,17.0206989324255,16.752450658494,1,19.5131790790787
"53","George","Kuskokwim",1993,166605.130063534,7257.48638124238,196.29688,68.625,93.4650885855303,1443.27356115822,16.1849950701763,17.9793097400625,17.2758658886597,5,2.93732077838476
"54","George","Kuskokwim",1994,248656.330003738,6197.72684230273,114.984375,78.59375,172.120335533406,1261.80789118634,11.6474099674403,14.65392551143,14.0333236295732,0,0
"55","George","Kuskokwim",1995,177537.559971929,6432.89533050076,86.296875,43.234375,32.3759558323719,1533.57173529212,13.9292185536201,17.6062805710671,16.2246648427419,1,0.606280571067117
"56","George","Kuskokwim",1996,148758.690025166,6222.61993499092,93.046875,41.328125,94.8445841568447,1465.69637165412,11.29865722873,18.0932224695521,17.9531203489368,20,13.0306314619987
"57","George","Kuskokwim",1997,228989.679997087,3893.76638149763,100.13281,25.171875,118.879560944427,1762.04310834473,16.3090006945514,17.6120540184071,17.2854863905145,10,3.1108274017763
"58","George","Kuskokwim",1998,121057.209989905,9157.11315850204,162.29688,102.9375,42.3661658383534,1302.82366702809,12.8075355930012,15.4969569595465,15.2751712838791,0,2.72823728110169
"59","George","Kuskokwim",1999,140369.560052881,6107.52440871198,88.421875,72.5625,62.361908966493,1405.10369907697,12.8029627261456,15.9565949798278,15.6185825382108,0,0
"60","George","Kuskokwim",2000,134001.709984422,5392.45621026884,95.84375,55.421875,70.427823804008,1376.8371259472,11.7287439288234,18.2807984543894,17.6918139132344,16,8.58575370877115
"61","George","Kuskokwim",2001,230961.969982803,9675.82407988482,105.25,65.21875,156.596130389819,1342.12084666076,13.9441418088726,14.5021532890306,13.5936425950715,0,0
"62","George","Kuskokwim",2002,162863.949995279,6312.3284868837,73.53125,36.015625,86.1782574764155,1498.52462057267,16.2711746653334,19.0105413317711,18.0988252260932,28,22.1781436402011
"63","George","Kuskokwim",2003,192258.170013309,7391.22829049724,99.09375,65.1875,94.294505056647,1368.8159617829,13.6997006614308,17.0782792850454,17.9123162347556,2,8.57714390973931
"64","George","Kuskokwim",2004,352029.029956652,6511.31575319254,64.61719,29.078125,178.022503395382,1673.03681719623,15.7151654528089,17.1353553179994,16.7385243641837,4,0.532462162961899
"65","George","Kuskokwim",2005,156986.930005461,7277.19473661843,81.02344,46.78125,109.01608399328,1610.37542571701,16.355532486276,18.6052794773099,18.2312386877292,33,22.254354411688
"66","George","Kuskokwim",2006,176505.249988556,6817.52954163232,145.25,53.1875,67.9558712096119,1358.83572654295,13.9425492703121,17.4518202565902,17.1798839864092,6,3.10524055329035
"67","George","Kuskokwim",2007,156092.810011864,8409.12763096564,87.3125,49.734375,39.5687565003815,1712.00109724118,13.2086173627203,18.246464158925,18.1084066934055,20,19.5186537529532
"68","George","Kuskokwim",2008,92782.4799770117,5413.28405185045,58.476562,57.96875,120.927782947633,1454.14451439555,13.9773220784567,13.7595487236133,13.4146926067567,0,0
"69","George","Kuskokwim",2009,121757.300265551,4903.67921033125,52.15625,28.78125,200.974976917493,1659.74416406549,15.8309203138865,17.2192036667365,16.7615509134468,4,0.5984559411717
"70","George","Kuskokwim",2010,176741.660037398,6180.02743469329,131.30469,49.421875,68.5728660731215,1463.19524491752,13.0490594751952,16.8999420323098,16.5728465353959,0,1.718633215628
"71","George","Kuskokwim",2011,143199.28994751,6177.66776436548,92.515625,45.609375,171.806822968986,1404.96687255677,11.8479739988405,16.3585555287376,15.30634261365,0,0.435301458227332
"72","George","Kuskokwim",2012,161613.11001101,9973.58405440258,184.1875,81.125,120.569768224778,1323.16936444344,11.8766213571763,15.0604242356798,14.4924466534321,0,0
"73","George","Kuskokwim",2013,192047.50998354,6132.49631780464,198.47656,48.25,111.511300851839,1493.72720902103,17.0641990908065,18.4261625628568,18.0072192418816,16,21.9679405452823
"74","George","Kuskokwim",2014,73527.9000247717,6271.66927705938,186.5625,46.03125,31.971966195243,1598.52055577824,15.0565250438598,17.1216574129587,16.9562614085752,1,0.600798645905048
"75","George","Kuskokwim",2015,230570.890050173,8183.08506789812,115.0625,44.03125,44.611188971772,1602.25979629154,15.6038899596721,18.1214134361272,17.8945924850354,23,18.3602610759165
"76","George","Kuskokwim",2016,187641.290008783,11583.0900654536,152.08594,74.8125,37.6548622873586,1625.58111300596,13.6529576646318,16.12742877714,15.9086394855354,0,0
"77","George","Kuskokwim",2017,176822.529975891,8361.50684395379,148.16406,50.484375,62.3198527915295,1655.60917488923,13.0571773261089,18.1214134361272,18.0646813778479,27,25.8048585783681
"78","George","Kuskokwim",2018,179023.640069829,9111.64381851758,95.71875,72.609375,111.517949299101,1451.26524786497,15.6047746757913,16.4615979146404,15.7917252358832,0,0
"79","Goodnews","Kuskokwim",1980,32772.1800523996,3120.00856266152,53.875,21.90625,8.76979972071478,1570.39459418594,13.9274340497028,15.1363948582575,14.2370984878323,0,0.36497223887606
"80","Goodnews","Kuskokwim",1981,43481.5899853706,1904.70664491164,47.578125,8.9375,29.3042056487304,1525.50312275737,14.9796135533724,16.5228919431197,15.6544368386116,0,6.86026069516965
"81","Goodnews","Kuskokwim",1982,57322.1899957657,3393.46749992825,96.296875,35.90625,90.4175566608342,1386.97171164552,14.2492154846223,15.2905683025074,14.724418120955,0,8.6244161118531
"82","Goodnews","Kuskokwim",1983,39797.5499910116,1529.82671077084,68.10156,10.34375,0.202696929925752,1541.75022422562,13.8527927677037,17.4170703774293,16.9587192299392,3,0.992141383704112
"83","Goodnews","Kuskokwim",1984,51935.5999958515,1500.43280967504,25.5,11.78125,12.1430440439242,1554.8710970968,14.6296355064198,16.4643453325383,15.5855089753338,0,3.64015182610712
"84","Goodnews","Kuskokwim",1985,43868.8600096703,1139.55046083342,74.203125,27.984375,16.5088384460225,1410.47550226746,14.9629129990712,14.4694307706558,13.5446133991699,0,8.13516978051337
"85","Goodnews","Kuskokwim",1986,55021.8199784756,1636.15993377733,51.421875,24.078125,7.07132175527961,1613.61007071598,13.2710791099471,16.4023698166387,16.0169021610686,0,1.21657412958687
"86","Goodnews","Kuskokwim",1987,50336.8900053501,1541.41980305987,47.570312,16.671875,2.87029372929074,1627.70126770829,15.0722465374552,14.8292617906875,14.2729810506452,0,2.61180874936399
"87","Goodnews","Kuskokwim",1988,49555.8599743843,999.243006456254,44.828125,18,200.021414936305,1412.99801805827,13.9314907788407,17.4012227603863,16.3134079798049,2,0.548475988193275
"88","Goodnews","Kuskokwim",1989,30359.449996233,1920.78881556066,70.453125,32.5,118.439065459574,1349.43149166253,12.6021514112527,15.7344198010231,15.2340541760069,0,0
"89","Goodnews","Kuskokwim",1990,46371.289988637,2276.21092135275,46.671875,20.65625,325.756194864637,1418.04065431976,15.119545539994,16.6645871898364,15.8550911087953,0,0
"90","Goodnews","Kuskokwim",1991,21397.6700139046,1310.17019650675,62.890625,19.90625,102.138811709884,1430.58297339211,13.0345933452388,16.55824183581,16.2389051375147,0,0
"91","Goodnews","Kuskokwim",1992,32175.4400225878,1527.50509894431,33.6875,13.8125,110.40862472799,1383.38376409461,13.4614270278276,17.0206989324255,16.752450658494,1,19.5131790790787
"92","Goodnews","Kuskokwim",1993,38530.5299992561,1927.4573684097,66.9375,32.28125,54.6700266011964,1561.91558249467,15.2742660225988,17.9793097400625,17.2758658886597,5,2.93732077838476
"93","Goodnews","Kuskokwim",1994,44498.3799901009,2093.96980232567,60.296875,23.96875,72.3053804761736,1436.4764524444,13.5361161286788,14.65392551143,14.0333236295732,0,0
"94","Goodnews","Kuskokwim",1995,32513.7799998522,1879.78454018084,52.5625,18.28125,2.80624832681943,1709.88379867393,14.2899544792812,17.6062805710671,16.2246648427419,1,0.606280571067117
"95","Goodnews","Kuskokwim",1996,33167.7899855375,1741.93797390768,46.554688,13.1875,28.1048731810907,1483.21809111632,13.235030173186,18.0932224695521,17.9531203489368,20,13.0306314619987
"96","Goodnews","Kuskokwim",1997,30213.5000071526,1569.05855316631,61.429688,11.875,64.2928838793522,1697.01308885575,16.6532252613393,17.6120540184071,17.2854863905145,10,3.1108274017763
"97","Goodnews","Kuskokwim",1998,29805.3700077534,1641.55223716673,60.375,21.90625,12.3064085256274,1447.70093505635,14.0285097391967,15.4969569595465,15.2751712838791,0,2.72823728110169
"98","Goodnews","Kuskokwim",1999,23777.3299828321,1593.31506706115,50.1875,16.078125,40.4428037253814,1559.26633194282,14.7303988997788,15.9565949798278,15.6185825382108,0,0
"99","Goodnews","Kuskokwim",2000,36660.1699819565,1775.70967311193,57.984375,16.59375,22.2737115540396,1435.64279903634,13.6710444441483,18.2807984543894,17.6918139132344,16,8.58575370877115
"100","Goodnews","Kuskokwim",2001,40158.500012219,1439.19828934756,69.453125,13.4375,25.5301335319499,1464.48934559742,14.7341385964703,14.5021532890306,13.5936425950715,0,0
"101","Goodnews","Kuskokwim",2002,38622.810005188,1923.80204012238,59.742188,11.28125,26.1082910695604,1550.99516342521,16.030114273383,19.0105413317711,18.0988252260932,28,22.1781436402011
"102","Goodnews","Kuskokwim",2003,30505.8600159883,1734.83519634712,44.578125,20.03125,0.268384512578534,1577.6571254383,16.2396837779164,17.0782792850454,17.9123162347556,2,8.57714390973931
"103","Goodnews","Kuskokwim",2004,48057.6799672246,1800.82673189425,52.5,7.5625,55.5989719182054,1718.59532227142,16.6929919777857,17.1353553179994,16.7385243641837,4,0.532462162961899
"104","Goodnews","Kuskokwim",2005,31015.4799787365,2082.44217084466,60.335938,19.546875,52.14547398953,1766.0634605592,17.1757756391788,18.6052794773099,18.2312386877292,33,22.254354411688
"105","Goodnews","Kuskokwim",2006,39784.7499976158,1776.12171101182,93.140625,8.515625,58.4356741325878,1479.52103426043,14.035112013365,17.4518202565902,17.1798839864092,6,3.10524055329035
"106","Goodnews","Kuskokwim",2007,48238.5099738836,2000.29506612986,72.984375,13.96875,17.5946594958948,1602.3209636949,15.1668675609129,18.246464158925,18.1084066934055,20,19.5186537529532
"107","Goodnews","Kuskokwim",2008,35288.7499796003,1352.06281006714,21.578125,16.1875,88.2508945337762,1496.0573688545,15.107929673998,13.7595487236133,13.4146926067567,0,0
"108","Goodnews","Kuskokwim",2009,33430.7000000477,1652.90546130852,60.03125,16.15625,134.079919771773,1481.34800741525,13.1565794288006,17.2192036667365,16.7615509134468,4,0.5984559411717
"109","Goodnews","Kuskokwim",2010,40851.3500306159,2147.37006533085,68.65625,20.359375,109.068865110145,1360.34103646571,11.5384336871669,16.8999420323098,16.5728465353959,0,1.718633215628
"110","Goodnews","Kuskokwim",2011,27048.199985981,1544.55921075076,34.429688,16.078125,155.62991991285,1328.08539975237,13.2568232318484,16.3585555287376,15.30634261365,0,0.435301458227332
"111","Goodnews","Kuskokwim",2012,39658.8800241947,2263.61339830358,53.859375,22.75,135.791481832955,1406.69096835635,15.2682547378355,15.0604242356798,14.4924466534321,0,0
"112","Goodnews","Kuskokwim",2013,36410.5399875641,1291.15848635441,78.359375,17.71875,58.2005074097413,1564.46747317784,17.1075508763044,18.4261625628568,18.0072192418816,16,21.9679405452823
"113","Goodnews","Kuskokwim",2014,26940.100022316,1457.11697411031,45.1875,8.125,5.88510012976795,1908.5487719988,16.7741268676905,17.1216574129587,16.9562614085752,1,0.600798645905048
"114","Goodnews","Kuskokwim",2015,54189.9900033288,1984.87394737702,36.796875,8.34375,0,1788.57373570578,18.2706528767545,18.1214134361272,17.8945924850354,23,18.3602610759165
"115","Goodnews","Kuskokwim",2016,36411.6799798012,2069.12640527798,53.140625,16.1875,1.60093457860566,1897.60797045663,15.1662187587061,16.12742877714,15.9086394855354,0,0
"116","Goodnews","Kuskokwim",2017,33924.9800342321,1917.74815846797,56.242188,15.265625,47.9842591024687,1773.26155472081,15.312284807314,18.1214134361272,18.0646813778479,27,25.8048585783681
"117","Goodnews","Kuskokwim",2018,38696.750026226,2150.63710538625,63.296875,23.234375,11.1673030551767,1659.7898946311,13.7728600929907,16.4615979146404,15.7917252358832,0,0
"118","Holitna","Kuskokwim",1980,620633.580087423,43983.4798704935,320.375,340.28125,16.266954990894,1406.72468500224,13.4330711306553,15.1363948582575,14.2370984878323,0,0.36497223887606
"119","Holitna","Kuskokwim",1981,604784.159919739,37870.4198081642,189.10938,160.35938,41.1897298212342,1300.5367840856,12.5479676978983,16.5228919431197,15.6544368386116,0,6.86026069516965
"120","Holitna","Kuskokwim",1982,913615.859896183,52656.8959905607,490.875,260.48438,82.797423685108,1253.03843081521,12.5963661852327,15.2905683025074,14.724418120955,0,8.6244161118531
"121","Holitna","Kuskokwim",1983,947152.800044453,23053.5976398761,270.58594,131.15625,8.99240659735362,1554.66842174183,14.4465929393602,17.4170703774293,16.9587192299392,3,0.992141383704112
"122","Holitna","Kuskokwim",1984,895834.85996151,22256.7731391558,146.64062,110.71875,84.1869179263147,1439.64612464939,12.7595482068663,16.4643453325383,15.5855089753338,0,3.64015182610712
"123","Holitna","Kuskokwim",1985,968850.810247421,43714.8984949263,403.96875,219.98438,106.163443125786,1342.42793840034,15.4240715088621,14.4694307706558,13.5446133991699,0,8.13516978051337
"124","Holitna","Kuskokwim",1986,754561.069939792,37746.4326335818,480.78125,188.4375,26.8565658511733,1404.62531010011,11.4730138035128,16.4023698166387,16.0169021610686,0,1.21657412958687
"125","Holitna","Kuskokwim",1987,810112.36011342,30901.4719826697,246.8125,274.35938,87.7552567213405,1223.46679103365,10.8955343637547,14.8292617906875,14.2729810506452,0,2.61180874936399
"126","Holitna","Kuskokwim",1988,556344.000118509,25939.4264110784,242.40625,192.4375,124.494098285315,1374.08923401333,14.2839923798125,17.4012227603863,16.3134079798049,2,0.548475988193275
"127","Holitna","Kuskokwim",1989,652586.960207175,34580.8136919621,481.46875,365.28125,86.1323695563894,1180.11567431611,10.8480638526617,15.7344198010231,15.2340541760069,0,0
"128","Holitna","Kuskokwim",1990,674231.270108879,26300.088094046,320.71875,248.32812,189.466304664354,1574.2627718879,16.6494127745507,16.6645871898364,15.8550911087953,0,0
"129","Holitna","Kuskokwim",1991,408072.250250168,19351.4208595927,353.46875,213.59375,78.5618913528831,1478.24611339605,13.0443994047271,16.55824183581,16.2389051375147,0,0
"130","Holitna","Kuskokwim",1992,603373.960046005,24895.5739234757,323.29688,183.67188,94.161095118507,1523.54466375035,15.10698667913,17.0206989324255,16.752450658494,1,19.5131790790787
"131","Holitna","Kuskokwim",1993,649695.499997828,29189.6848076935,488.90625,246.67188,115.310869723257,1443.27356115822,16.1849950701763,17.9793097400625,17.2758658886597,5,2.93732077838476
"132","Holitna","Kuskokwim",1994,771414.75997623,27434.6827661167,306.03125,261.78125,165.390299499309,1261.80789118634,11.6474099674403,14.65392551143,14.0333236295732,0,0
"133","Holitna","Kuskokwim",1995,858489.670053659,38250.7613233704,293.45312,252.73438,33.4123910697749,1533.57173529212,13.9292185536201,17.6062805710671,16.2246648427419,1,0.606280571067117
"134","Holitna","Kuskokwim",1996,713977.409969985,30502.8922278807,199.32812,150.71875,63.8634455049948,1465.69637165412,11.29865722873,18.0932224695521,17.9531203489368,20,13.0306314619987
"135","Holitna","Kuskokwim",1997,585372.090098783,22680.8167791854,499.02344,95.359375,90.9933869421564,1762.04310834473,16.3090006945514,17.6120540184071,17.2854863905145,10,3.1108274017763
"136","Holitna","Kuskokwim",1998,752572.480088234,43447.0151304042,251.75,221.25,36.603987691959,1302.82366702809,12.8075355930012,15.4969569595465,15.2751712838791,0,2.72823728110169
"137","Holitna","Kuskokwim",1999,660891.410057273,34445.0667811142,302.07812,201.48438,69.2453332595784,1405.10369907697,12.8029627261456,15.9565949798278,15.6185825382108,0,0
"138","Holitna","Kuskokwim",2000,682814.230170377,30221.833139602,242.30469,139.03125,60.4513025207424,1376.8371259472,11.7287439288234,18.2807984543894,17.6918139132344,16,8.58575370877115
"139","Holitna","Kuskokwim",2001,1020124.57001179,39419.5626351433,197.09375,210.9375,102.741253520321,1342.12084666076,13.9441418088726,14.5021532890306,13.5936425950715,0,0
"140","Holitna","Kuskokwim",2002,948952.079859495,35140.6282152965,290.5,146.45312,56.2600340942678,1498.52462057267,16.2711746653334,19.0105413317711,18.0988252260932,28,22.1781436402011
"141","Holitna","Kuskokwim",2003,937717.040236322,29159.2903358364,355.875,180.46875,51.7802737764651,1368.8159617829,13.6997006614308,17.0782792850454,17.9123162347556,2,8.57714390973931
"142","Holitna","Kuskokwim",2004,1100521.50982491,32657.58823214,162.57031,114.765625,105.867158240458,1673.03681719623,15.7151654528089,17.1353553179994,16.7385243641837,4,0.532462162961899
"143","Holitna","Kuskokwim",2005,768800.219914855,37691.5965812357,184.75,135.89062,73.139227077291,1610.37542571701,16.355532486276,18.6052794773099,18.2312386877292,33,22.254354411688
"144","Holitna","Kuskokwim",2006,849461.300104022,32662.8990845574,565.8047,198.34375,78.677332777381,1358.83572654295,13.9425492703121,17.4518202565902,17.1798839864092,6,3.10524055329035
"145","Holitna","Kuskokwim",2007,824135.590034546,32750.6452684045,264.60156,201.51562,36.9159465675552,1712.00109724118,13.2086173627203,18.246464158925,18.1084066934055,20,19.5186537529532
"146","Holitna","Kuskokwim",2008,695496.20015966,26812.9872589233,240.39844,213.4375,144.370530215985,1454.14451439555,13.9773220784567,13.7595487236133,13.4146926067567,0,0
"147","Holitna","Kuskokwim",2009,789538.809902497,29663.6195410915,247.29688,173.4375,216.86696637115,1659.74416406549,15.8309203138865,17.2192036667365,16.7615509134468,4,0.5984559411717
"148","Holitna","Kuskokwim",2010,658714.920019494,31353.2328307654,392.03125,230.1875,79.6179771555597,1463.19524491752,13.0490594751952,16.8999420323098,16.5728465353959,0,1.718633215628
"149","Holitna","Kuskokwim",2011,672819.379941463,33590.4742824315,191.88281,175.98438,129.861533267648,1404.96687255677,11.8479739988405,16.3585555287376,15.30634261365,0,0.435301458227332
"150","Holitna","Kuskokwim",2012,955719.550096383,47600.2071322523,486,308.96875,103.183713908061,1323.16936444344,11.8766213571763,15.0604242356798,14.4924466534321,0,0
"151","Holitna","Kuskokwim",2013,762428.240048446,29389.8009904546,471.96094,167.54688,87.1641000517029,1493.72720902103,17.0641990908065,18.4261625628568,18.0072192418816,16,21.9679405452823
"152","Holitna","Kuskokwim",2014,491927.360039378,33623.4857946069,410.3828,183.42188,20.9345005686336,1598.52055577824,15.0565250438598,17.1216574129587,16.9562614085752,1,0.600798645905048
"153","Holitna","Kuskokwim",2015,1671459.75019932,45107.7886246885,193.88281,168.75,17.0534999098852,1602.25979629154,15.6038899596721,18.1214134361272,17.8945924850354,23,18.3602610759165
"154","Holitna","Kuskokwim",2016,998320.160084724,53400.9579136576,406.10938,207.3125,43.0719660332792,1625.58111300596,13.6529576646318,16.12742877714,15.9086394855354,0,0
"155","Holitna","Kuskokwim",2017,757683.240013361,37474.488820452,323.96094,174.79688,64.5647205606693,1655.60917488923,13.0571773261089,18.1214134361272,18.0646813778479,27,25.8048585783681
"156","Holitna","Kuskokwim",2018,994468.550015211,41537.4648070998,310.27344,238.34375,97.0561151597438,1451.26524786497,15.6047746757913,16.4615979146404,15.7917252358832,0,0
"157","Holokuk","Kuskokwim",1980,48900.4899945259,3177.26679734749,42.359375,42.359375,29.5352230202886,1406.72468500224,13.4330711306553,15.1363948582575,14.2370984878323,0,0.36497223887606
"158","Holokuk","Kuskokwim",1981,41334.2799921036,2599.13927632003,45.625,16.375,114.159356985861,1300.5367840856,12.5479676978983,16.5228919431197,15.6544368386116,0,6.86026069516965
"159","Holokuk","Kuskokwim",1982,60840.2600142956,3534.61171110527,70.21875,26.1875,133.973945316688,1253.03843081521,12.5963661852327,15.2905683025074,14.724418120955,0,8.6244161118531
"160","Holokuk","Kuskokwim",1983,57845.3899893761,1811.08802724499,53.710938,10.78125,20.6712006974588,1554.66842174183,14.4465929393602,17.4170703774293,16.9587192299392,3,0.992141383704112
"161","Holokuk","Kuskokwim",1984,57444.3300127983,1666.03954228469,26.578125,11.546875,116.510428924299,1439.64612464939,12.7595482068663,16.4643453325383,15.5855089753338,0,3.64015182610712
"162","Holokuk","Kuskokwim",1985,68059.9599785805,2834.36315780172,78.5625,33.625,160.677006952145,1342.42793840034,15.4240715088621,14.4694307706558,13.5446133991699,0,8.13516978051337
"163","Holokuk","Kuskokwim",1986,52931.3899888992,2541.37177645297,74.4375,20.15625,18.3908576662708,1404.62531010011,11.4730138035128,16.4023698166387,16.0169021610686,0,1.21657412958687
"164","Holokuk","Kuskokwim",1987,41870.9000086784,1905.58276372521,33.84375,27.921875,158.640617436038,1223.46679103365,10.8955343637547,14.8292617906875,14.2729810506452,0,2.61180874936399
"165","Holokuk","Kuskokwim",1988,47570.4300000668,2466.00745175964,38.640625,18.0625,148.784279425803,1374.08923401333,14.2839923798125,17.4012227603863,16.3134079798049,2,0.548475988193275
"166","Holokuk","Kuskokwim",1989,65015.3700022697,3205.62565773681,62.109375,33.828125,156.535351781044,1180.11567431611,10.8480638526617,15.7344198010231,15.2340541760069,0,0
"167","Holokuk","Kuskokwim",1990,50893.1599931717,2761.23197449587,54.328125,16.65625,310.007041603991,1574.2627718879,16.6494127745507,16.6645871898364,15.8550911087953,0,0
"168","Holokuk","Kuskokwim",1991,29449.3300628662,1734.48500067429,48.59375,20.65625,134.07879075955,1478.24611339605,13.0443994047271,16.55824183581,16.2389051375147,0,0
"169","Holokuk","Kuskokwim",1992,53352.9299659729,2293.63359526994,57.8125,17,167.545437349872,1523.54466375035,15.10698667913,17.0206989324255,16.752450658494,1,19.5131790790787
"170","Holokuk","Kuskokwim",1993,57279.7501780987,2451.63684334763,71.984375,28.21875,129.510000009684,1443.27356115822,16.1849950701763,17.9793097400625,17.2758658886597,5,2.93732077838476
"171","Holokuk","Kuskokwim",1994,72063.5900065899,2176.27611886514,45.453125,32.625,211.422118290006,1261.80789118634,11.6474099674403,14.65392551143,14.0333236295732,0,0
"172","Holokuk","Kuskokwim",1995,59419.0699672699,3062.01697422878,47.992188,31.375,61.3218096378124,1533.57173529212,13.9292185536201,17.6062805710671,16.2246648427419,1,0.606280571067117
"173","Holokuk","Kuskokwim",1996,38679.9400051236,2164.20921580288,47.28125,20.09375,83.4814236675282,1465.69637165412,11.29865722873,18.0932224695521,17.9531203489368,20,13.0306314619987
"174","Holokuk","Kuskokwim",1997,55374.9500475414,1723.34230278864,49.835938,9.796875,135.973267563416,1762.04310834473,16.3090006945514,17.6120540184071,17.2854863905145,10,3.1108274017763
"175","Holokuk","Kuskokwim",1998,46448.0800824165,3323.12815796123,51.921875,34.125,92.052187019924,1302.82366702809,12.8075355930012,15.4969569595465,15.2751712838791,0,2.72823728110169
"176","Holokuk","Kuskokwim",1999,67392.4699761868,2919.23690798408,46.140625,24.046875,67.4774870864319,1405.10369907697,12.8029627261456,15.9565949798278,15.6185825382108,0,0
"177","Holokuk","Kuskokwim",2000,44517.6800055504,2697.2715037787,37.1875,20.40625,106.147470022761,1376.8371259472,11.7287439288234,18.2807984543894,17.6918139132344,16,8.58575370877115
"178","Holokuk","Kuskokwim",2001,99724.15001297,4194.07756501172,40.90625,24.53125,228.83464816504,1342.12084666076,13.9441418088726,14.5021532890306,13.5936425950715,0,0
"179","Holokuk","Kuskokwim",2002,60765.4800212383,2603.24407833834,32.367188,14.71875,78.6508489186727,1498.52462057267,16.2711746653334,19.0105413317711,18.0988252260932,28,22.1781436402011
"180","Holokuk","Kuskokwim",2003,75354.040037632,2653.73046150333,62.53125,25.71875,100.802281243928,1368.8159617829,13.6997006614308,17.0782792850454,17.9123162347556,2,8.57714390973931
"181","Holokuk","Kuskokwim",2004,72518.1800105572,2702.10856171215,26.546875,10.859375,156.286518044578,1673.03681719623,15.7151654528089,17.1353553179994,16.7385243641837,4,0.532462162961899
"182","Holokuk","Kuskokwim",2005,59876.6900165081,2963.51796014661,46.046875,15.46875,119.658121668454,1610.37542571701,16.355532486276,18.6052794773099,18.2312386877292,33,22.254354411688
"183","Holokuk","Kuskokwim",2006,67019.2600274086,2715.50717040464,103.953125,19.09375,85.1718695625842,1358.83572654295,13.9425492703121,17.4518202565902,17.1798839864092,6,3.10524055329035
"184","Holokuk","Kuskokwim",2007,52982.1300218105,2665.40111888278,47.601562,25.6875,59.3255831913106,1712.00109724118,13.2086173627203,18.246464158925,18.1084066934055,20,19.5186537529532
"185","Holokuk","Kuskokwim",2008,52140.8800429106,2032.39307180456,30.671875,24.21875,187.975180126995,1454.14451439555,13.9773220784567,13.7595487236133,13.4146926067567,0,0
"186","Holokuk","Kuskokwim",2009,45285.3299901485,2356.18138089894,40.335938,16.0625,211.655505931193,1659.74416406549,15.8309203138865,17.2192036667365,16.7615509134468,4,0.5984559411717
"187","Holokuk","Kuskokwim",2010,46738.6200267896,2402.06216953464,59.875,26.59375,93.0131217832222,1463.19524491752,13.0490594751952,16.8999420323098,16.5728465353959,0,1.718633215628
"188","Holokuk","Kuskokwim",2011,45697.5299928188,2254.73184252354,46.03125,23.15625,156.362332751371,1404.96687255677,11.8479739988405,16.3585555287376,15.30634261365,0,0.435301458227332
"189","Holokuk","Kuskokwim",2012,71657.6799994707,3646.1362101321,81.25,34.96875,142.775788832283,1323.16936444344,11.8766213571763,15.0604242356798,14.4924466534321,0,0
"190","Holokuk","Kuskokwim",2013,61240.719967246,2292.01473725045,87.53125,15.4375,139.037821637214,1493.72720902103,17.0641990908065,18.4261625628568,18.0072192418816,16,21.9679405452823
"191","Holokuk","Kuskokwim",2014,30961.7599391937,2480.86796202066,105.359375,18.28125,48.6584820264813,1598.52055577824,15.0565250438598,17.1216574129587,16.9562614085752,1,0.600798645905048
"192","Holokuk","Kuskokwim",2015,114853.370076656,3432.40723756358,48.1875,19.75,53.2867924099721,1602.25979629154,15.6038899596721,18.1214134361272,17.8945924850354,23,18.3602610759165
"193","Holokuk","Kuskokwim",2016,63310.7700068951,3920.017843356,80.265625,31.984375,28.5034905441415,1625.58111300596,13.6529576646318,16.12742877714,15.9086394855354,0,0
"194","Holokuk","Kuskokwim",2017,70940.0699925423,2986.40539652879,78.890625,28.25,98.6314065844894,1655.60917488923,13.0571773261089,18.1214134361272,18.0646813778479,27,25.8048585783681
"195","Holokuk","Kuskokwim",2018,62181.629989624,3030.57947615122,50.875,28.03125,128.288799217185,1451.26524786497,15.6047746757913,16.4615979146404,15.7917252358832,0,0
"196","Kisaralik","Kuskokwim",1980,105229.410014868,10495.0888890154,108.67969,73.96875,20.7406427646238,1662.97205229983,13.8903857333984,15.1363948582575,14.2370984878323,0,0.36497223887606
"197","Kisaralik","Kuskokwim",1981,108732.740045309,6226.65980166665,119.234375,42.59375,96.8295271711064,1717.17441410091,14.4885263968601,16.5228919431197,15.6544368386116,0,6.86026069516965
"198","Kisaralik","Kuskokwim",1982,178310.090043068,10198.727236041,142.04688,65.8125,168.512198088484,1521.15396242022,13.8033137372418,15.2905683025074,14.724418120955,0,8.6244161118531
"199","Kisaralik","Kuskokwim",1983,133560.340006113,4877.536644577,186.28125,27.265625,14.1118396654929,1718.01831280373,13.4340472626109,17.4170703774293,16.9587192299392,3,0.992141383704112
"200","Kisaralik","Kuskokwim",1984,136539.159984589,4980.72398385902,96.265625,27.265625,88.1538751191392,1495.22431261475,13.0227206551572,16.4643453325383,15.5855089753338,0,3.64015182610712
"201","Kisaralik","Kuskokwim",1985,170703.680339575,5792.23519915619,155.65625,81.625,67.344314765437,1616.27736894355,15.2058715880253,14.4694307706558,13.5446133991699,0,8.13516978051337
"202","Kisaralik","Kuskokwim",1986,143965.150005341,6419.09197196247,141.76562,40.9375,6.63427041078039,1674.7787308086,13.1989433854756,16.4023698166387,16.0169021610686,0,1.21657412958687
"203","Kisaralik","Kuskokwim",1987,147310.800076485,5216.87125117758,57.78125,39.65625,113.878666320057,1471.89470070272,13.3431723523487,14.8292617906875,14.2729810506452,0,2.61180874936399
"204","Kisaralik","Kuskokwim",1988,164482.539911032,6214.27548799016,70.125,32.9375,335.094957746964,1647.63427703917,13.749290288124,17.4012227603863,16.3134079798049,2,0.548475988193275
"205","Kisaralik","Kuskokwim",1989,141902.480130672,7335.81684278188,122.28125,86.578125,163.60362007189,1563.42369179085,13.8406658730424,15.7344198010231,15.2340541760069,0,0
"206","Kisaralik","Kuskokwim",1990,141065.09997797,8707.54104967023,143,54.3125,393.55852259117,1675.56276406412,14.1828902388485,16.6645871898364,15.8550911087953,0,0
"207","Kisaralik","Kuskokwim",1991,82657.6700130105,4130.63486603739,80.890625,37.65625,146.229113482619,1433.3277316073,12.8020425200605,16.55824183581,16.2389051375147,0,0
"208","Kisaralik","Kuskokwim",1992,118045.349960089,5765.1271209878,102.890625,31.8125,158.06251567873,1367.33742149884,12.8700547812264,17.0206989324255,16.752450658494,1,19.5131790790787
"209","Kisaralik","Kuskokwim",1993,145559.750097275,6512.10914776675,144.90625,78,109.341270799077,1729.98042096411,13.9893130230552,17.9793097400625,17.2758658886597,5,2.93732077838476
"210","Kisaralik","Kuskokwim",1994,177872.700014591,6376.5832900666,134.5,75.921875,159.085186555635,1379.43838663908,12.6159488529009,14.65392551143,14.0333236295732,0,0
"211","Kisaralik","Kuskokwim",1995,153358.279740095,9449.21467074811,101.94531,58.375,36.7925452425874,1804.27185912834,14.2782459936748,17.6062805710671,16.2246648427419,1,0.606280571067117
"212","Kisaralik","Kuskokwim",1996,96933.6095564365,5426.77568768933,102.84375,37.796875,59.7734207833963,1586.67044747941,13.3100595127514,18.0932224695521,17.9531203489368,20,13.0306314619987
"213","Kisaralik","Kuskokwim",1997,124303.609931707,5247.26230225771,116.88281,31.3125,113.003143652982,1704.09549700387,14.7726255951326,17.6120540184071,17.2854863905145,10,3.1108274017763
"214","Kisaralik","Kuskokwim",1998,120516.969817519,7029.23499904428,100.59375,54.75,58.2052789747297,1679.30624509807,14.0548126270315,15.4969569595465,15.2751712838791,0,2.72823728110169
"215","Kisaralik","Kuskokwim",1999,133566.460038066,6932.77125048003,73.4375,48.3125,54.4621093251144,1701.83338754649,14.7422798639967,15.9565949798278,15.6185825382108,0,0
"216","Kisaralik","Kuskokwim",2000,117432.929995265,6701.73542641101,109.8125,51.03125,62.1889988364088,1689.04215778906,14.7216081906599,18.2807984543894,17.6918139132344,16,8.58575370877115
"217","Kisaralik","Kuskokwim",2001,245522.879766226,10634.3136750272,134.32812,50.5625,150.322670819269,1514.97016721214,13.6469763719969,14.5021532890306,13.5936425950715,0,0
"218","Kisaralik","Kuskokwim",2002,166510.040002584,6765.33230237434,103.578125,31.28125,44.6451422374628,1875.39701882904,15.8756217986012,19.0105413317711,18.0988252260932,28,22.1781436402011
"219","Kisaralik","Kuskokwim",2003,160321.179917812,6411.3607222957,130.48438,38.25,58.4537569557691,1799.14736001636,15.4112348671317,17.0782792850454,17.9123162347556,2,8.57714390973931
"220","Kisaralik","Kuskokwim",2004,167211.369981848,7288.58450583358,106.734375,21.296875,105.130705551243,1885.65031028981,14.6657342070698,17.1353553179994,16.7385243641837,4,0.532462162961899
"221","Kisaralik","Kuskokwim",2005,155263.999818563,7782.2189430061,141.60938,29.9375,102.018415310835,1739.76526935741,14.247687580785,18.6052794773099,18.2312386877292,33,22.254354411688
"222","Kisaralik","Kuskokwim",2006,147159.659977198,7034.3057858051,170.91406,43.867188,89.5962394218318,1697.04133562686,13.9765360273701,17.4518202565902,17.1798839864092,6,3.10524055329035
"223","Kisaralik","Kuskokwim",2007,128588.760044813,7728.53881124943,115.14844,35.703125,53.6604654744053,1789.84937107218,15.6457672289619,18.246464158925,18.1084066934055,20,19.5186537529532
"224","Kisaralik","Kuskokwim",2008,126648.980022967,5968.62091580418,81.19531,37.828125,202.623387376541,1598.5287226823,13.9748279817609,13.7595487236133,13.4146926067567,0,0
"225","Kisaralik","Kuskokwim",2009,109364.870022774,5043.8824990791,84.92969,22.53125,159.246261731963,1703.29448426781,14.2034691088401,17.2192036667365,16.7615509134468,4,0.5984559411717
"226","Kisaralik","Kuskokwim",2010,109182.889998436,5754.22263107,184.61719,56.46875,78.505138519817,1569.82029899155,13.376679778451,16.8999420323098,16.5728465353959,0,1.718633215628
"227","Kisaralik","Kuskokwim",2011,115212.619975924,5477.54566160417,111.5,54.59375,120.667166620768,1464.47571342231,12.9350505202048,16.3585555287376,15.30634261365,0,0.435301458227332
"228","Kisaralik","Kuskokwim",2012,129183.309922814,8043.8007202883,142.45312,72.296875,155.298108628283,1334.76802056726,12.991936382288,15.0604242356798,14.4924466534321,0,0
"229","Kisaralik","Kuskokwim",2013,131607.019994736,5260.09203754122,147.99219,34.859375,133.75504981648,1556.17367750436,14.0407327624575,18.4261625628568,18.0072192418816,16,21.9679405452823
"230","Kisaralik","Kuskokwim",2014,87611.4900405407,5842.96862161683,88.77344,24.34375,16.7031917258475,1857.57285674861,15.0307779993436,17.1216574129587,16.9562614085752,1,0.600798645905048
"231","Kisaralik","Kuskokwim",2015,248142.409750581,8772.6072999078,174.89062,28.40625,22.9633838426051,1834.82361099687,15.5342189098131,18.1214134361272,17.8945924850354,23,18.3602610759165
"232","Kisaralik","Kuskokwim",2016,146502.820011377,9281.50091575371,105,51,42.6384447044939,1935.84103703392,15.4611131335939,16.12742877714,15.9086394855354,0,0
"233","Kisaralik","Kuskokwim",2017,169506.469983101,8662.72960283034,208.92969,38.90625,90.2170594338346,1805.45269831217,14.8653197407083,18.1214134361272,18.0646813778479,27,25.8048585783681
"234","Kisaralik","Kuskokwim",2018,139569.990007877,7990.07710710108,182.6875,64.84375,100.786087948588,1746.08788749443,14.0816861039102,16.4615979146404,15.7917252358832,0,0
"235","Kogrukluk","Kuskokwim",1980,83019.3700144291,5649.40947712599,76.25,76.078125,23.7250411241713,1253.50534865176,11.3826893724015,15.1363948582575,14.2370984878323,0,0.36497223887606
"236","Kogrukluk","Kuskokwim",1981,85214.4499983788,5112.42203871259,38.328125,33.359375,54.9591534120424,1393.56889457862,13.3036698259423,16.5228919431197,15.6544368386116,0,6.86026069516965
"237","Kogrukluk","Kuskokwim",1982,132221.919970512,7561.20322452856,87.171875,51.8125,125.256376402125,1171.11902824517,12.3696040650124,15.2905683025074,14.724418120955,0,8.6244161118531
"238","Kogrukluk","Kuskokwim",1983,107200.220010757,2943.66427842443,81.1875,26.671875,6.53586356790964,1322.39200912643,12.4564617546525,17.4170703774293,16.9587192299392,3,0.992141383704112
"239","Kogrukluk","Kuskokwim",1984,113347.869973183,2592.6867970494,24.90625,21.75,66.3146541468118,1414.06373709044,12.5446694834714,16.4643453325383,15.5855089753338,0,3.64015182610712
"240","Kogrukluk","Kuskokwim",1985,149535.300080776,4759.20460554918,75.953125,50.53125,85.1976971527085,1109.153772628,12.1266256502998,14.4694307706558,13.5446133991699,0,8.13516978051337
"241","Kogrukluk","Kuskokwim",1986,115858.46992445,5385.75361968851,90.84375,44.140625,19.9643396327734,1323.07851355862,11.1886208612046,16.4023698166387,16.0169021610686,0,1.21657412958687
"242","Kogrukluk","Kuskokwim",1987,149221.980045557,4330.11638328982,44.515625,46.40625,74.1445379215678,1345.37145192109,12.9579213602745,14.8292617906875,14.2729810506452,0,2.61180874936399
"243","Kogrukluk","Kuskokwim",1988,80966.5800185204,3447.8808514658,52.0625,42.046875,162.741262704437,1336.2823385807,13.1493877409523,17.4012227603863,16.3134079798049,2,0.548475988193275
"244","Kogrukluk","Kuskokwim",1989,81187.860024929,5324.90815856818,98.140625,64.5625,101.512786676991,1181.36837314731,12.4234715835246,15.7344198010231,15.2340541760069,0,0
"245","Kogrukluk","Kuskokwim",1990,89175.9500498772,4256.37065852002,63.5,44.65625,255.075887738188,1412.5412598781,14.0071013730319,16.6645871898364,15.8550911087953,0,0
"246","Kogrukluk","Kuskokwim",1991,58016.40010643,3197.76033031186,77.34375,48.25,128.522506208194,1244.54537195638,11.3437774818325,16.55824183581,16.2389051375147,0,0
"247","Kogrukluk","Kuskokwim",1992,75265.6899676323,3921.0122877066,57.796875,33.046875,132.049651726814,1189.5692435681,11.8739503987793,17.0206989324255,16.752450658494,1,19.5131790790787
"248","Kogrukluk","Kuskokwim",1993,91786.800041914,4879.30164492321,85.296875,52.328125,122.657131060345,1275.33292823475,12.0588941023703,17.9793097400625,17.2758658886597,5,2.93732077838476
"249","Kogrukluk","Kuskokwim",1994,112973.480011463,4514.47730353426,79,56.6875,176.065137954513,1332.52799928233,13.5567677190805,14.65392551143,14.0333236295732,0,0
"250","Kogrukluk","Kuskokwim",1995,98692.2399904728,6380.90829102028,71.07031,54.03125,38.4621383642078,1496.87971822951,12.7699590595987,17.6062805710671,16.2246648427419,1,0.606280571067117
"251","Kogrukluk","Kuskokwim",1996,77224.2799957991,4214.10601303004,39.03125,31.8125,75.5684277110476,1419.07662022712,11.8405402764011,18.0932224695521,17.9531203489368,20,13.0306314619987
"252","Kogrukluk","Kuskokwim",1997,81914.17010355,3727.70776320161,111.078125,20.875,101.874092818114,1401.73110219428,14.3380903260264,17.6120540184071,17.2854863905145,10,3.1108274017763
"253","Kogrukluk","Kuskokwim",1998,82891.4099330902,5952.5348019749,41.03125,39.953125,46.3071940375459,1415.30513896718,13.4288918127681,15.4969569595465,15.2751712838791,0,2.72823728110169
"254","Kogrukluk","Kuskokwim",1999,84108.4999723434,5103.65750032255,57.390625,41.703125,73.8950459794486,1372.62314951879,12.8007094361536,15.9565949798278,15.6185825382108,0,0
"255","Kogrukluk","Kuskokwim",2000,84642.3500160687,4472.99875954522,37.84375,33.28125,61.224973434057,1387.03102764236,11.8914419177947,18.2807984543894,17.6918139132344,16,8.58575370877115
"256","Kogrukluk","Kuskokwim",2001,154457.560040951,5731.58954287085,45.9375,37.453125,112.78771160995,1226.79787683509,12.4657408615239,14.5021532890306,13.5936425950715,0,0
"257","Kogrukluk","Kuskokwim",2002,122827.559972286,4823.531708089,59.335938,27.9375,53.5072327712105,1465.71815300278,14.4261673806012,19.0105413317711,18.0988252260932,28,22.1781436402011
"258","Kogrukluk","Kuskokwim",2003,128741.929898739,4530.6685526716,61.84375,39.578125,56.5048573479655,1440.95886989017,13.8917887826983,17.0782792850454,17.9123162347556,2,8.57714390973931
"259","Kogrukluk","Kuskokwim",2004,148599.999947548,4748.31163226467,30.429688,20.1875,96.8854958728482,1379.58749287251,13.9248809622235,17.1353553179994,16.7385243641837,4,0.532462162961899
"260","Kogrukluk","Kuskokwim",2005,102950.869989395,5611.41348717342,40.109375,21.796875,60.6558538675885,1528.6980114086,13.9778352002867,18.6052794773099,18.2312386877292,33,22.254354411688
"261","Kogrukluk","Kuskokwim",2006,121238.100001812,4753.19901443663,124.22656,38.59375,72.0092887896873,1380.2686553446,12.5157473509638,17.4518202565902,17.1798839864092,6,3.10524055329035
"262","Kogrukluk","Kuskokwim",2007,103380.049976826,4771.69342232868,50.945312,39.640625,35.474213848843,1554.31917288194,14.2955574197092,18.246464158925,18.1084066934055,20,19.5186537529532
"263","Kogrukluk","Kuskokwim",2008,91590.1700180173,3692.70869373303,44.609375,44.609375,155.043575166906,1326.75409928009,13.2877139082282,13.7595487236133,13.4146926067567,0,0
"264","Kogrukluk","Kuskokwim",2009,87766.9900188446,3830.85585609577,53.976562,39.125,188.186511854994,1412.86046216993,12.4794643884088,17.2192036667365,16.7615509134468,4,0.5984559411717
"265","Kogrukluk","Kuskokwim",2010,78637.3700003624,4149.69572437075,73.984375,49.4375,65.7224576698159,1380.17029570616,11.0436711138847,16.8999420323098,16.5728465353959,0,1.718633215628
"266","Kogrukluk","Kuskokwim",2011,82614.2500422001,4189.90039498803,42.132812,33.296875,130.937314842309,1207.55335006954,10.9249826139579,16.3585555287376,15.30634261365,0,0.435301458227332
"267","Kogrukluk","Kuskokwim",2012,120069.61000964,5901.63627622459,85.25,63.828125,128.571949553247,1181.82793949116,12.3650429426119,15.0604242356798,14.4924466534321,0,0
"268","Kogrukluk","Kuskokwim",2013,99766.770029068,3814.72223713966,92.80469,29.734375,102.991253111405,1285.05517069561,13.4366127110978,18.4261625628568,18.0072192418816,16,21.9679405452823
"269","Kogrukluk","Kuskokwim",2014,61797.2900483608,4583.20454077587,104.69531,36.03125,17.8307208378187,1451.9066262623,13.3811917595936,17.1216574129587,16.9562614085752,1,0.600798645905048
"270","Kogrukluk","Kuskokwim",2015,199377.350057125,5986.89500051325,31.78125,38.78125,4.0690662800251,1435.6059928724,14.1892395236719,18.1214134361272,17.8945924850354,23,18.3602610759165
"271","Kogrukluk","Kuskokwim",2016,135912.029964924,7106.4969285087,76.03125,46,38.2372810606456,1606.36308796343,13.1577244641239,16.12742877714,15.9086394855354,0,0
"272","Kogrukluk","Kuskokwim",2017,106411.859973669,5180.30572568989,69.21875,36.734375,90.7470053925166,1341.86085908715,13.4628452090804,18.1214134361272,18.0646813778479,27,25.8048585783681
"273","Kogrukluk","Kuskokwim",2018,117064.409957409,5685.31052590684,66.109375,47.5,100.166163659984,1254.63994365393,12.296337329833,16.4615979146404,15.7917252358832,0,0
"274","Kwethluk","Kuskokwim",1980,118475.389962316,13041.6092805647,202.74219,150.79688,16.7010198918256,1662.97205229983,13.8903857333984,15.1363948582575,14.2370984878323,0,0.36497223887606
"275","Kwethluk","Kuskokwim",1981,152106.899917126,7630.45835599112,215.16406,93.984375,85.0101704792543,1717.17441410091,14.4885263968601,16.5228919431197,15.6544368386116,0,6.86026069516965
"276","Kwethluk","Kuskokwim",1982,235027.949980736,13504.7046713066,344.8125,201.65625,157.286818179217,1521.15396242022,13.8033137372418,15.2905683025074,14.724418120955,0,8.6244161118531
"277","Kwethluk","Kuskokwim",1983,164505.199992537,6162.10914527507,319.10938,92.359375,11.0814687472853,1718.01831280373,13.4340472626109,17.4170703774293,16.9587192299392,3,0.992141383704112
"278","Kwethluk","Kuskokwim",1984,190190.620018482,6260.87123859065,150.39062,72.78125,86.2005767605522,1495.22431261475,13.0227206551572,16.4643453325383,15.5855089753338,0,3.64015182610712
"279","Kwethluk","Kuskokwim",1985,214703.83001852,6616.57947501668,305.5,180.5,41.7912357899276,1616.27736894355,15.2058715880253,14.4694307706558,13.5446133991699,0,8.13516978051337
"280","Kwethluk","Kuskokwim",1986,191131.619959831,7810.94013079697,226.35938,117.265625,0.911519885943165,1674.7787308086,13.1989433854756,16.4023698166387,16.0169021610686,0,1.21657412958687
"281","Kwethluk","Kuskokwim",1987,189335.240035057,6282.82829041786,111.015625,98.609375,78.5387016502294,1471.89470070272,13.3431723523487,14.8292617906875,14.2729810506452,0,2.61180874936399
"282","Kwethluk","Kuskokwim",1988,193606.049925208,6248.61464000281,204.54688,120.21875,250.829412081025,1647.63427703917,13.749290288124,17.4012227603863,16.3134079798049,2,0.548475988193275
"283","Kwethluk","Kuskokwim",1989,174943.860010624,8562.98927799426,261.78125,185.9375,128.66109086817,1563.42369179085,13.8406658730424,15.7344198010231,15.2340541760069,0,0
"284","Kwethluk","Kuskokwim",1990,170279.169941902,10066.8420358869,270.48438,137.875,334.062298354236,1675.56276406412,14.1828902388485,16.6645871898364,15.8550911087953,0,0
"285","Kwethluk","Kuskokwim",1991,93819.2701220512,4850.2873044495,227.17188,157.90625,116.810275565494,1433.3277316073,12.8020425200605,16.55824183581,16.2389051375147,0,0
"286","Kwethluk","Kuskokwim",1992,148055.910066128,6812.12699295454,181.09375,96.6875,121.484681686488,1367.33742149884,12.8700547812264,17.0206989324255,16.752450658494,1,19.5131790790787
"287","Kwethluk","Kuskokwim",1993,173848.550079823,7870.84197553799,280.21875,188.8125,66.9151874978434,1729.98042096411,13.9893130230552,17.9793097400625,17.2758658886597,5,2.93732077838476
"288","Kwethluk","Kuskokwim",1994,237146.619979382,8201.85914373397,261.90625,186,113.858999970826,1379.43838663908,12.6159488529009,14.65392551143,14.0333236295732,0,0
"289","Kwethluk","Kuskokwim",1995,177846.169756413,10251.6196712569,233.89844,161.67188,15.7101562565658,1804.27185912834,14.2782459936748,17.6062805710671,16.2246648427419,1,0.606280571067117
"290","Kwethluk","Kuskokwim",1996,128463.219719529,6353.08307331052,179.375,114.75,41.4476420497353,1586.67044747941,13.3100595127514,18.0932224695521,17.9531203489368,20,13.0306314619987
"291","Kwethluk","Kuskokwim",1997,149445.520010173,6013.45171160625,193.20312,84.015625,88.3302386077968,1704.09549700387,14.7726255951326,17.6120540184071,17.2854863905145,10,3.1108274017763
"292","Kwethluk","Kuskokwim",1998,130908.869999886,7952.97927524591,202.04688,123.625,20.6448125272481,1679.30624509807,14.0548126270315,15.4969569595465,15.2751712838791,0,2.72823728110169
"293","Kwethluk","Kuskokwim",1999,138958.009976506,8191.08809227023,177.01562,106.328125,42.2370596354658,1701.83338754649,14.7422798639967,15.9565949798278,15.6185825382108,0,0
"294","Kwethluk","Kuskokwim",2000,170446.570066057,8122.80731926442,194.59375,110.125,29.687394902652,1689.04215778906,14.7216081906599,18.2807984543894,17.6918139132344,16,8.58575370877115
"295","Kwethluk","Kuskokwim",2001,271721.089970589,11359.9994664066,247.19531,131.39062,68.2306051243435,1514.97016721214,13.6469763719969,14.5021532890306,13.5936425950715,0,0
"296","Kwethluk","Kuskokwim",2002,159373.110034227,7931.04493259689,229.59375,95.734375,23.2207102170045,1875.39701882904,15.8756217986012,19.0105413317711,18.0988252260932,28,22.1781436402011
"297","Kwethluk","Kuskokwim",2003,169322.660063267,7914.28776012868,226.82812,113.6875,26.4729034353085,1799.14736001636,15.4112348671317,17.0782792850454,17.9123162347556,2,8.57714390973931
"298","Kwethluk","Kuskokwim",2004,191989.339993807,8674.82372212911,187.0625,54.265625,59.362397728183,1885.65031028981,14.6657342070698,17.1353553179994,16.7385243641837,4,0.532462162961899
"299","Kwethluk","Kuskokwim",2005,195146.459950209,9306.10730009184,248.09375,140.875,62.6726732817563,1739.76526935741,14.247687580785,18.6052794773099,18.2312386877292,33,22.254354411688
"300","Kwethluk","Kuskokwim",2006,170071.119862437,8003.90861679713,409.0547,103.890625,69.2073664914478,1697.04133562686,13.9765360273701,17.4518202565902,17.1798839864092,6,3.10524055329035
"301","Kwethluk","Kuskokwim",2007,176177.290028453,9778.66881382788,250.76562,108.84375,30.7100852408192,1789.84937107218,15.6457672289619,18.246464158925,18.1084066934055,20,19.5186537529532
"302","Kwethluk","Kuskokwim",2008,164741.389989674,7502.41810436134,158.26562,128.47656,154.319124991244,1598.5287226823,13.9748279817609,13.7595487236133,13.4146926067567,0,0
"303","Kwethluk","Kuskokwim",2009,143892.559988976,6217.42513202595,248.85156,89.203125,134.265153301846,1703.29448426781,14.2034691088401,17.2192036667365,16.7615509134468,4,0.5984559411717
"304","Kwethluk","Kuskokwim",2010,139757.940018058,6968.46296383407,289.46875,144.46875,60.5313806999813,1569.82029899155,13.376679778451,16.8999420323098,16.5728465353959,0,1.718633215628
"305","Kwethluk","Kuskokwim",2011,143393.860022783,6418.14059441179,159.57812,137.67188,82.4184602661566,1464.47571342231,12.9350505202048,16.3585555287376,15.30634261365,0,0.435301458227332
"306","Kwethluk","Kuskokwim",2012,165927.930131912,9548.99719284989,288.78125,189.79688,126.6748693878,1334.76802056726,12.991936382288,15.0604242356798,14.4924466534321,0,0
"307","Kwethluk","Kuskokwim",2013,156616.730023026,6321.43986828822,335,92.953125,99.0936817667701,1556.17367750436,14.0407327624575,18.4261625628568,18.0072192418816,16,21.9679405452823
"308","Kwethluk","Kuskokwim",2014,112520.970024824,6714.3313154166,215.55469,77.78125,12.7061960231174,1857.57285674861,15.0307779993436,17.1216574129587,16.9562614085752,1,0.600798645905048
"309","Kwethluk","Kuskokwim",2015,306057.729890406,10079.0046055263,275.84375,105.78125,5.64932103287429,1834.82361099687,15.5342189098131,18.1214134361272,17.8945924850354,23,18.3602610759165
"310","Kwethluk","Kuskokwim",2016,172204.339984655,10496.6703920713,246.10938,149.5625,17.0399375060684,1935.84103703392,15.4611131335939,16.12742877714,15.9086394855354,0,0
"311","Kwethluk","Kuskokwim",2017,181823.140041351,10345.8389476465,375.1328,104.734375,62.5330398223617,1805.45269831217,14.8653197407083,18.1214134361272,18.0646813778479,27,25.8048585783681
"312","Kwethluk","Kuskokwim",2018,174545.560038805,9562.41625008333,289.17188,174.25,56.2109204614704,1746.08788749443,14.0816861039102,16.4615979146404,15.7917252358832,0,0
"313","Oskawalik","Kuskokwim",1980,49965.6000218391,3556.54732171188,38.359375,36,32.8792525763436,1406.72468500224,13.4330711306553,15.1363948582575,14.2370984878323,0,0.36497223887606
"314","Oskawalik","Kuskokwim",1981,44742.5000238419,2803.9463159307,38.984375,13.40625,89.2716617999471,1300.5367840856,12.5479676978983,16.5228919431197,15.6544368386116,0,6.86026069516965
"315","Oskawalik","Kuskokwim",1982,66326.10003829,3776.16032912411,76.359375,24.984375,119.758272888006,1253.03843081521,12.5963661852327,15.2905683025074,14.724418120955,0,8.6244161118531
"316","Oskawalik","Kuskokwim",1983,67722.6100063231,2099.75467141373,49.546875,10.15625,23.338127742485,1554.66842174183,14.4465929393602,17.4170703774293,16.9587192299392,3,0.992141383704112
"317","Oskawalik","Kuskokwim",1984,62593.060018301,2017.02078559701,19.6875,9.3125,141.685696600484,1439.64612464939,12.7595482068663,16.4643453325383,15.5855089753338,0,3.64015182610712
"318","Oskawalik","Kuskokwim",1985,68280.6999459267,3517.06763203403,79.5625,26.921875,190.149673295817,1342.42793840034,15.4240715088621,14.4694307706558,13.5446133991699,0,8.13516978051337
"319","Oskawalik","Kuskokwim",1986,61994.9199581146,2964.4823026014,71.890625,19.25,18.0228882327308,1404.62531010011,11.4730138035128,16.4023698166387,16.0169021610686,0,1.21657412958687
"320","Oskawalik","Kuskokwim",1987,40508.9300227165,2090.77184437019,39.40625,28.65625,138.480899832937,1223.46679103365,10.8955343637547,14.8292617906875,14.2729810506452,0,2.61180874936399
"321","Oskawalik","Kuskokwim",1988,60422.2999827862,2811.65235295716,30.328125,14.03125,97.2473150455381,1374.08923401333,14.2839923798125,17.4012227603863,16.3134079798049,2,0.548475988193275
"322","Oskawalik","Kuskokwim",1989,73437.4700040817,3382.72579029794,58.484375,37.375,140.877271610697,1180.11567431611,10.8480638526617,15.7344198010231,15.2340541760069,0,0
"323","Oskawalik","Kuskokwim",1990,56343.7800061703,2900.73493463507,42.921875,20.34375,264.336305980932,1574.2627718879,16.6494127745507,16.6645871898364,15.8550911087953,0,0
"324","Oskawalik","Kuskokwim",1991,34492.6400141716,1884.6421058184,41.078125,16.734375,110.948737345171,1478.24611339605,13.0443994047271,16.55824183581,16.2389051375147,0,0
"325","Oskawalik","Kuskokwim",1992,57283.1600131989,2180.05522920914,43.1875,10.21875,127.032213263657,1523.54466375035,15.10698667913,17.0206989324255,16.752450658494,1,19.5131790790787
"326","Oskawalik","Kuskokwim",1993,59394.3400554657,2720.64565881626,73.3125,21.296875,107.708780817439,1443.27356115822,16.1849950701763,17.9793097400625,17.2758658886597,5,2.93732077838476
"327","Oskawalik","Kuskokwim",1994,84843.3299889565,2297.78552724656,38.765625,26.3125,191.892837380463,1261.80789118634,11.6474099674403,14.65392551143,14.0333236295732,0,0
"328","Oskawalik","Kuskokwim",1995,62330.6700191423,2686.71894807834,42.148438,19.4375,43.0125471600946,1533.57173529212,13.9292185536201,17.6062805710671,16.2246648427419,1,0.606280571067117
"329","Oskawalik","Kuskokwim",1996,42868.2899918519,2271.26477205645,31.640625,14.25,72.4442090005418,1465.69637165412,11.29865722873,18.0932224695521,17.9531203489368,20,13.0306314619987
"330","Oskawalik","Kuskokwim",1997,72639.3700495958,1396.90493461518,45.59375,7.359375,118.154426696512,1762.04310834473,16.3090006945514,17.6120540184071,17.2854863905145,10,3.1108274017763
"331","Oskawalik","Kuskokwim",1998,51093.4099876881,3710.5332900318,60.546875,29,50.815268453562,1302.82366702809,12.8075355930012,15.4969569595465,15.2751712838791,0,2.72823728110169
"332","Oskawalik","Kuskokwim",1999,65615.8999733925,2836.58526372439,44.53125,20.828125,61.6021697455463,1405.10369907697,12.8029627261456,15.9565949798278,15.6185825382108,0,0
"333","Oskawalik","Kuskokwim",2000,50830.5800058842,2687.32777780335,37.304688,17.34375,73.3353047806916,1376.8371259472,11.7287439288234,18.2807984543894,17.6918139132344,16,8.58575370877115
"334","Oskawalik","Kuskokwim",2001,102597.629937172,4164.60782871729,37.421875,19.1875,185.814775264834,1342.12084666076,13.9441418088726,14.5021532890306,13.5936425950715,0,0
"335","Oskawalik","Kuskokwim",2002,61792.7200075388,2664.63217046318,29.539062,11.6875,78.6167997130462,1498.52462057267,16.2711746653334,19.0105413317711,18.0988252260932,28,22.1781436402011
"336","Oskawalik","Kuskokwim",2003,76632.7100411654,2912.65855259659,54.8125,20.71875,83.5143832080769,1368.8159617829,13.6997006614308,17.0782792850454,17.9123162347556,2,8.57714390973931
"337","Oskawalik","Kuskokwim",2004,116052.229969533,2842.65634037155,23.609375,9.40625,161.696436883403,1673.03681719623,15.7151654528089,17.1353553179994,16.7385243641837,4,0.532462162961899
"338","Oskawalik","Kuskokwim",2005,65282.2999949455,2872.5857901431,32.867188,11.0625,105.830290341758,1610.37542571701,16.355532486276,18.6052794773099,18.2312386877292,33,22.254354411688
"339","Oskawalik","Kuskokwim",2006,74510.7599821091,2680.74881594961,88.16406,16.640625,73.7108925513501,1358.83572654295,13.9425492703121,17.4518202565902,17.1798839864092,6,3.10524055329035
"340","Oskawalik","Kuskokwim",2007,60112.3099836111,2946.93677633393,40.203125,20.421875,49.7322133635921,1712.00109724118,13.2086173627203,18.246464158925,18.1084066934055,20,19.5186537529532
"341","Oskawalik","Kuskokwim",2008,46712.939996548,2145.937777473,28.429688,20.046875,154.424397716328,1454.14451439555,13.9773220784567,13.7595487236133,13.4146926067567,0,0
"342","Oskawalik","Kuskokwim",2009,53702.1999998093,2583.06467110075,29.34375,10.59375,216.809121739536,1659.74416406549,15.8309203138865,17.2192036667365,16.7615509134468,4,0.5984559411717
"343","Oskawalik","Kuskokwim",2010,56480.7499997616,2579.19151322121,62.421875,17.953125,83.4678084950662,1463.19524491752,13.0490594751952,16.8999420323098,16.5728465353959,0,1.718633215628
"344","Oskawalik","Kuskokwim",2011,47383.6999974251,2379.20651328113,28.84375,17.796875,153.242576139586,1404.96687255677,11.8479739988405,16.3585555287376,15.30634261365,0,0.435301458227332
"345","Oskawalik","Kuskokwim",2012,78192.6499860287,4051.4401967171,80.25,30.71875,133.312525418396,1323.16936444344,11.8766213571763,15.0604242356798,14.4924466534321,0,0
"346","Oskawalik","Kuskokwim",2013,66953.9500563145,2528.82032874744,88.16406,16.015625,127.683759055394,1493.72720902103,17.0641990908065,18.4261625628568,18.0072192418816,16,21.9679405452823
"347","Oskawalik","Kuskokwim",2014,44007.1199643612,2714.66868428815,112.375,15.125,48.5955225165247,1598.52055577824,15.0565250438598,17.1216574129587,16.9562614085752,1,0.600798645905048
"348","Oskawalik","Kuskokwim",2015,121799.19998455,3387.96598729257,35.265625,15.421875,48.8008345727132,1602.25979629154,15.6038899596721,18.1214134361272,17.8945924850354,23,18.3602610759165
"349","Oskawalik","Kuskokwim",2016,68043.2799975872,4093.92738585744,66.890625,25.796875,23.2031567460048,1625.58111300596,13.6529576646318,16.12742877714,15.9086394855354,0,0
"350","Oskawalik","Kuskokwim",2017,72656.7699747086,3236.02204083906,65.49219,18.4375,76.5567489037147,1655.60917488923,13.0571773261089,18.1214134361272,18.0646813778479,27,25.8048585783681
"351","Oskawalik","Kuskokwim",2018,66769.229991436,3414.47125139136,46.648438,26.28125,101.86923079636,1451.26524786497,15.6047746757913,16.4615979146404,15.7917252358832,0,0
"352","Pitka","Kuskokwim",1980,56534.8400042057,4140.61843193506,60.71875,46.25,85.3622063469924,1709.67300777581,15.9629349505103,15.1363948582575,14.2370984878323,0,0.36497223887606
"353","Pitka","Kuskokwim",1981,58020.6700339317,3349.43098782527,44.609375,37.109375,133.763304137401,1768.84606068909,16.4030175965815,16.5228919431197,15.6544368386116,0,6.86026069516965
"354","Pitka","Kuskokwim",1982,106917.590024948,4621.21217093845,59.25,37.625,152.974915325856,1763.59267223252,16.389559471512,15.2905683025074,14.724418120955,0,8.6244161118531
"355","Pitka","Kuskokwim",1983,86164.9599790573,3096.8070395889,48.359375,36.140625,58.8310980544817,1838.86843193061,15.4384649427697,17.4170703774293,16.9587192299392,3,0.992141383704112
"356","Pitka","Kuskokwim",1984,74686.0400204659,2997.76045787769,40.3125,24.734375,170.254997288649,1808.96039412186,15.3874282478608,16.4643453325383,15.5855089753338,0,3.64015182610712
"357","Pitka","Kuskokwim",1985,124975.499957442,5087.39480121048,53.15625,41.84375,315.019882163003,1694.09881333138,18.000327329485,14.4694307706558,13.5446133991699,0,8.13516978051337
"358","Pitka","Kuskokwim",1986,91421.4499920607,4267.53546056672,56.703125,37.421875,95.8669010845437,1745.58754221849,14.8711435790829,16.4023698166387,16.0169021610686,0,1.21657412958687
"359","Pitka","Kuskokwim",1987,83868.9399937391,3056.44829091278,69.328125,40.203125,154.571831630278,1887.31761788673,15.9255578670207,14.8292617906875,14.2729810506452,0,2.61180874936399
"360","Pitka","Kuskokwim",1988,42950.640008986,3379.59182962509,40.328125,31.03125,95.2732785588475,1887.24583022307,17.4115192919624,17.4012227603863,16.3134079798049,2,0.548475988193275
"361","Pitka","Kuskokwim",1989,72596.810005188,4227.46460293173,53.640625,36.3125,147.222555220219,1779.69820425265,16.3360699941268,15.7344198010231,15.2340541760069,0,0
"362","Pitka","Kuskokwim",1990,87348.4999775887,4127.18598740224,67.53125,45.21875,190.281744560136,1883.1868720616,17.6341148151084,16.6645871898364,15.8550911087953,0,0
"363","Pitka","Kuskokwim",1991,90127.7299656868,2832.99717136345,43.1875,34.421875,85.6332323750574,1742.01284693014,13.7070130697596,16.55824183581,16.2389051375147,0,0
"364","Pitka","Kuskokwim",1992,103999.629991217,2568.1386273495,55.21875,38.8125,133.083165645844,1808.41801109503,17.2312070834999,17.0206989324255,16.752450658494,1,19.5131790790787
"365","Pitka","Kuskokwim",1993,72825.3599988222,3734.81704014143,42.03125,34.90625,127.6331812084,1938.37972065618,17.9353637749189,17.9793097400625,17.2758658886597,5,2.93732077838476
"366","Pitka","Kuskokwim",1994,74989.7300395966,2492.2546045342,43.046875,36.78125,205.540651660996,1919.24381495592,17.3869056522301,14.65392551143,14.0333236295732,0,0
"367","Pitka","Kuskokwim",1995,126150.210056789,4425.46381548478,39.859375,32.53125,131.292190741612,1799.27726711789,15.2950261466917,17.6062805710671,16.2246648427419,1,0.606280571067117
"368","Pitka","Kuskokwim",1996,50041.3399982452,3285.25790840693,52.578125,35.734375,102.712134477235,1813.54332113675,15.0217278110836,18.0932224695521,17.9531203489368,20,13.0306314619987
"369","Pitka","Kuskokwim",1997,158986.120073685,2518.84046242958,48.078125,31.484375,186.814048125109,2014.70585048163,17.3966179553348,17.6120540184071,17.2854863905145,10,3.1108274017763
"370","Pitka","Kuskokwim",1998,64723.4400482178,5533.24348755946,49.90625,36.765625,33.6624217500682,1865.08461204545,16.764968720528,15.4969569595465,15.2751712838791,0,2.72823728110169
"371","Pitka","Kuskokwim",1999,69695.5799522176,3947.26394674095,54.78125,35.59375,132.101298203525,1857.68195736606,17.2324790328326,15.9565949798278,15.6185825382108,0,0
"372","Pitka","Kuskokwim",2000,86322.6300320625,3573.93267956696,43.46875,37.5625,124.289620283508,1792.41588263475,14.5766047632675,18.2807984543894,17.6918139132344,16,8.58575370877115
"373","Pitka","Kuskokwim",2001,157250.570040166,6425.31282705765,58.328125,39.84375,234.668856030186,1844.61856680694,16.3099636457644,14.5021532890306,13.5936425950715,0,0
"374","Pitka","Kuskokwim",2002,89438.1099936962,2911.68361865195,33.5,33.65625,97.072668090241,1872.70061574465,17.3053781804618,19.0105413317711,18.0988252260932,28,22.1781436402011
"375","Pitka","Kuskokwim",2003,91537.7498837952,3886.90276412764,48.203125,31.125,154.892478159968,1917.70967784433,16.8991204942769,17.0782792850454,17.9123162347556,2,8.57714390973931
"376","Pitka","Kuskokwim",2004,457021.789374169,3843.56928112925,38.625,36.1875,425.266038842786,2025.38208633072,17.75371857972,17.1353553179994,16.7385243641837,4,0.532462162961899
"377","Pitka","Kuskokwim",2005,92719.7100052834,3410.66835565469,46.523438,43.8125,118.567639820144,2013.13837323609,17.1627371951597,18.6052794773099,18.2312386877292,33,22.254354411688
"378","Pitka","Kuskokwim",2006,104954.810029507,3802.2410541878,60.96875,35.8125,106.901590643815,1808.68967808837,14.7527259713101,17.4518202565902,17.1798839864092,6,3.10524055329035
"379","Pitka","Kuskokwim",2007,84472.6499202847,3395.12782988469,59.359375,36.0625,151.502786056025,1986.76034688979,15.8157591427011,18.246464158925,18.1084066934055,20,19.5186537529532
"380","Pitka","Kuskokwim",2008,132062.13001442,2920.15398825463,34.4375,26.84375,213.052385755904,1852.70553291889,15.563800677472,13.7595487236133,13.4146926067567,0,0
"381","Pitka","Kuskokwim",2009,48157.6200067997,2320.1025662794,20.609375,29.5,185.151400883666,1915.52356562203,17.6041846420766,17.2192036667365,16.7615509134468,4,0.5984559411717
"382","Pitka","Kuskokwim",2010,79399.3200210333,3566.3540128258,50.84375,43.25,97.4774346349177,1861.79913756958,17.0763962016391,16.8999420323098,16.5728465353959,0,1.718633215628
"383","Pitka","Kuskokwim",2011,77793.1999940872,3446.68309316999,49.578125,40.34375,180.18894812876,1846.40196433246,15.2272839022709,16.3585555287376,15.30634261365,0,0.435301458227332
"384","Pitka","Kuskokwim",2012,144025.129963998,5595.03267953422,56.671875,46.453125,138.359456218408,1800.77138595217,16.2703065438889,15.0604242356798,14.4924466534321,0,0
"385","Pitka","Kuskokwim",2013,111907.230067253,3771.57736938153,44.859375,29.046875,156.164987120768,1887.09004951541,18.000327329485,18.4261625628568,18.0072192418816,16,21.9679405452823
"386","Pitka","Kuskokwim",2014,39963.9500160217,3860.30572439925,40.046875,39.921875,77.0263930565886,1823.94717569974,15.1559302386359,17.1216574129587,16.9562614085752,1,0.600798645905048
"387","Pitka","Kuskokwim",2015,84294.520016551,4130.84704026357,49.5625,34.09375,74.1330835548898,1858.95306977711,16.2786233196241,18.1214134361272,17.8945924850354,23,18.3602610759165
"388","Pitka","Kuskokwim",2016,109336.140008926,6140.66424996324,56.421875,51.0625,49.2837763659583,1994.72513721693,15.8150653985622,16.12742877714,15.9086394855354,0,0
"389","Pitka","Kuskokwim",2017,82189.9000623226,3962.47967245388,50.8125,32.953125,89.8403334952795,1938.27586931628,17.0172757751774,18.1214134361272,18.0646813778479,27,25.8048585783681
"390","Pitka","Kuskokwim",2018,73987.6199610233,3862.03769791669,47.453125,38.046875,124.429681929642,1858.28727283942,17.9802743333082,16.4615979146404,15.7917252358832,0,0
"391","Swift","Kuskokwim",1980,231012.949964046,16623.9367346324,503.92188,311.5,68.1477996792816,1534.1986546829,16.592950406092,15.1363948582575,14.2370984878323,0,0.36497223887606
"392","Swift","Kuskokwim",1981,220061.169961095,12742.0946056153,451.76562,246.4375,105.659567517296,1479.70596522381,17.6598467244192,16.5228919431197,15.6544368386116,0,6.86026069516965
"393","Swift","Kuskokwim",1982,339753.510022879,16486.0143438641,435.78125,319.84375,98.2644531344003,1346.71928160227,16.6416227144342,15.2905683025074,14.724418120955,0,8.6244161118531
"394","Swift","Kuskokwim",1983,304311.27996558,9842.49302703487,517.1797,236.40625,33.6987662880902,1725.52928656299,17.4313681076416,17.4170703774293,16.9587192299392,3,0.992141383704112
"395","Swift","Kuskokwim",1984,261417.439968586,10199.0368624069,362.15625,238.89062,147.318650228382,1530.43538056405,17.1600256493565,16.4643453325383,15.5855089753338,0,3.64015182610712
"396","Swift","Kuskokwim",1985,416050.389985681,18383.0758541111,577.28125,431.10938,243.971551466367,1585.38612496439,16.7552890852257,14.4694307706558,13.5446133991699,0,8.13516978051337
"397","Swift","Kuskokwim",1986,284377.419984341,14336.0454626557,615.9844,289.25,87.1053227526205,1509.42798607393,15.9462349357712,16.4023698166387,16.0169021610686,0,1.21657412958687
"398","Swift","Kuskokwim",1987,244736.829986691,11751.7496766911,426.96875,291.70312,145.069108098793,1431.00871607396,16.4272835215326,14.8292617906875,14.2729810506452,0,2.61180874936399
"399","Swift","Kuskokwim",1988,164678.600008607,11000.9748366171,312.10938,254.71875,107.819395822789,1506.16503415074,17.7538699329126,17.4012227603863,16.3134079798049,2,0.548475988193275
"400","Swift","Kuskokwim",1989,286647.259950161,14756.8580877279,362.28125,291.90625,81.2114022295881,1440.79006501159,17.4608586389909,15.7344198010231,15.2340541760069,0,0
"401","Swift","Kuskokwim",1990,236461.480062127,10667.5645398941,668.6406,376.46875,130.312810812315,1524.98643719519,18.3211914823816,16.6645871898364,15.8550911087953,0,0
"402","Swift","Kuskokwim",1991,276551.470034122,9385.96914267339,367.21875,331.65625,74.2662257490173,1425.47093240959,16.9706303284203,16.55824183581,16.2389051375147,0,0
"403","Swift","Kuskokwim",1992,268940.999969687,7833.54627610486,348.64062,257.78125,101.288659738926,1536.29441417768,18.2307835049448,17.0206989324255,16.752450658494,1,19.5131790790787
"404","Swift","Kuskokwim",1993,166458.960000245,7943.96184272603,565.125,306.125,133.582403819777,1500.32274415047,17.7810173604206,17.9793097400625,17.2758658886597,5,2.93732077838476
"405","Swift","Kuskokwim",1994,223362.939935923,8086.66012941442,513.9531,309.78125,125.806705933345,1457.87420079498,17.7606635963956,14.65392551143,14.0333236295732,0,0
"406","Swift","Kuskokwim",1995,453772.360032558,11909.7412483325,255.15625,237.46875,69.0624229490283,1655.89590680184,17.3525660851859,17.6062805710671,16.2246648427419,1,0.606280571067117
"407","Swift","Kuskokwim",1996,234316.480059505,11238.1912462387,466.54688,226.78125,82.7619046482638,1545.19113742115,16.4730414148907,18.0932224695521,17.9531203489368,20,13.0306314619987
"408","Swift","Kuskokwim",1997,576642.89013575,6658.85625148367,164.32812,150.92188,169.697982506684,1638.00108206962,19.1567258534659,17.6120540184071,17.2854863905145,10,3.1108274017763
"409","Swift","Kuskokwim",1998,275529.890045643,16516.54407769,409.0625,276.95312,44.4842956945513,1813.76969521532,19.1776291870684,15.4969569595465,15.2751712838791,0,2.72823728110169
"410","Swift","Kuskokwim",1999,331825.340123689,11331.3753948996,447.14062,323.0625,97.401135162026,1497.514943686,18.0023813754752,15.9565949798278,15.6185825382108,0,0
"411","Swift","Kuskokwim",2000,197176.570061352,7633.55333361188,341.96875,246,103.099408598507,1559.04575752175,17.3571214208773,18.2807984543894,17.6918139132344,16,8.58575370877115
"412","Swift","Kuskokwim",2001,577303.699947745,24116.9510535887,381.6875,285.6875,332.913680614235,1529.69204401219,17.4643423461989,14.5021532890306,13.5936425950715,0,0
"413","Swift","Kuskokwim",2002,356195.63964653,10074.2864460132,329.10938,226.60938,125.507896696251,1534.78988423817,20.5908569150203,19.0105413317711,18.0988252260932,28,22.1781436402011
"414","Swift","Kuskokwim",2003,404535.309962168,9648.32941024624,378.5625,230.48438,141.64858343461,1627.26609057394,18.8168827966106,17.0782792850454,17.9123162347556,2,8.57714390973931
"415","Swift","Kuskokwim",2004,708959.699972153,12691.4458806401,233.14062,242.625,232.883437158193,1868.8117144843,17.9495020546783,17.1353553179994,16.7385243641837,4,0.532462162961899
"416","Swift","Kuskokwim",2005,260974.380063415,10276.7999335021,385.7422,289.59375,89.4536518193959,1586.23705862243,18.2215197551567,18.6052794773099,18.2312386877292,33,22.254354411688
"417","Swift","Kuskokwim",2006,275967.240059286,12289.7617100618,501.60938,271.875,141.148437201617,1507.47982789003,17.3819722768547,17.4518202565902,17.1798839864092,6,3.10524055329035
"418","Swift","Kuskokwim",2007,280659.140056357,11248.7300635868,430.14062,221.51562,104.178556469249,1701.31924788014,18.0296027198852,18.246464158925,18.1084066934055,20,19.5186537529532
"419","Swift","Kuskokwim",2008,324614.089986205,8694.57019921505,200.78906,210.10938,170.494999970162,1545.29220469268,17.6825454684118,13.7595487236133,13.4146926067567,0,0
"420","Swift","Kuskokwim",2009,369116.619992018,9043.8269088005,176.26562,157.42188,265.250895065041,1739.136278776,17.1997942326275,17.2192036667365,16.7615509134468,4,0.5984559411717
"421","Swift","Kuskokwim",2010,233115.329979479,10784.3727621282,623.2031,266.96875,91.7048139702535,1677.57933777861,17.9760105948691,16.8999420323098,16.5728465353959,0,1.718633215628
"422","Swift","Kuskokwim",2011,236532.110003471,11961.3153925115,431.5625,254.5,167.40890147053,1596.25116179687,15.7285472662566,16.3585555287376,15.30634261365,0,0.435301458227332
"423","Swift","Kuskokwim",2012,301599.600037349,17179.0567301736,526.5469,343.23438,131.229279865938,1488.06831952889,17.9643186494019,15.0604242356798,14.4924466534321,0,0
"424","Swift","Kuskokwim",2013,373657.400087003,10215.9177650983,348.1875,209.67188,130.635556463293,1569.99763151289,19.7339619787825,18.4261625628568,18.0072192418816,16,21.9679405452823
"425","Swift","Kuskokwim",2014,160076.040030897,12684.4746041701,310.29688,237.98438,63.7788203328895,1757.57962990215,17.6532790048516,17.1216574129587,16.9562614085752,1,0.600798645905048
"426","Swift","Kuskokwim",2015,463937.560019255,15361.4153298422,527.9375,215.03125,60.8444658402229,1505.72980997328,19.222126166459,18.1214134361272,17.8945924850354,23,18.3602610759165
"427","Swift","Kuskokwim",2016,400372.860044241,20421.8445107366,484.48438,286.4375,41.4724944292836,1918.90200408343,17.5384679674658,16.12742877714,15.9086394855354,0,0
"428","Swift","Kuskokwim",2017,311571.469976187,13740.1706563524,474.3047,234.23438,79.3854896693995,1602.08963363749,19.1539464019157,18.1214134361272,18.0646813778479,27,25.8048585783681
"429","Swift","Kuskokwim",2018,349194.140002966,13105.6967118908,464.04688,329.17188,137.482554865414,1463.97118857602,18.8219361158871,16.4615979146404,15.7917252358832,0,0
"430","Takotna","Kuskokwim",1980,135560.990016222,11435.5543174852,67.46875,53.453125,41.293570949216,1404.70015116499,14.2864286880584,15.1363948582575,14.2370984878323,0,0.36497223887606
"431","Takotna","Kuskokwim",1981,159748.649960041,9819.52440835942,55.914062,36.53125,80.8727783077616,1637.90077206975,15.6770727043458,16.5228919431197,15.6544368386116,0,6.86026069516965
"432","Takotna","Kuskokwim",1982,276933.940068483,14347.7669741153,111.265625,64.515625,121.802457673164,1290.72372680478,14.8953689964333,15.2905683025074,14.724418120955,0,8.6244161118531
"433","Takotna","Kuskokwim",1983,270197.079982579,9198.4707896472,73.640625,33.210938,38.2974875514473,1669.46328597883,16.5045789854624,17.4170703774293,16.9587192299392,3,0.992141383704112
"434","Takotna","Kuskokwim",1984,162779.379949093,9470.42359697251,43.625,29.09375,142.450126366506,1604.62690994744,16.2952904695403,16.4643453325383,15.5855089753338,0,3.64015182610712
"435","Takotna","Kuskokwim",1985,286073.230019569,15323.1671741988,118.671875,66.75,254.374009578321,1310.49187614928,17.8819625497669,14.4694307706558,13.5446133991699,0,8.13516978051337
"436","Takotna","Kuskokwim",1986,216795.679986127,13565.9262498328,98.78125,44.03125,62.3468660637959,1585.38158171218,15.3607857278529,16.4023698166387,16.0169021610686,0,1.21657412958687
"437","Takotna","Kuskokwim",1987,269875.26995945,9845.20967179347,78.1875,54.53125,135.194115949018,1478.55651920287,13.678122604083,14.8292617906875,14.2729810506452,0,2.61180874936399
"438","Takotna","Kuskokwim",1988,133859.960058451,10857.288887453,40.96875,34.75,80.6775988391484,1647.21602745707,15.9673740547484,17.4012227603863,16.3134079798049,2,0.548475988193275
"439","Takotna","Kuskokwim",1989,246832.869988441,12808.3613157625,80.640625,54.640625,126.117303083172,1382.07363882634,14.8235268960689,15.7344198010231,15.2340541760069,0,0
"440","Takotna","Kuskokwim",1990,256195.649945259,12252.9109217385,71.25,44.84375,189.040242642333,1602.52325004307,17.9764451961897,16.6645871898364,15.8550911087953,0,0
"441","Takotna","Kuskokwim",1991,258157.639989853,8897.43578965876,53.015625,40.203125,122.211390922853,1523.03382902546,14.6191950143029,16.55824183581,16.2389051375147,0,0
"442","Takotna","Kuskokwim",1992,278390.360053632,8148.89582137425,54.71875,31.78125,119.754009627155,1513.6359457546,15.4022761566571,17.0206989324255,16.752450658494,1,19.5131790790787
"443","Takotna","Kuskokwim",1993,318449.530063629,14389.7384228202,142.03125,56.703125,120.190378938968,1518.85172798961,16.7736884649762,17.9793097400625,17.2758658886597,5,2.93732077838476
"444","Takotna","Kuskokwim",1994,410514.909870148,10596.6440755119,84.828125,50.53125,209.717592337631,1498.20242863192,15.9070881988134,14.65392551143,14.0333236295732,0,0
"445","Takotna","Kuskokwim",1995,305564.929969439,10944.4973028397,51.492188,36.96875,53.4547972769466,1606.88819295952,15.5710577510239,17.6062805710671,16.2246648427419,1,0.606280571067117
"446","Takotna","Kuskokwim",1996,138787.369955301,9130.88973977945,68.796875,31.359375,100.784709239489,1737.01780114472,14.6695199993168,18.0932224695521,17.9531203489368,20,13.0306314619987
"447","Takotna","Kuskokwim",1997,406316.170086026,8021.52203987272,45.734375,21.625,153.455960411612,1933.45415240526,18.5127817933805,17.6120540184071,17.2854863905145,10,3.1108274017763
"448","Takotna","Kuskokwim",1998,218531.32005024,16835.4380969476,100.546875,61.546875,34.6814008003139,1385.8976476691,16.2767773314119,15.4969569595465,15.2751712838791,0,2.72823728110169
"449","Takotna","Kuskokwim",1999,189383.84999566,10697.3000021536,60.875,50.984375,76.1784213919622,1558.62165599226,16.3937412033565,15.9565949798278,15.6185825382108,0,0
"450","Takotna","Kuskokwim",2000,199155.309980631,9335.85790906495,68.65625,37.671875,100.387489119175,1646.60971809153,14.0746934962959,18.2807984543894,17.6918139132344,16,8.58575370877115
"451","Takotna","Kuskokwim",2001,332349.990002036,14708.3920408359,87.5,45.9375,159.230309103208,1539.50720263857,15.9477778321649,14.5021532890306,13.5936425950715,0,0
"452","Takotna","Kuskokwim",2002,257389.400021315,9363.32111909658,43.65625,27.875,94.58305583661,1769.61119851926,19.1808874260851,19.0105413317711,18.0988252260932,28,22.1781436402011
"453","Takotna","Kuskokwim",2003,260318.379952431,12363.6968437694,64.140625,47.6875,120.23303752581,1564.17250375363,16.2026690947811,17.0782792850454,17.9123162347556,2,8.57714390973931
"454","Takotna","Kuskokwim",2004,786276.249869017,10319.4850985775,35.554688,24.984375,256.00792629943,1757.48060643246,17.1829261975124,17.1353553179994,16.7385243641837,4,0.532462162961899
"455","Takotna","Kuskokwim",2005,257414.019981861,11899.4033567301,54.6875,33.859375,131.089238994341,1763.3086189947,18.7914345677321,18.6052794773099,18.2312386877292,33,22.254354411688
"456","Takotna","Kuskokwim",2006,270343.889944553,11183.227370801,86.828125,33.640625,68.7487371215871,1691.31675895521,15.2496667321609,17.4518202565902,17.1798839864092,6,3.10524055329035
"457","Takotna","Kuskokwim",2007,234684.419937611,13338.0187480715,60.945312,29.09375,82.8353555602622,1779.03460632979,16.0688563229362,18.246464158925,18.1084066934055,20,19.5186537529532
"458","Takotna","Kuskokwim",2008,186804.12995863,8666.26248700313,38.9375,32.109375,147.444275481711,1583.66800771343,16.3617010059383,13.7595487236133,13.4146926067567,0,0
"459","Takotna","Kuskokwim",2009,184632.089845419,7706.95585492947,36.703125,20.8125,203.918185441032,1726.94315471253,16.6434449394547,17.2192036667365,16.7615509134468,4,0.5984559411717
"460","Takotna","Kuskokwim",2010,297602.310036898,10382.9955928703,99.17969,32.171875,76.1266483726514,1748.97684582239,16.8651787122627,16.8999420323098,16.5728465353959,0,1.718633215628
"461","Takotna","Kuskokwim",2011,214558.329957962,10258.9244742571,73.015625,30.6875,198.40617474562,1637.05048839582,13.1949335097055,16.3585555287376,15.30634261365,0,0.435301458227332
"462","Takotna","Kuskokwim",2012,322444.229959726,16759.0303908908,137.21875,59,116.293218652605,1460.58592064895,15.4823713602895,15.0604242356798,14.4924466534321,0,0
"463","Takotna","Kuskokwim",2013,371758.130091429,10109.0803300797,124.55469,35.75,120.803118988777,1547.4838647475,19.4616579426054,18.4261625628568,18.0072192418816,16,21.9679405452823
"464","Takotna","Kuskokwim",2014,102954.850067824,10202.9944765179,67.59375,31.859375,45.4592688751601,1652.77364448366,16.233156152044,17.1216574129587,16.9562614085752,1,0.600798645905048
"465","Takotna","Kuskokwim",2015,264638.690029263,11429.1528977827,74.35156,32.515625,63.1647557391404,1769.53813126385,17.6450902671742,18.1214134361272,17.8945924850354,23,18.3602610759165
"466","Takotna","Kuskokwim",2016,316733.970045805,19583.1519635065,117.96094,59.0625,46.6367032268825,1526.35189038719,14.19191099405,16.12742877714,15.9086394855354,0,0
"467","Takotna","Kuskokwim",2017,247274.489967346,12242.3029617315,92.16406,33.484375,76.2911482513367,1718.27654344835,16.0845328542485,18.1214134361272,18.0646813778479,27,25.8048585783681
"468","Takotna","Kuskokwim",2018,247062.929998875,14295.3281599445,62.515625,52.578125,128.13566300686,1473.3005680562,15.8882807060451,16.4615979146404,15.7917252358832,0,0
"469","Tatlawiksuk","Kuskokwim",1980,61426.7000179291,4469.11366151848,56.890625,38.25,33.7809623281161,1534.1986546829,16.592950406092,15.1363948582575,14.2370984878323,0,0.36497223887606
"470","Tatlawiksuk","Kuskokwim",1981,63508.4900095463,3764.80816018901,49.390625,25.859375,48.6005158548554,1479.70596522381,17.6598467244192,16.5228919431197,15.6544368386116,0,6.86026069516965
"471","Tatlawiksuk","Kuskokwim",1982,105851.210027456,5045.17631627673,64.890625,38.5625,86.2887350301894,1346.71928160227,16.6416227144342,15.2905683025074,14.724418120955,0,8.6244161118531
"472","Tatlawiksuk","Kuskokwim",1983,92474.9600042105,2918.05368321436,78.171875,22.023438,24.460858177098,1725.52928656299,17.4313681076416,17.4170703774293,16.9587192299392,3,0.992141383704112
"473","Tatlawiksuk","Kuskokwim",1984,69882.2499859333,3059.49463996913,41,24.5,132.745004793954,1530.43538056405,17.1600256493565,16.4643453325383,15.5855089753338,0,3.64015182610712
"474","Tatlawiksuk","Kuskokwim",1985,110260.820019722,5280.00513144151,69,46.40625,205.572738303079,1585.38612496439,16.7552890852257,14.4694307706558,13.5446133991699,0,8.13516978051337
"475","Tatlawiksuk","Kuskokwim",1986,85378.1899523735,4635.24927718316,96.578125,32.625,65.6136160748346,1509.42798607393,15.9462349357712,16.4023698166387,16.0169021610686,0,1.21657412958687
"476","Tatlawiksuk","Kuskokwim",1987,81095.8100025952,3317.3871064535,69.21875,34.328125,126.829751934324,1431.00871607396,16.4272835215326,14.8292617906875,14.2729810506452,0,2.61180874936399
"477","Tatlawiksuk","Kuskokwim",1988,45410.9000203609,3296.32719112196,32.5,24.296875,77.7901190803165,1506.16503415074,17.7538699329126,17.4012227603863,16.3134079798049,2,0.548475988193275
"478","Tatlawiksuk","Kuskokwim",1989,80351.3599894047,3946.95776280467,63.5625,37.8125,80.5703124810779,1440.79006501159,17.4608586389909,15.7344198010231,15.2340541760069,0,0
"479","Tatlawiksuk","Kuskokwim",1990,79803.509988308,3405.51894768171,81.203125,33.75,147.639270903572,1524.98643719519,18.3211914823816,16.6645871898364,15.8550911087953,0,0
"480","Tatlawiksuk","Kuskokwim",1991,82081.6100182533,2527.1400659691,38.125,28.71875,49.8608234231434,1425.47093240959,16.9706303284203,16.55824183581,16.2389051375147,0,0
"481","Tatlawiksuk","Kuskokwim",1992,78248.9500257075,2238.30052331802,46.203125,23.65625,62.458531785579,1536.29441417768,18.2307835049448,17.0206989324255,16.752450658494,1,19.5131790790787
"482","Tatlawiksuk","Kuskokwim",1993,68910.6800126918,3049.96591988233,87.328125,25.1875,85.6392659100275,1500.32274415047,17.7810173604206,17.9793097400625,17.2758658886597,5,2.93732077838476
"483","Tatlawiksuk","Kuskokwim",1994,93313.2800366879,2755.26677557041,65.828125,29.625,97.6576785511441,1457.87420079498,17.7606635963956,14.65392551143,14.0333236295732,0,0
"484","Tatlawiksuk","Kuskokwim",1995,111010.549940109,3063.06493469711,22.953125,19.0625,37.2103075498626,1655.89590680184,17.3525660851859,17.6062805710671,16.2246648427419,1,0.606280571067117
"485","Tatlawiksuk","Kuskokwim",1996,63431.240020752,3345.33104656487,57.90625,28.3125,78.4904663922295,1545.19113742115,16.4730414148907,18.0932224695521,17.9531203489368,20,13.0306314619987
"486","Tatlawiksuk","Kuskokwim",1997,154362.559893422,2041.78269819706,19,12.9375,122.019300491091,1638.00108206962,19.1567258534659,17.6120540184071,17.2854863905145,10,3.1108274017763
"487","Tatlawiksuk","Kuskokwim",1998,90865.4500274658,5015.43690776716,60.203125,33.78125,20.3278918495727,1813.76969521532,19.1776291870684,15.4969569595465,15.2751712838791,0,2.72823728110169
"488","Tatlawiksuk","Kuskokwim",1999,65509.1099546552,2659.60914411569,48.25,33.8125,49.7193948257537,1497.514943686,18.0023813754752,15.9565949798278,15.6185825382108,0,0
"489","Tatlawiksuk","Kuskokwim",2000,60260.7500038147,2674.67751632513,47.375,28.296875,61.7966517853358,1559.04575752175,17.3571214208773,18.2807984543894,17.6918139132344,16,8.58575370877115
"490","Tatlawiksuk","Kuskokwim",2001,140973.04996644,5409.43098789167,55.4375,32.765625,135.095153995923,1529.69204401219,17.4643423461989,14.5021532890306,13.5936425950715,0,0
"491","Tatlawiksuk","Kuskokwim",2002,87884.6899909973,3109.98296123226,41.84375,22.0625,67.7389285583345,1534.78988423817,20.5908569150203,19.0105413317711,18.0988252260932,28,22.1781436402011
"492","Tatlawiksuk","Kuskokwim",2003,93990.1600023806,3452.13842210704,47.28125,24.84375,102.352480188249,1627.26609057394,18.8168827966106,17.0782792850454,17.9123162347556,2,8.57714390973931
"493","Tatlawiksuk","Kuskokwim",2004,336885.429880621,3440.47411767873,34.320312,19.90625,244.228536848038,1868.8117144843,17.9495020546783,17.1353553179994,16.7385243641837,4,0.532462162961899
"494","Tatlawiksuk","Kuskokwim",2005,71384.3899928331,3420.96993378438,45.351562,24.21875,76.4118552189025,1586.23705862243,18.2215197551567,18.6052794773099,18.2312386877292,33,22.254354411688
"495","Tatlawiksuk","Kuskokwim",2006,87031.1599569321,3397.36855258617,62.078125,26.46875,93.7643651205396,1507.47982789003,17.3819722768547,17.4518202565902,17.1798839864092,6,3.10524055329035
"496","Tatlawiksuk","Kuskokwim",2007,69730.4500110149,3346.20388134481,38.320312,18.4375,69.1298165382847,1701.31924788014,18.0296027198852,18.246464158925,18.1084066934055,20,19.5186537529532
"497","Tatlawiksuk","Kuskokwim",2008,85326.259986043,2292.2966667226,21.226562,20.75,148.231438462696,1545.29220469268,17.6825454684118,13.7595487236133,13.4146926067567,0,0
"498","Tatlawiksuk","Kuskokwim",2009,59673.0501260757,2567.30539468896,25.015625,12.59375,199.497995936681,1739.136278776,17.1997942326275,17.2192036667365,16.7615509134468,4,0.5984559411717
"499","Tatlawiksuk","Kuskokwim",2010,90520.4700080156,2774.67578979106,119.9375,25.28125,53.9980059483695,1677.57933777861,17.9760105948691,16.8999420323098,16.5728465353959,0,1.718633215628
"500","Tatlawiksuk","Kuskokwim",2011,76532.9700145721,3324.51526376233,57.4375,25.96875,162.508556611954,1596.25116179687,15.7285472662566,16.3585555287376,15.30634261365,0,0.435301458227332
"501","Tatlawiksuk","Kuskokwim",2012,85623.4399921894,5021.09692688753,83.8125,39.234375,106.425585239653,1488.06831952889,17.9643186494019,15.0604242356798,14.4924466534321,0,0
"502","Tatlawiksuk","Kuskokwim",2013,106477.03000927,2707.46664526502,61.34375,22.109375,100.45939479177,1569.99763151289,19.7339619787825,18.4261625628568,18.0072192418816,16,21.9679405452823
"503","Tatlawiksuk","Kuskokwim",2014,36675.4000242501,2974.42164425328,34.75,24.21875,35.0106646560487,1757.57962990215,17.6532790048516,17.1216574129587,16.9562614085752,1,0.600798645905048
"504","Tatlawiksuk","Kuskokwim",2015,116632.330005169,4258.07309233057,69.625,21.53125,34.0048660626487,1505.72980997328,19.222126166459,18.1214134361272,17.8945924850354,23,18.3602610759165
"505","Tatlawiksuk","Kuskokwim",2016,94060.5600566864,5592.21542540609,77.0625,27.046875,27.6294047491891,1918.90200408343,17.5384679674658,16.12742877714,15.9086394855354,0,0
"506","Tatlawiksuk","Kuskokwim",2017,90111.2199854851,3549.57921104776,67.94531,21.59375,40.6241071597924,1602.08963363749,19.1539464019157,18.1214134361272,18.0646813778479,27,25.8048585783681
"507","Tatlawiksuk","Kuskokwim",2018,99022.2700271606,3926.33467152255,49.59375,30.8125,100.997494964373,1463.97118857602,18.8219361158871,16.4615979146404,15.7917252358832,0,0
"508","Tuluksak","Kuskokwim",1980,66802.9500112534,6211.8094787667,71.625,58.921875,25.5009362187552,1497.41656284637,13.3262690190499,15.1363948582575,14.2370984878323,0,0.36497223887606
"509","Tuluksak","Kuskokwim",1981,85897.2500338554,4212.93355193208,99.13281,31,108.648236116421,1403.96437015753,13.7177903379262,16.5228919431197,15.6544368386116,0,6.86026069516965
"510","Tuluksak","Kuskokwim",1982,140133.449982166,7771.1394091924,105.828125,54.59375,167.745051990856,1420.97561464278,13.1025736141032,15.2905683025074,14.724418120955,0,8.6244161118531
"511","Tuluksak","Kuskokwim",1983,103012.24000144,3299.08493411732,147.91406,22.203125,14.9453776591183,1642.17666522001,13.5102999595764,17.4170703774293,16.9587192299392,3,0.992141383704112
"512","Tuluksak","Kuskokwim",1984,89664.4900107384,3113.64228787921,57.546875,20.40625,76.9598959271911,1429.30719030393,13.1749406604521,16.4643453325383,15.5855089753338,0,3.64015182610712
"513","Tuluksak","Kuskokwim",1985,129510.710102558,4903.84158039603,129.89062,60.578125,80.1676164193156,1340.96853680174,15.1202296110982,14.4694307706558,13.5446133991699,0,8.13516978051337
"514","Tuluksak","Kuskokwim",1986,106664.830019951,4456.29559206335,106.78125,31.84375,4.77803709001117,1602.57631185443,12.5120467972641,16.4023698166387,16.0169021610686,0,1.21657412958687
"515","Tuluksak","Kuskokwim",1987,76521.459997654,3374.02506661631,43.765625,31.34375,104.084613316957,1355.7485499051,12.6119638528073,14.8292617906875,14.2729810506452,0,2.61180874936399
"516","Tuluksak","Kuskokwim",1988,108659.48985219,3865.22196022241,54.453125,29.90625,218.63945259912,1538.40543306865,13.3631440863013,17.4012227603863,16.3134079798049,2,0.548475988193275
"517","Tuluksak","Kuskokwim",1989,115314.329859257,5661.30631444937,104.71875,68.0625,135.804418866638,1436.20363856412,12.5605987341966,15.7344198010231,15.2340541760069,0,0
"518","Tuluksak","Kuskokwim",1990,111658.559976816,6012.50585516856,111.796875,47.75,289.043559488049,1516.24801003554,13.5162540164341,16.6645871898364,15.8550911087953,0,0
"519","Tuluksak","Kuskokwim",1991,55497.1700184345,3299.17355308064,63.4375,28.9375,118.167363077523,1416.23595209033,11.8279197193056,16.55824183581,16.2389051375147,0,0
"520","Tuluksak","Kuskokwim",1992,84753.2900123596,4292.53771356303,75.609375,29.234375,137.04706941326,1309.18142368269,12.3676865234537,17.0206989324255,16.752450658494,1,19.5131790790787
"521","Tuluksak","Kuskokwim",1993,96042.770014286,4684.88533295151,127.65625,52.96875,75.3020262664284,1533.84603905376,13.940358056028,17.9793097400625,17.2758658886597,5,2.93732077838476
"522","Tuluksak","Kuskokwim",1994,157193.950014353,4869.06230183386,108.984375,54.703125,136.086865608426,1352.06034267286,12.2762637510636,14.65392551143,14.0333236295732,0,0
"523","Tuluksak","Kuskokwim",1995,93970.6902251244,5514.93559321193,86.859375,49.140625,28.5023337812367,1653.05298656342,13.452355094402,17.6062805710671,16.2246648427419,1,0.606280571067117
"524","Tuluksak","Kuskokwim",1996,70117.1099209785,3959.46562097653,92.765625,31.765625,46.7948122537821,1603.51329117349,12.3730053426797,18.0932224695521,17.9531203489368,20,13.0306314619987
"525","Tuluksak","Kuskokwim",1997,75716.8200167418,3204.89552629091,80.4375,24.28125,87.2370556469473,1601.89766321953,14.9663596281894,17.6120540184071,17.2854863905145,10,3.1108274017763
"526","Tuluksak","Kuskokwim",1998,88037.9700815678,5402.89092281023,85.609375,44.5,37.966956171392,1541.1201672449,14.3501653858851,15.4969569595465,15.2751712838791,0,2.72823728110169
"527","Tuluksak","Kuskokwim",1999,101267.000026464,5621.8116463186,62.515625,40.65625,54.1785571556833,1554.27032155827,13.9557417599585,15.9565949798278,15.6185825382108,0,0
"528","Tuluksak","Kuskokwim",2000,126696.180008203,5507.95921564598,84.15625,40.1875,53.4411622909656,1582.46820516718,12.8766085179912,18.2807984543894,17.6918139132344,16,8.58575370877115
"529","Tuluksak","Kuskokwim",2001,168685.499998093,6866.09059062338,122.078125,44.34375,115.009633627158,1327.53755208625,11.7572363159801,14.5021532890306,13.5936425950715,0,0
"530","Tuluksak","Kuskokwim",2002,88363.8300833702,4873.25499980293,78.875,21.46875,41.8604975018443,1692.33753104471,15.6195895638699,19.0105413317711,18.0988252260932,28,22.1781436402011
"531","Tuluksak","Kuskokwim",2003,102744.890086412,5228.20190968884,109.90625,34.3125,55.2518950608563,1680.54526456167,15.2285580463206,17.0782792850454,17.9123162347556,2,8.57714390973931
"532","Tuluksak","Kuskokwim",2004,105841.929986753,5159.24607623411,81.35156,19.484375,79.8686430925484,1615.26813245502,14.2092634084023,17.1353553179994,16.7385243641837,4,0.532462162961899
"533","Tuluksak","Kuskokwim",2005,118633.649962425,5837.3190803394,98.15625,26.9375,99.9756896900192,1531.93512779485,14.1534721805052,18.6052794773099,18.2312386877292,33,22.254354411688
"534","Tuluksak","Kuskokwim",2006,120301.749943256,5064.48453962528,124.046875,34.71875,79.7650520535197,1471.98063430888,13.4448684949239,17.4518202565902,17.1798839864092,6,3.10524055329035
"535","Tuluksak","Kuskokwim",2007,112528.059963942,6298.06999853192,88.14844,31.25,49.819629096381,1688.85665150722,14.2325438984136,18.246464158925,18.1084066934055,20,19.5186537529532
"536","Tuluksak","Kuskokwim",2008,102618.370004773,4870.84758458943,66.94531,39.0625,172.82336963393,1470.35587550607,12.6671195609681,13.7595487236133,13.4146926067567,0,0
"537","Tuluksak","Kuskokwim",2009,92456.9000310898,3958.47585371991,60.179688,19.25,157.315364000863,1581.22676943833,13.367924471899,17.2192036667365,16.7615509134468,4,0.5984559411717
"538","Tuluksak","Kuskokwim",2010,103511.239959598,4548.1763151057,128.90625,43.09375,75.3590637079357,1456.71667209068,13.8783068849618,16.8999420323098,16.5728465353959,0,1.718633215628
"539","Tuluksak","Kuskokwim",2011,86226.72991395,4036.40579061525,108.671875,50.359375,108.767024029439,1326.04716878592,10.9796121516494,16.3585555287376,15.30634261365,0,0.435301458227332
"540","Tuluksak","Kuskokwim",2012,102501.310019732,6114.02333538635,118.875,65.53125,126.557222988313,1302.44843432063,12.2100662303004,15.0604242356798,14.4924466534321,0,0
"541","Tuluksak","Kuskokwim",2013,106150.739936352,3984.12966991402,123.91406,32.359375,111.341886091642,1369.29728689371,14.8899980907535,18.4261625628568,18.0072192418816,16,21.9679405452823
"542","Tuluksak","Kuskokwim",2014,71606.3200620413,3971.53263377919,69.625,25.0625,17.6245590090913,1691.68276621571,13.7437973549214,17.1216574129587,16.9562614085752,1,0.600798645905048
"543","Tuluksak","Kuskokwim",2015,201408.319852293,5970.4584876162,143.76562,23.9375,28.260909093661,1726.40314943235,15.442183565092,18.1214134361272,17.8945924850354,23,18.3602610759165
"544","Tuluksak","Kuskokwim",2016,106553.40001452,6215.89359419895,85.546875,39.4375,12.9333650032459,1791.29354534387,13.3119204912287,16.12742877714,15.9086394855354,0,0
"545","Tuluksak","Kuskokwim",2017,116867.899998426,6373.41302623818,177.42188,32.40625,60.1405110602894,1724.92130084026,15.1806413809638,18.1214134361272,18.0646813778479,27,25.8048585783681
"546","Tuluksak","Kuskokwim",2018,115361.460021496,5643.22309519498,140.42188,56.125,71.5421619285884,1518.21321352466,13.603459397515,16.4615979146404,15.7917252358832,0,0
"547","Carmacks","Yukon (CA)",1980,144933.720026612,10466.0468574043,132.60938,36.195312,111.532881789131,1520.11916335042,18.6772633325261,18.6023009358742,18.2927589008998,26,16.9250913456641
"548","Carmacks","Yukon (CA)",1981,207321.670065761,10219.7334881825,127.703125,68.21875,96.737634465678,1520.57880935232,17.2137801649498,17.9034749699721,17.600748803213,11,6.04632046702202
"549","Carmacks","Yukon (CA)",1982,166740.269949794,8418.19664143509,42.0625,18.9375,149.417562900473,1542.63347911781,17.9118794661418,18.7522100682406,18.2060605808877,29,24.1903158199212
"550","Carmacks","Yukon (CA)",1983,248297.100024223,14644.0006538506,55.8125,46.46875,92.4783152399129,1610.06539424173,17.0214929261233,18.910866590014,18.5458511613706,36,32.4780053511383
"551","Carmacks","Yukon (CA)",1984,301706.421090245,12602.2544546598,91.171875,43.90625,126.367744607293,1485.4735667943,17.6154323899992,17.9893171948603,17.6668541317556,24,14.0976782309961
"552","Carmacks","Yukon (CA)",1985,202028.350051403,12277.6315025386,79.53125,53.140625,156.085067253637,1446.14485841072,16.9444986095599,19.3138616293356,18.7227434592207,40,38.5477455443655
"553","Carmacks","Yukon (CA)",1986,291027.859991491,13319.7360562188,137.14062,94.859375,164.113343810599,1445.70001510696,16.3868515439096,18.7768441299231,18.5730920400883,31,25.8232676023753
"554","Carmacks","Yukon (CA)",1987,165100.089978099,10857.7492092278,155.96094,47.328125,100.800318919276,1644.9725291537,17.3388220881832,18.7522741457219,18.2784521144764,32,29.8072882036353
"555","Carmacks","Yukon (CA)",1988,147349.839988112,15112.0092170293,137.70312,99.25,137.151122698795,1487.54664330371,16.2851986831405,18.7465487917515,18.3840171301825,32,25.9170954892617
"556","Carmacks","Yukon (CA)",1989,214129.170057863,9998.23151551687,35.367188,22.71875,133.629848360197,1602.16033796733,18.6839437500061,19.4319006757987,18.9768833479714,40,56.4731420522672
"557","Carmacks","Yukon (CA)",1990,244644.830011517,15306.7158537276,58.5,53.09375,236.967068127691,1528.91509038417,17.5576679927059,20.0248680385981,19.7734921856453,47,65.1013032150847
"558","Carmacks","Yukon (CA)",1991,383725.399789158,17304.0127677765,135.4375,71.65625,317.376657585258,1490.78457925904,16.5215101066492,20.2104320657019,20.0112346227706,34,58.513737878649
"559","Carmacks","Yukon (CA)",1992,191218.900002003,11865.6314421858,77.59375,64.015625,142.892435622161,1441.12068333141,16.4963590130195,20.2673851153982,19.7225150489704,40,64.1913915127849
"560","Carmacks","Yukon (CA)",1993,237628.310086131,16385.7085070543,88.140625,52.515625,85.038787217653,1488.14231961599,16.3026800945097,20.010450334752,19.4923139205179,45,60.9172036442931
"561","Carmacks","Yukon (CA)",1994,188184.570022583,9626.70750045232,195.6875,37.8125,156.027906193068,1703.48315468427,18.9516324627663,19.4904231368634,18.6499502067367,39,37.4616520243245
"562","Carmacks","Yukon (CA)",1995,357578.899958134,13368.7362466475,51.859375,30.257812,160.758398157508,1727.83432098355,19.0484391090314,19.3512663417748,18.18083872234,33,27.6385887591698
"563","Carmacks","Yukon (CA)",1996,224583.399830222,11320.0824785572,104.90625,34.5625,161.827571417156,1506.58218193113,17.8979942890643,18.828719484389,18.5988610912422,40,39.8891167801157
"564","Carmacks","Yukon (CA)",1997,131971.870055437,10574.1757917444,59.09375,39.90625,100.157542886669,1678.37640314418,17.6153286629958,18.421807176074,18.2448474157109,36,29.2170247998446
"565","Carmacks","Yukon (CA)",1998,112342.219808936,7008.3514508967,82.65625,17.265625,58.3777746259484,1692.44023188284,18.2997588419371,19.0671966649239,18.3378848590825,26,24.1220796271996
"566","Carmacks","Yukon (CA)",1999,121895.510043755,11998.0469001941,67.125,39.25,92.8274227492596,1679.86706603908,19.4883460383845,19.3759557131516,19.0087932201895,44,52.6111576735197
"567","Carmacks","Yukon (CA)",2000,317377.330179691,18078.0515240764,266.98438,94.71875,72.0249284825009,1574.03643077854,17.6858452418905,18.1668223289478,17.3233244510197,12,5.87131679423593
"568","Carmacks","Yukon (CA)",2001,202591.390061736,10694.7830271048,74.921875,71.5,90.7329119053804,1623.98658705752,17.1241013292612,17.8504594018047,17.2931479289594,9,3.52779543462549
"569","Carmacks","Yukon (CA)",2002,297492.670253813,12544.3597374758,75.671875,30.3125,65.1706478920354,1565.67337071459,18.2568459711629,20.2148139301102,19.7341152203025,22,37.7455272568354
"570","Carmacks","Yukon (CA)",2003,138002.550058246,7429.94875279615,49.921875,33.140625,190.326079675207,1557.02335350587,18.3040344688899,18.715385220368,18.2542614450951,29,23.8653218700605
"571","Carmacks","Yukon (CA)",2004,216047.959240735,9104.75542602228,53.65625,34.546875,127.884342104128,1548.14809096923,17.0651788963912,20.4332083757009,19.8677682037601,53,79.6369841300779
"572","Carmacks","Yukon (CA)",2005,296537.379864663,17341.1177630766,233.24219,47.375,69.6132308547502,1591.7587459775,17.2033796432334,18.8235808122417,18.3979440964758,38,30.2337076651414
"573","Carmacks","Yukon (CA)",2006,175348.160726488,11072.9038877257,72.0625,29.8125,126.904889791999,1746.63247930512,18.5780802119889,18.7860781285869,18.1976420405149,20,16.9956623263227
"574","Carmacks","Yukon (CA)",2007,141479.850023329,12407.8052640093,88.67969,60.71875,115.27296052972,1730.1994697094,18.0271290657709,19.8781133110996,19.701717506271,42,84.0060559207761
"575","Carmacks","Yukon (CA)",2008,324049.210061073,15048.6678573634,235.67188,90.71875,102.512334104534,1480.82455164318,15.7983987230821,19.0655531628632,18.5795085469411,27,24.9389896987919
"576","Carmacks","Yukon (CA)",2009,237947.890184164,10889.5217126028,41.09375,28.75,137.790346120533,1730.57953034927,19.5713233796988,19.4735155828451,19.0726228522703,30,44.6207370933622
"577","Carmacks","Yukon (CA)",2010,233957.429982377,10197.5842711273,36.695312,22.1875,131.752052319132,1602.0613416983,18.9973473389861,18.6868670924815,18.3774818078552,37,33.0501672254399
"578","Carmacks","Yukon (CA)",2011,232220.440053225,13695.368489915,180.48438,69.984375,111.448086377412,1477.0797443401,16.4820980596369,18.1767965624601,17.7230058443787,27,13.593477594818
"579","Carmacks","Yukon (CA)",2012,228350.890104085,12666.0466668447,81.15625,57.25,122.857348370061,1487.00525675026,16.656739175797,18.0429545316408,17.6450394517429,22,10.0184549550759
"580","Carmacks","Yukon (CA)",2013,205407.499948703,13185.1990061198,82.453125,39.265625,143.30147018258,1539.47596121409,19.0293148556349,19.6791025445569,19.2973918035692,48,63.2242305585312
"581","Carmacks","Yukon (CA)",2014,570319.890195668,17441.1254639589,325.3125,57.6875,46.3117820201804,1570.49226173607,16.2267899228898,18.9854520028263,18.475542352842,9,11.543997827183
"582","Carmacks","Yukon (CA)",2015,270123.09002924,13411.9590125659,168.73438,59.75,51.7347854285819,1725.51281335914,17.6826822249435,19.6895444119301,19.2001170803498,43,52.9064724851076
"583","Carmacks","Yukon (CA)",2016,236674.379815817,12186.6391422315,66.078125,45.75,53.2500943803405,1742.99597887817,17.2522707776834,19.2413339971839,18.5057508885352,31,35.4626942460871
"584","Carmacks","Yukon (CA)",2017,256684.44980377,14813.1637427738,130.25,76.65625,83.367584382642,1670.36052452471,17.9842414738894,19.5455630032696,19.113278643383,43,65.3572156542121
"585","Carmacks","Yukon (CA)",2018,163563.76000002,7205.10256525178,133.73438,29.34375,78.4957808924485,1570.6676481333,18.9135865312503,19.8064942864428,19.3337161846487,29,30.87922606667
"586","LwrMain","Yukon (CA)",1980,271820.710047603,15906.1796742112,140.90625,64,90.0362478335005,1118.37040932019,11.3800762508351,18.6023009358742,18.2927589008998,26,16.9250913456641
"587","LwrMain","Yukon (CA)",1981,241503.009979367,17046.7746718173,138.85938,87.1875,110.050651541416,1118.97765733758,9.78021452850879,17.9034749699721,17.600748803213,11,6.04632046702202
"588","LwrMain","Yukon (CA)",1982,254242.070056796,14482.1832240189,96.234375,49.78125,129.181677727203,1106.16750279229,10.9527269391136,18.7522100682406,18.2060605808877,29,24.1903158199212
"589","LwrMain","Yukon (CA)",1983,243232.979908466,16889.5084880122,115.765625,47.734375,149.253654445362,1087.85599637092,9.51280551156682,18.910866590014,18.5458511613706,36,32.4780053511383
"590","LwrMain","Yukon (CA)",1984,310075.960029125,14347.550068523,130.90625,50.28125,157.883064491046,1089.13093391125,11.0771950489957,17.9893171948603,17.6668541317556,24,14.0976782309961
"591","LwrMain","Yukon (CA)",1985,193582.33001709,16598.9467796321,179.51562,87.453125,167.746669075585,1089.60894071808,10.962079047941,19.3138616293356,18.7227434592207,40,38.5477455443655
"592","LwrMain","Yukon (CA)",1986,329827.790385783,10370.5526379806,321.75,63.5,154.762807504988,1102.38517290721,9.72218019514509,18.7768441299231,18.5730920400883,31,25.8232676023753
"593","LwrMain","Yukon (CA)",1987,203203.720013857,16182.8142156511,164.89844,56.34375,182.894659677697,1026.84811807213,10.5953801544535,18.7522741457219,18.2784521144764,32,29.8072882036353
"594","LwrMain","Yukon (CA)",1988,269355.680048287,17168.3230094163,216.07812,80.78125,204.521697431723,1059.33253480804,10.7052992694227,18.7465487917515,18.3840171301825,32,25.9170954892617
"595","LwrMain","Yukon (CA)",1989,208530.670018554,9914.19598712672,81.625,44.03125,177.457979023186,1126.47578304354,11.5890260875606,19.4319006757987,18.9768833479714,40,56.4731420522672
"596","LwrMain","Yukon (CA)",1990,282935.080043793,17649.4586133831,129.96875,67.15625,204.120062831947,1103.36802991386,11.1960541751587,20.0248680385981,19.7734921856453,47,65.1013032150847
"597","LwrMain","Yukon (CA)",1991,370481.470109344,16255.2332384169,224.09375,58.125,271.172362973234,1082.16427106375,10.0996200155753,20.2104320657019,20.0112346227706,34,58.513737878649
"598","LwrMain","Yukon (CA)",1992,255366.189997554,16499.3999344536,151.10938,56,219.701642665009,1033.26231738622,10.2659501239428,20.2673851153982,19.7225150489704,40,64.1913915127849
"599","LwrMain","Yukon (CA)",1993,283309.740007639,13788.4975047837,155.73438,62.859375,207.620521243607,1087.56302800227,10.6669399852849,20.010450334752,19.4923139205179,45,60.9172036442931
"600","LwrMain","Yukon (CA)",1994,212561.520114571,14636.317964821,71.25,50.234375,157.017709101155,1181.00905109557,12.7571715978702,19.4904231368634,18.6499502067367,39,37.4616520243245
"601","LwrMain","Yukon (CA)",1995,248606.099985123,15450.5015189375,143.98438,64.0625,86.6677673468554,1157.26398268938,10.4321408225606,19.3512663417748,18.18083872234,33,27.6385887591698
"602","LwrMain","Yukon (CA)",1996,252925.259413362,15757.0259442964,107.015625,60.15625,207.335517197143,1059.7749426104,9.67189175273832,18.828719484389,18.5988610912422,40,39.8891167801157
"603","LwrMain","Yukon (CA)",1997,260515.860025525,21145.4292786346,192.5,77.375,155.540103539982,1167.71580350363,11.6427177985598,18.421807176074,18.2448474157109,36,29.2170247998446
"604","LwrMain","Yukon (CA)",1998,254124.660019547,14842.5527681505,60.046875,39.65625,74.2158080384508,1122.96531638228,10.6097281987419,19.0671966649239,18.3378848590825,26,24.1220796271996
"605","LwrMain","Yukon (CA)",1999,435536.60000515,14611.2946151403,112.59375,41.4375,240.32561503128,1089.74048337191,11.7990332301146,19.3759557131516,19.0087932201895,44,52.6111576735197
"606","LwrMain","Yukon (CA)",2000,268020.150060073,20051.7178412316,146.23438,88.578125,141.984923762953,1096.63674101631,10.9208987828955,18.1668223289478,17.3233244510197,12,5.87131679423593
"607","LwrMain","Yukon (CA)",2001,176951.969974846,15553.8651970651,188.25,73.671875,158.653093737679,1138.37635385503,11.1824445906153,17.8504594018047,17.2931479289594,9,3.52779543462549
"608","LwrMain","Yukon (CA)",2002,309061.700086832,18484.5006646941,204.10938,66.015625,152.615624113233,1156.44407491286,12.0337936339083,20.2148139301102,19.7341152203025,22,37.7455272568354
"609","LwrMain","Yukon (CA)",2003,652721.590180472,19699.9634874752,205.85938,56.53125,284.232290946779,1064.18347516452,10.748103200033,18.715385220368,18.2542614450951,29,23.8653218700605
"610","LwrMain","Yukon (CA)",2004,324861.749973536,11926.4995450446,274.85938,28.1875,283.385818512513,1119.94715102508,11.14707284406,20.4332083757009,19.8677682037601,53,79.6369841300779
"611","LwrMain","Yukon (CA)",2005,341577.300099254,20809.7344096798,86.84375,49.703125,215.569741821289,1116.13368999954,11.3101293357677,18.8235808122417,18.3979440964758,38,30.2337076651414
"612","LwrMain","Yukon (CA)",2006,253852.430012651,13781.8987499921,88.171875,44.46875,123.450197842761,1150.53404148226,10.6287789574593,18.7860781285869,18.1976420405149,20,16.9956623263227
"613","LwrMain","Yukon (CA)",2007,404181.100692898,25568.1721864974,145.03125,63.71875,146.221804524633,1159.1240906308,10.7969439694576,19.8781133110996,19.701717506271,42,84.0060559207761
"614","LwrMain","Yukon (CA)",2008,467956.327937484,26237.164665034,161.32031,83.625,155.798075700264,1132.86433438894,10.9469186616163,19.0655531628632,18.5795085469411,27,24.9389896987919
"615","LwrMain","Yukon (CA)",2009,548687.183295727,19887.4289925369,136.01562,45.65625,125.516236178857,1158.94871471342,12.0645466465669,19.4735155828451,19.0726228522703,30,44.6207370933622
"616","LwrMain","Yukon (CA)",2010,543880.110813677,35377.8385575609,114.65625,64.46875,82.6316323285328,1150.37961910143,12.11806768674,18.6868670924815,18.3774818078552,37,33.0501672254399
"617","LwrMain","Yukon (CA)",2011,569752.427942514,39962.2384074014,158.39062,71.234375,92.0548050885425,1119.27865738271,9.9695533762795,18.1767965624601,17.7230058443787,27,13.593477594818
"618","LwrMain","Yukon (CA)",2012,330378.959531486,24575.2748227643,90.9375,60.625,122.376003515256,1157.70247494064,10.8941584241608,18.0429545316408,17.6450394517429,22,10.0184549550759
"619","LwrMain","Yukon (CA)",2013,413769.458520919,20094.7648636791,233.35938,52.1875,180.110836479538,1107.45477888093,12.2627174402955,19.6791025445569,19.2973918035692,48,63.2242305585312
"620","LwrMain","Yukon (CA)",2014,535924.534574986,35379.9182573794,182.75,58.5625,121.671482274808,1126.99030281569,9.7382296953988,18.9854520028263,18.475542352842,9,11.543997827183
"621","LwrMain","Yukon (CA)",2015,433012.559214205,38699.9939488534,220.51562,68.3125,207.100451508367,1133.05095962549,11.3862722273861,19.6895444119301,19.2001170803498,43,52.9064724851076
"622","LwrMain","Yukon (CA)",2016,470717.278744243,30406.5508163529,478.53125,84.203125,136.422685262781,1180.92486417262,11.0756996908734,19.2413339971839,18.5057508885352,31,35.4626942460871
"623","LwrMain","Yukon (CA)",2017,435102.299127057,27707.0206466495,121.078125,54.4375,166.935314656469,1232.34180958051,12.4623735158535,19.5455630032696,19.113278643383,43,65.3572156542121
"624","LwrMain","Yukon (CA)",2018,489343.789957643,24729.6992883736,236.23438,71.65625,145.598930791175,1090.14510845512,12.5568217561953,19.8064942864428,19.3337161846487,29,30.87922606667
"625","MidMain","Yukon (CA)",1980,2595700.12064844,156099.566547885,1377.6719,1283.7812,178.600458304838,2048.77149154694,18.061907181082,18.6023009358742,18.2927589008998,26,16.9250913456641
"626","MidMain","Yukon (CA)",1981,4035486.31015933,173368.295925631,1563.8281,1421.2109,170.155671697082,2023.87101381427,17.9411155458244,17.9034749699721,17.600748803213,11,6.04632046702202
"627","MidMain","Yukon (CA)",1982,2500431.96054173,116941.042438842,1218.9375,994.4375,177.585099956843,2035.54755684258,17.7962151423271,18.7522100682406,18.2060605808877,29,24.1903158199212
"628","MidMain","Yukon (CA)",1983,3146961.47096194,227977.288291785,1311.8594,1157.9375,126.430543947539,1977.75644500609,16.8968654683361,18.910866590014,18.5458511613706,36,32.4780053511383
"629","MidMain","Yukon (CA)",1984,2794239.56280716,163064.578451328,1183.9531,1052.3594,181.646511664751,2039.89029910001,18.2124109512379,17.9893171948603,17.6668541317556,24,14.0976782309961
"630","MidMain","Yukon (CA)",1985,1688889.52981269,150766.730472232,1676.6562,1402.2969,212.6305402582,2016.03276665441,17.4124461359139,19.3138616293356,18.7227434592207,40,38.5477455443655
"631","MidMain","Yukon (CA)",1986,3814075.77018396,173113.665742743,1939.3594,1563.5625,218.230829900244,2032.3798253917,17.2371938664599,18.7768441299231,18.5730920400883,31,25.8232676023753
"632","MidMain","Yukon (CA)",1987,2382315.24029084,175630.739144098,1710.8281,1395.6562,180.748481524254,2030.70044716144,17.2099403455255,18.7522741457219,18.2784521144764,32,29.8072882036353
"633","MidMain","Yukon (CA)",1988,3137440.22015483,233999.350297279,2457.1719,1736.8438,207.220689494648,2019.08927918556,17.277309575068,18.7465487917515,18.3840171301825,32,25.9170954892617
"634","MidMain","Yukon (CA)",1989,3064716.02207495,147662.027261819,1199.5,1192.3438,244.988319041432,2051.96807249787,17.9255286494559,19.4319006757987,18.9768833479714,40,56.4731420522672
"635","MidMain","Yukon (CA)",1990,2475825.33984354,184782.555025683,1431.6875,1350.8906,308.872491153731,2038.26942043475,18.0114186557434,20.0248680385981,19.7734921856453,47,65.1013032150847
"636","MidMain","Yukon (CA)",1991,3606262.1688858,241858.743348275,1539.2031,1350.75,346.453685958569,2016.12044277987,17.8654884315843,20.2104320657019,20.0112346227706,34,58.513737878649
"637","MidMain","Yukon (CA)",1992,3574316.20009682,154989.996890363,1998.4844,1573.5938,235.544093239991,2029.09820067618,17.2497462757067,20.2673851153982,19.7225150489704,40,64.1913915127849
"638","MidMain","Yukon (CA)",1993,2864062.67802173,189337.456104911,1638.5938,1593.5312,203.209973670596,2031.60898255739,17.2670398403167,20.010450334752,19.4923139205179,45,60.9172036442931
"639","MidMain","Yukon (CA)",1994,2672771.68846088,149345.768232727,1501.9531,1385.0938,246.663330342313,2049.89620547377,17.9498728357109,19.4904231368634,18.6499502067367,39,37.4616520243245
"640","MidMain","Yukon (CA)",1995,2958161.42990697,147512.122427971,988.25,963.96875,216.504790740417,2091.17158903077,17.8460820268207,19.3512663417748,18.18083872234,33,27.6385887591698
"641","MidMain","Yukon (CA)",1996,3070182.92993739,141977.691183533,1298.2969,1094.1875,219.420610913204,2009.69745479513,16.9491492028178,18.828719484389,18.5988610912422,40,39.8891167801157
"642","MidMain","Yukon (CA)",1997,2006225.79041491,162026.209754015,1406.4062,1198.3906,230.399157797635,2042.39066769288,17.8743357887592,18.421807176074,18.2448474157109,36,29.2170247998446
"643","MidMain","Yukon (CA)",1998,2292693.35083182,105422.784760294,1010.5,928.71875,117.196292191452,2020.27637063613,18.1750986758602,19.0671966649239,18.3378848590825,26,24.1220796271996
"644","MidMain","Yukon (CA)",1999,2060538.32946311,159185.378221126,1428.4062,1117.9688,217.380571589003,2038.43195556603,18.2137663011639,19.3759557131516,19.0087932201895,44,52.6111576735197
"645","MidMain","Yukon (CA)",2000,2606878.16077451,218860.982416886,1941.9844,1747.0781,142.83949747391,2020.45545551629,17.4186455855767,18.1668223289478,17.3233244510197,12,5.87131679423593
"646","MidMain","Yukon (CA)",2001,2301403.17067394,165504.411131147,1970.5,1526.2188,167.513582949682,2034.36277657794,17.6658613442587,17.8504594018047,17.2931479289594,9,3.52779543462549
"647","MidMain","Yukon (CA)",2002,3102900.03086165,160268.354636903,1181.4688,1137.75,119.28026691775,1986.06229187806,17.4994438740682,20.2148139301102,19.7341152203025,22,37.7455272568354
"648","MidMain","Yukon (CA)",2003,2182545.29004825,138573.296280706,1204.4375,1006.4375,197.950845133981,2063.58332475632,18.0299541793723,18.715385220368,18.2542614450951,29,23.8653218700605
"649","MidMain","Yukon (CA)",2004,2110674.33817069,135341.527850402,1274.5,1237.3594,218.000153011504,2050.5948098055,17.9655636466908,20.4332083757009,19.8677682037601,53,79.6369841300779
"650","MidMain","Yukon (CA)",2005,3397544.44992078,197679.35250567,1423.1562,1434.2812,166.108318217586,2036.07923758584,18.2564876699316,18.8235808122417,18.3979440964758,38,30.2337076651414
"651","MidMain","Yukon (CA)",2006,1989152.5903722,174447.819168102,1438.7812,1324.7812,181.468890749824,2033.22686429972,17.2978408114786,18.7860781285869,18.1976420405149,20,16.9956623263227
"652","MidMain","Yukon (CA)",2007,2910619.30050846,213726.548834204,2033.2188,1741.5625,272.828863728123,2042.90088744007,17.3726880869124,19.8781133110996,19.701717506271,42,84.0060559207761
"653","MidMain","Yukon (CA)",2008,3352879.37039667,199678.213586048,1681.1875,1521.9062,245.254037028805,2011.45312274741,17.3851443762478,19.0655531628632,18.5795085469411,27,24.9389896987919
"654","MidMain","Yukon (CA)",2009,3823151.81409924,155741.89167428,1317.5938,1473.4219,240.1655157192,2025.56810615085,17.7893936479169,19.4735155828451,19.0726228522703,30,44.6207370933622
"655","MidMain","Yukon (CA)",2010,3146227.47991032,166008.859226684,1151.125,1096.75,173.691104931643,2053.56398382883,18.5260967914103,18.6868670924815,18.3774818078552,37,33.0501672254399
"656","MidMain","Yukon (CA)",2011,2966050.13985861,209289.26023055,1304.0391,1238.9609,213.212327025675,2026.28430067853,16.8561709408425,18.1767965624601,17.7230058443787,27,13.593477594818
"657","MidMain","Yukon (CA)",2012,3244625.44949267,206177.104174619,1676.6875,1461.9531,254.619428148774,2026.00953926444,17.5212875081329,18.0429545316408,17.6450394517429,22,10.0184549550759
"658","MidMain","Yukon (CA)",2013,2939909.12000188,189724.276493768,1446.2969,1371.0625,237.850331827903,2047.41564749416,18.1904351754231,19.6791025445569,19.2973918035692,48,63.2242305585312
"659","MidMain","Yukon (CA)",2014,5603135.56089836,234883.808375179,1456.1562,1356.9688,101.652660720539,1968.74489728509,17.4776895096443,18.9854520028263,18.475542352842,9,11.543997827183
"660","MidMain","Yukon (CA)",2015,4339219.2104497,220620.654817338,1509.875,1282.9688,141.202891877583,2047.15442836015,17.8101923279155,19.6895444119301,19.2001170803498,43,52.9064724851076
"661","MidMain","Yukon (CA)",2016,3425486.26969343,187269.32823145,1287.4297,1071.0469,136.65639114985,2093.74611072007,18.3464755029622,19.2413339971839,18.5057508885352,31,35.4626942460871
"662","MidMain","Yukon (CA)",2017,3103742.68968473,211282.309629303,1639.25,1168.6719,129.988956195653,2009.05069596011,17.9701020123136,19.5455630032696,19.113278643383,43,65.3572156542121
"663","MidMain","Yukon (CA)",2018,3316403.40011614,138684.489411175,1007.34375,984.3125,135.988270970622,1916.31756437086,19.2539049981847,19.8064942864428,19.3337161846487,29,30.87922606667
"664","Pelly","Yukon (CA)",1980,150289.299997151,13942.3018980833,109.71875,102.25,126.295767030868,2087.76189671918,18.1571309693162,18.6023009358742,18.2927589008998,26,16.9250913456641
"665","Pelly","Yukon (CA)",1981,199467.96004343,11621.4607930444,93,90.109375,128.672661221087,2038.15960530414,17.3255463407689,17.9034749699721,17.600748803213,11,6.04632046702202
"666","Pelly","Yukon (CA)",1982,281263.060018301,11025.7828962335,92.59375,92.421875,154.82002061674,2174.8719056161,18.2583060678437,18.7522100682406,18.2060605808877,29,24.1903158199212
"667","Pelly","Yukon (CA)",1983,277996.890013576,17178.5627021499,112.40625,108.78125,164.462466061077,2054.34004326902,17.692814628222,18.910866590014,18.5458511613706,36,32.4780053511383
"668","Pelly","Yukon (CA)",1984,433680.440122485,17283.0474499652,101.125,87.390625,220.347870045613,1961.79873661084,18.8545007935941,17.9893171948603,17.6668541317556,24,14.0976782309961
"669","Pelly","Yukon (CA)",1985,385346.600235164,17887.757108976,141.10938,169.84375,231.744762786001,1878.79069794135,16.4886834556523,19.3138616293356,18.7227434592207,40,38.5477455443655
"670","Pelly","Yukon (CA)",1986,323503.380089045,15813.6246756184,135.23438,124.734375,172.803111041472,2028.55642303715,17.3165327994976,18.7768441299231,18.5730920400883,31,25.8232676023753
"671","Pelly","Yukon (CA)",1987,222052.410007954,14493.7721749707,154.23438,136.25,119.845984324445,2000.44361168222,17.4346770973991,18.7522741457219,18.2784521144764,32,29.8072882036353
"672","Pelly","Yukon (CA)",1988,285958.580058455,16854.026410062,148.15625,163.34375,162.696194948884,2011.94938280642,17.0416482016403,18.7465487917515,18.3840171301825,32,25.9170954892617
"673","Pelly","Yukon (CA)",1989,192925.260096166,9921.20414722507,66.53125,74.46875,165.288527822131,2206.78613205355,20.5170432868991,19.4319006757987,18.9768833479714,40,56.4731420522672
"674","Pelly","Yukon (CA)",1990,285692.870156303,17755.5258587998,176.625,142.57812,200.739613493946,1968.63792512446,18.4335925191923,20.0248680385981,19.7734921856453,47,65.1013032150847
"675","Pelly","Yukon (CA)",1991,350461.239965737,20586.205851908,257.90625,188.48438,368.814881591876,1866.23845174258,15.8929144661326,20.2104320657019,20.0112346227706,34,58.513737878649
"676","Pelly","Yukon (CA)",1992,208980.890147686,13322.7735320544,131.54688,121.8125,174.420986247029,1903.42597708879,17.0495334038264,20.2673851153982,19.7225150489704,40,64.1913915127849
"677","Pelly","Yukon (CA)",1993,221351.860022545,16538.0231734486,115.53125,140.34375,131.125231972249,2039.6890836876,18.0349843790591,20.010450334752,19.4923139205179,45,60.9172036442931
"678","Pelly","Yukon (CA)",1994,245227.100133657,10171.1647310478,137.9375,86.4375,95.9468579676257,2142.54453195199,20.3927157276452,19.4904231368634,18.6499502067367,39,37.4616520243245
"679","Pelly","Yukon (CA)",1995,198263.300029993,15829.9426301471,182.21875,125.46875,133.095723198877,2084.41072605827,16.6182825886145,19.3512663417748,18.18083872234,33,27.6385887591698
"680","Pelly","Yukon (CA)",1996,342041.330272913,18352.9931286134,155.98438,117.53125,139.158804399585,2098.51496526773,17.4307170847529,18.828719484389,18.5988610912422,40,39.8891167801157
"681","Pelly","Yukon (CA)",1997,146559.679859132,15010.6348553625,154.65625,134.32812,94.4287915041824,2029.81269841686,16.810682654425,18.421807176074,18.2448474157109,36,29.2170247998446
"682","Pelly","Yukon (CA)",1998,137950.619692445,11285.3536306391,71.15625,79.796875,40.7803179514228,2254.61953575329,18.9291109206046,19.0671966649239,18.3378848590825,26,24.1220796271996
"683","Pelly","Yukon (CA)",1999,139880.059955638,16315.2037500341,178.5625,103.78125,110.175091108303,2089.88620918825,17.6974469234068,19.3759557131516,19.0087932201895,44,52.6111576735197
"684","Pelly","Yukon (CA)",2000,489334.040027678,21750.810598492,185.57812,129.35938,94.1262376012922,1968.57204948103,17.5477117157311,18.1668223289478,17.3233244510197,12,5.87131679423593
"685","Pelly","Yukon (CA)",2001,347871.770385265,11357.6245444132,138.39062,118.34375,103.274730512272,2058.38286705425,17.5681629482216,17.8504594018047,17.2931479289594,9,3.52779543462549
"686","Pelly","Yukon (CA)",2002,316207.249953452,12959.8472402209,190.70312,120.71875,70.9084089347462,2110.72097254959,18.0716444112928,20.2148139301102,19.7341152203025,22,37.7455272568354
"687","Pelly","Yukon (CA)",2003,138228.060031891,9707.50802762587,67.53125,82.125,148.732948189822,2159.30664538327,20.5170432868991,18.715385220368,18.2542614450951,29,23.8653218700605
"688","Pelly","Yukon (CA)",2004,227423.250335455,11474.5002656402,87.25781,84.28125,176.447894575245,2190.49498072199,19.4707466052388,20.4332083757009,19.8677682037601,53,79.6369841300779
"689","Pelly","Yukon (CA)",2005,216265.789942384,16237.7478966224,141.64062,161.17188,105.064040336989,1980.98883348194,18.2292534177637,18.8235808122417,18.3979440964758,38,30.2337076651414
"690","Pelly","Yukon (CA)",2006,162888.890015161,12687.0221078736,97.59375,101.296875,139.416316376186,2085.63419582006,17.3681947165764,18.7860781285869,18.1976420405149,20,16.9956623263227
"691","Pelly","Yukon (CA)",2007,270754.800027044,13821.2492777253,120.75,123.59375,327.618264021669,2006.29727204459,16.7656238348796,19.8781133110996,19.701717506271,42,84.0060559207761
"692","Pelly","Yukon (CA)",2008,510476.130033731,21858.149874123,187.53125,150.39062,109.188222813394,1906.29569948084,17.0290113028361,19.0655531628632,18.5795085469411,27,24.9389896987919
"693","Pelly","Yukon (CA)",2009,215553.669968843,11577.9875682486,80.578125,82.96875,154.596216931244,2132.62176991312,20.9147820909105,19.4735155828451,19.0726228522703,30,44.6207370933622
"694","Pelly","Yukon (CA)",2010,160392.600059152,9386.92473724226,57.5,89.515625,130.636994949465,2261.46990667019,20.6199944608647,18.6868670924815,18.3774818078552,37,33.0501672254399
"695","Pelly","Yukon (CA)",2011,249222.11999011,18423.9921007852,226.3125,174.03125,177.718044463926,1998.47409154168,16.4689263914532,18.1767965624601,17.7230058443787,27,13.593477594818
"696","Pelly","Yukon (CA)",2012,189849.319958486,14272.2892134072,136.46875,136.46875,200.127146257053,1894.99320731934,16.3282171393488,18.0429545316408,17.6450394517429,22,10.0184549550759
"697","Pelly","Yukon (CA)",2013,181918.279912591,14613.7669136081,131.09375,105.6875,189.941659606642,2175.16609613621,20.5170432868991,19.6791025445569,19.2973918035692,48,63.2242305585312
"698","Pelly","Yukon (CA)",2014,296053.580042772,16394.7965823739,109.390625,108.15625,80.7800581371105,2070.51817910672,18.2515519048697,18.9854520028263,18.475542352842,9,11.543997827183
"699","Pelly","Yukon (CA)",2015,367748.830137534,15602.0673064381,206.71875,126.1875,87.7200064588243,2108.03019597843,18.7436181988941,19.6895444119301,19.2001170803498,43,52.9064724851076
"700","Pelly","Yukon (CA)",2016,296855.000101149,12401.5924189784,126.796875,97.0625,78.1203165994807,2166.34910163322,18.2371992703969,19.2413339971839,18.5057508885352,31,35.4626942460871
"701","Pelly","Yukon (CA)",2017,198879.770057399,18236.4544115411,218.5625,161.125,89.1871552454404,2151.99759520751,18.1138593889532,19.5455630032696,19.113278643383,43,65.3572156542121
"702","Pelly","Yukon (CA)",2018,138178.460424423,7428.74888450565,131.9375,108.09375,85.9186389711579,2051.62348609716,19.2785690859555,19.8064942864428,19.3337161846487,29,30.87922606667
"703","Stewart","Yukon (CA)",1980,121536.790054798,9297.51941154582,50.46875,39.984375,78.2486250123269,1339.37521422258,14.1001911706484,18.6023009358742,18.2927589008998,26,16.9250913456641
"704","Stewart","Yukon (CA)",1981,141248.209982276,9639.49822620388,63.203125,51.664062,104.663436452687,1312.74144076815,12.5113544580231,17.9034749699721,17.600748803213,11,6.04632046702202
"705","Stewart","Yukon (CA)",1982,210240.290022075,9231.40783220756,39.984375,39.03125,151.834646006124,1476.21465606166,15.2332433500369,18.7522100682406,18.2060605808877,29,24.1903158199212
"706","Stewart","Yukon (CA)",1983,165621.779951572,10768.7146091771,55.8125,39.484375,155.809611070856,1435.19932814836,14.3613039110068,18.910866590014,18.5458511613706,36,32.4780053511383
"707","Stewart","Yukon (CA)",1984,145283.860041857,9364.63215618488,41.359375,45.3125,178.383249701994,1463.67195089697,14.8795643941488,17.9893171948603,17.6668541317556,24,14.0976782309961
"708","Stewart","Yukon (CA)",1985,119194.960028529,9904.77572354263,56.671875,51.234375,180.934529306359,1393.45080002492,14.5670509638242,19.3138616293356,18.7227434592207,40,38.5477455443655
"709","Stewart","Yukon (CA)",1986,186660.380107092,7080.15118728359,101.484375,53.53125,182.951798880068,1464.7016314884,14.1270192285274,18.7768441299231,18.5730920400883,31,25.8232676023753
"710","Stewart","Yukon (CA)",1987,162336.669996262,9363.57237413996,61.46875,41.703125,190.318405267099,1422.2985262435,14.175635617316,18.7522741457219,18.2784521144764,32,29.8072882036353
"711","Stewart","Yukon (CA)",1988,132694.340026736,10200.2273868617,48.25,42.46875,219.092563149902,1432.47933119512,13.1826550939792,18.7465487917515,18.3840171301825,32,25.9170954892617
"712","Stewart","Yukon (CA)",1989,106276.220103264,5614.45250205154,35.65625,38.28125,159.53463047314,1611.8037799676,15.6362321211946,19.4319006757987,18.9768833479714,40,56.4731420522672
"713","Stewart","Yukon (CA)",1990,162829.21997261,10607.5871023452,56.78125,43.0625,215.246093027418,1443.31627055322,14.4388203491682,20.0248680385981,19.7734921856453,47,65.1013032150847
"714","Stewart","Yukon (CA)",1991,183086.950535893,8711.34289976092,64.625,47.734375,312.560653650914,1416.86057298666,13.2376816689132,20.2104320657019,20.0112346227706,34,58.513737878649
"715","Stewart","Yukon (CA)",1992,161371.530051947,10305.103986094,52.5625,40.71875,230.657995036306,1335.33406164316,12.9868496713611,20.2673851153982,19.7225150489704,40,64.1913915127849
"716","Stewart","Yukon (CA)",1993,155351.940020561,8485.22460753789,58.40625,48.140625,186.536314805163,1527.61893377997,15.7368312853958,20.010450334752,19.4923139205179,45,60.9172036442931
"717","Stewart","Yukon (CA)",1994,123658.120011568,7545.82309435079,34,34,146.735490097883,1581.76676379778,15.5667129703953,19.4904231368634,18.6499502067367,39,37.4616520243245
"718","Stewart","Yukon (CA)",1995,127444.140011936,8904.936712553,55.8125,39.1875,84.2052839391197,1448.6889254857,13.7171415965199,19.3512663417748,18.18083872234,33,27.6385887591698
"719","Stewart","Yukon (CA)",1996,170838.469769716,9811.28692892015,52.671875,42.265625,207.331594660791,1360.33430535017,12.3202451639121,18.828719484389,18.5988610912422,40,39.8891167801157
"720","Stewart","Yukon (CA)",1997,154861.099985123,11689.9834227562,57.515625,50.15625,147.910171078504,1474.01988310468,13.9996391012644,18.421807176074,18.2448474157109,36,29.2170247998446
"721","Stewart","Yukon (CA)",1998,112244.590014696,7248.47381790001,32.34375,32.28125,56.9945663220685,1390.40516901696,15.0693847614461,19.0671966649239,18.3378848590825,26,24.1220796271996
"722","Stewart","Yukon (CA)",1999,230990.509985209,9280.50829191888,47.6875,35.828125,220.04444765516,1429.2445208423,15.1236081135835,19.3759557131516,19.0087932201895,44,52.6111576735197
"723","Stewart","Yukon (CA)",2000,115096.000012159,11176.945557459,57.84375,48.890625,131.393988739512,1388.04638259914,13.6976055818738,18.1668223289478,17.3233244510197,12,5.87131679423593
"724","Stewart","Yukon (CA)",2001,99546.9199843407,9257.66723773443,81.921875,56.9375,163.225803096301,1439.66224851113,14.3993111884104,17.8504594018047,17.2931479289594,9,3.52779543462549
"725","Stewart","Yukon (CA)",2002,185551.20005095,11338.6398025753,88.140625,46,132.100097328343,1466.22611219451,14.2723350332931,20.2148139301102,19.7341152203025,22,37.7455272568354
"726","Stewart","Yukon (CA)",2003,304711.130219536,10918.3911201669,56.75,46.71875,251.265863456414,1388.9590091622,14.9608305147635,18.715385220368,18.2542614450951,29,23.8653218700605
"727","Stewart","Yukon (CA)",2004,139265.399952173,6222.49110845044,47.078125,30.125,264.020075830306,1511.50275557193,15.1392396523939,20.4332083757009,19.8677682037601,53,79.6369841300779
"728","Stewart","Yukon (CA)",2005,218838.519947529,13086.0940112096,41.578125,40.015625,192.840161387719,1487.83933524231,14.885313183454,18.8235808122417,18.3979440964758,38,30.2337076651414
"729","Stewart","Yukon (CA)",2006,134851.870065093,8135.51394694322,48.890625,36.375,136.520987936144,1543.6905957575,14.3625949424381,18.7860781285869,18.1976420405149,20,16.9956623263227
"730","Stewart","Yukon (CA)",2007,148453.440091133,11682.9457815875,62.046875,43.414062,160.887518312624,1576.01931377164,14.4950615326657,19.8781133110996,19.701717506271,42,84.0060559207761
"731","Stewart","Yukon (CA)",2008,224315.159639597,14986.1733454545,79.57031,46.8125,165.405359746695,1478.16023805979,13.4164012414906,19.0655531628632,18.5795085469411,27,24.9389896987919
"732","Stewart","Yukon (CA)",2009,257688.761324167,10782.3650162228,49.390625,44.039062,107.138337215808,1425.66117704857,15.261051000886,19.4735155828451,19.0726228522703,30,44.6207370933622
"733","Stewart","Yukon (CA)",2010,221051.090192467,15920.610006384,36.609375,40.46875,94.5186833767796,1421.04773099594,15.0717999892404,18.6868670924815,18.3774818078552,37,33.0501672254399
"734","Stewart","Yukon (CA)",2011,232974.909592271,17059.0088832398,71.5,55.15625,120.970840111357,1270.11648898556,12.3696194906557,18.1767965624601,17.7230058443787,27,13.593477594818
"735","Stewart","Yukon (CA)",2012,168586.39985472,12198.4098697886,51.0625,50.0625,127.871137662789,1302.31283240199,13.3964301386412,18.0429545316408,17.6450394517429,22,10.0184549550759
"736","Stewart","Yukon (CA)",2013,228992.019691706,13556.7355862642,54.96875,39.578125,176.076271877638,1582.77337156157,15.9286501100066,19.6791025445569,19.2973918035692,48,63.2242305585312
"737","Stewart","Yukon (CA)",2014,226705.81807375,18020.5232018941,56.8125,40.3125,104.629128727269,1404.4991607029,14.7093935016363,18.9854520028263,18.475542352842,9,11.543997827183
"738","Stewart","Yukon (CA)",2015,276258.01987686,18018.6219007413,59.578125,44.625,221.228693153088,1423.50721514925,13.8752746553159,19.6895444119301,19.2001170803498,43,52.9064724851076
"739","Stewart","Yukon (CA)",2016,200288.609854579,15418.8549019041,67.078125,45.015625,143.477687668031,1552.01305976024,14.2993687473479,19.2413339971839,18.5057508885352,31,35.4626942460871
"740","Stewart","Yukon (CA)",2017,141770.00980548,13695.7084911061,63.234375,35.890625,156.525328597221,1620.10435694259,15.905342435559,19.5455630032696,19.113278643383,43,65.3572156542121
"741","Stewart","Yukon (CA)",2018,218255.640152693,13062.742538531,79.5,55.53125,116.672849108393,1286.99622829566,15.0358435148627,19.8064942864428,19.3337161846487,29,30.87922606667
"742","Teslin","Yukon (CA)",1980,1045761.29012975,70510.4783046654,912.8281,617.125,191.799496481402,1636.00593248062,16.4297058630539,18.6023009358742,18.2927589008998,26,16.9250913456641
"743","Teslin","Yukon (CA)",1981,1490844.06992579,68347.2861883481,982.6719,806.1406,175.589206553889,1708.713283462,16.5952405055387,17.9034749699721,17.600748803213,11,6.04632046702202
"744","Teslin","Yukon (CA)",1982,798349.009688199,43052.8942850168,699.0156,444.03125,193.523732658465,1628.93191684802,17.4641418344462,18.7522100682406,18.2060605808877,29,24.1903158199212
"745","Teslin","Yukon (CA)",1983,1375930.72079885,97184.0713344733,703.1094,545.84375,129.961475987163,1654.17711722224,16.593051819267,18.910866590014,18.5458511613706,36,32.4780053511383
"746","Teslin","Yukon (CA)",1984,1048280.37096311,62304.4647617582,661.5,520.125,210.382841265883,1726.33231287635,18.4925111307076,17.9893171948603,17.6668541317556,24,14.0976782309961
"747","Teslin","Yukon (CA)",1985,876008.309984088,58238.4339183431,980.78125,535.5156,233.770210821508,1882.23449661482,17.5319871620006,19.3138616293356,18.7227434592207,40,38.5477455443655
"748","Teslin","Yukon (CA)",1986,1713205.95001454,67305.5620533722,1149.7188,671.5156,227.140762548622,1833.09390515896,17.2141172893709,18.7768441299231,18.5730920400883,31,25.8232676023753
"749","Teslin","Yukon (CA)",1987,1192364.20997974,73832.7429000118,1085.1406,667.8281,227.855564715688,1846.38382932147,17.4087023336078,18.7522741457219,18.2784521144764,32,29.8072882036353
"750","Teslin","Yukon (CA)",1988,1052687.50017976,97921.9476522573,1274.0781,815.0469,239.344639398204,1895.59255391796,17.5603853506175,18.7465487917515,18.3840171301825,32,25.9170954892617
"751","Teslin","Yukon (CA)",1989,1116028.33977042,53678.7257348457,771.34375,580.875,257.620056617974,2023.17765226482,19.1301883376477,19.4319006757987,18.9768833479714,40,56.4731420522672
"752","Teslin","Yukon (CA)",1990,1023687.55999998,66269.7869930293,807.0469,611.875,309.19275039076,1928.23387173434,19.0534369730247,20.0248680385981,19.7734921856453,47,65.1013032150847
"753","Teslin","Yukon (CA)",1991,1718890.97905156,94815.692380187,793.4219,615.3125,359.582892369702,1870.66430580949,18.7779309485922,20.2104320657019,20.0112346227706,34,58.513737878649
"754","Teslin","Yukon (CA)",1992,1315655.49027872,53535.3577858693,1272.1406,778.375,238.168581180305,1881.72196759518,17.1455311743666,20.2673851153982,19.7225150489704,40,64.1913915127849
"755","Teslin","Yukon (CA)",1993,1217927.53003875,74422.7875946541,987,800.5625,227.365507282571,1946.39459698741,17.5781485075348,20.010450334752,19.4923139205179,45,60.9172036442931
"756","Teslin","Yukon (CA)",1994,1333492.2301757,61919.7075069743,907.0469,604.8125,290.254990928914,1895.16268186795,18.2301201134945,19.4904231368634,18.6499502067367,39,37.4616520243245
"757","Teslin","Yukon (CA)",1995,1363663.19139414,59974.4717030581,638.2031,488.59375,240.480036773265,1965.249325667,18.3537579861674,19.3512663417748,18.18083872234,33,27.6385887591698
"758","Teslin","Yukon (CA)",1996,1396683.45958768,52339.1103431754,716.2969,488.40625,245.439698340254,1835.99847630803,17.9523786932782,18.828719484389,18.5988610912422,40,39.8891167801157
"759","Teslin","Yukon (CA)",1997,1108813.62016028,67736.1340173601,750.6406,502.90625,254.017959449762,1892.163861227,18.4846497379321,18.421807176074,18.2448474157109,36,29.2170247998446
"760","Teslin","Yukon (CA)",1998,912007.82942915,45766.6023068303,657.0781,459.625,128.147963312773,1685.23475709176,17.5016952658888,19.0671966649239,18.3378848590825,26,24.1220796271996
"761","Teslin","Yukon (CA)",1999,848009.199589547,61427.9028307462,818.8906,574.7969,233.625905415157,1856.52808954788,18.5190094202658,19.3759557131516,19.0087932201895,44,52.6111576735197
"762","Teslin","Yukon (CA)",2000,1002627.27002756,77268.6064227061,1278.5156,876.21875,120.274446713142,1643.50948241467,16.8277833572202,18.1668223289478,17.3233244510197,12,5.87131679423593
"763","Teslin","Yukon (CA)",2001,744298.320134044,60063.4721744081,1239.6875,787.03125,135.791113796314,1690.69099442543,17.2255198301207,17.8504594018047,17.2931479289594,9,3.52779543462549
"764","Teslin","Yukon (CA)",2002,1538714.74983033,70982.983964567,690.0625,564.65625,120.962112793795,1733.85581633155,17.6206708787314,20.2148139301102,19.7341152203025,22,37.7455272568354
"765","Teslin","Yukon (CA)",2003,1086653.14997993,59795.9759355593,677.53125,475.625,208.805256908897,1727.59335061958,17.7586874023339,18.715385220368,18.2542614450951,29,23.8653218700605
"766","Teslin","Yukon (CA)",2004,856166.480473636,59486.6337361503,862.1406,639.84375,195.609889326421,1713.61547445676,17.3345710183566,20.4332083757009,19.8677682037601,53,79.6369841300779
"767","Teslin","Yukon (CA)",2005,1489613.08009884,82959.3282110272,808.6406,654,193.567823612697,1751.22421242474,17.7905767745037,18.8235808122417,18.3979440964758,38,30.2337076651414
"768","Teslin","Yukon (CA)",2006,783769.40001354,69191.4592211346,947.3906,684.1406,203.831026823735,1707.24207503369,15.8892136349853,18.7860781285869,18.1976420405149,20,16.9956623263227
"769","Teslin","Yukon (CA)",2007,1270514.2702714,88618.2954763254,1145.6562,796.1719,258.855274967378,1923.815800295,17.984103525383,19.8781133110996,19.701717506271,42,84.0060559207761
"770","Teslin","Yukon (CA)",2008,1098642.01999871,72286.3302139046,811.5781,620,214.976550319388,1898.30298117263,17.4641487555519,19.0655531628632,18.5795085469411,27,24.9389896987919
"771","Teslin","Yukon (CA)",2009,1383614.13012647,59968.9673187364,786.0625,667.1875,209.512757633509,1913.43857748351,16.8466896280005,19.4735155828451,19.0726228522703,30,44.6207370933622
"772","Teslin","Yukon (CA)",2010,1322341.74996478,54140.2284939844,742.9219,650.8594,148.5413803663,1737.96189492595,17.9358866828486,18.6868670924815,18.3774818078552,37,33.0501672254399
"773","Teslin","Yukon (CA)",2011,1253012.81036106,76695.6327141128,681.8125,591.71875,208.785860773225,1813.24030951263,15.9699750281894,18.1767965624601,17.7230058443787,27,13.593477594818
"774","Teslin","Yukon (CA)",2012,1154772.79987967,62898.1020302887,1149.9531,785.2031,206.849481942819,1650.31016081219,16.0773764240065,18.0429545316408,17.6450394517429,22,10.0184549550759
"775","Teslin","Yukon (CA)",2013,866376.449852455,51605.95243611,812.2344,653.78125,212.917641568583,1962.61037396265,19.1683231610627,19.6791025445569,19.2973918035692,48,63.2242305585312
"776","Teslin","Yukon (CA)",2014,2066630.99033433,77698.8332996707,799.84375,597.1094,82.6736272767805,1790.66292342765,16.6667288938575,18.9854520028263,18.475542352842,9,11.543997827183
"777","Teslin","Yukon (CA)",2015,1526224.99001038,70536.0897471996,672.7344,614.6719,95.6026634398651,1796.39423457437,17.2394017519778,19.6895444119301,19.2001170803498,43,52.9064724851076
"778","Teslin","Yukon (CA)",2016,1398244.03941568,64553.4635369525,735.9219,591.8125,80.9132525697186,2004.96021076965,18.3531918467313,19.2413339971839,18.5057508885352,31,35.4626942460871
"779","Teslin","Yukon (CA)",2017,1081577.45999089,62155.1895442831,816.75,647.625,75.0637206871715,1865.53619339664,18.58296876874,19.5455630032696,19.113278643383,43,65.3572156542121
"780","Teslin","Yukon (CA)",2018,931424.270079909,40632.2340832402,677.7969,499.64062,119.101075334645,1676.65751660009,18.9902422045496,19.8064942864428,19.3337161846487,29,30.87922606667
"781","UprLksMain","Yukon (CA)",1980,295651.810076952,11515.3682373942,173.28125,111.8125,219.771779225883,1666.37721155329,16.3498927783133,18.6023009358742,18.2927589008998,26,16.9250913456641
"782","UprLksMain","Yukon (CA)",1981,427678.860054553,14409.6219099444,210.9375,135.65625,237.228295939846,1664.99638477692,15.3370957253302,17.9034749699721,17.600748803213,11,6.04632046702202
"783","UprLksMain","Yukon (CA)",1982,328346.020043015,9530.50993477002,122.25,79.21094,179.312543322376,1664.8394476007,15.7574022481448,18.7522100682406,18.2060605808877,29,24.1903158199212
"784","UprLksMain","Yukon (CA)",1983,423939.319392323,20129.2272979342,140.32812,97.890625,130.095643424178,1652.34445332602,15.5901001431499,18.910866590014,18.5458511613706,36,32.4780053511383
"785","UprLksMain","Yukon (CA)",1984,273586.21013236,14199.1941859883,127.796875,66.125,171.198017064379,1685.43975095274,17.0177872375385,17.9893171948603,17.6668541317556,24,14.0976782309961
"786","UprLksMain","Yukon (CA)",1985,218622.420071922,12758.6223644662,192.9375,84.25,231.5066307091,1648.3980284932,15.6604979023489,19.3138616293356,18.7227434592207,40,38.5477455443655
"787","UprLksMain","Yukon (CA)",1986,271554.540024862,14890.9809864402,245.03125,133.79688,260.104872006427,1646.33811419176,15.4455311517833,18.7768441299231,18.5730920400883,31,25.8232676023753
"788","UprLksMain","Yukon (CA)",1987,280310.689386815,15807.2089398256,186.70312,82.6875,180.481228805412,1661.65501638986,15.2821356852127,18.7522741457219,18.2784521144764,32,29.8072882036353
"789","UprLksMain","Yukon (CA)",1988,406292.179833988,20553.946864166,282.39062,159,265.920352836317,1630.37269994027,15.0450853620553,18.7465487917515,18.3840171301825,32,25.9170954892617
"790","UprLksMain","Yukon (CA)",1989,385175.950115055,15024.0884879791,132.28125,82.15625,307.223432368087,1616.68276294714,16.3869728283992,19.4319006757987,18.9768833479714,40,56.4731420522672
"791","UprLksMain","Yukon (CA)",1990,203202.460127115,16141.7655897801,160.21875,103.3125,447.720230211729,1676.76734387082,17.2574961279794,20.0248680385981,19.7734921856453,47,65.1013032150847
"792","UprLksMain","Yukon (CA)",1991,353595.770011365,23704.0585470161,150.5625,109.15625,348.567017600925,1676.34066310549,15.7934375769293,20.2104320657019,20.0112346227706,34,58.513737878649
"793","UprLksMain","Yukon (CA)",1992,372407.719960093,13743.3234009096,260.32812,142.51562,250.083200641861,1611.05983551083,15.2026725034491,20.2673851153982,19.7225150489704,40,64.1913915127849
"794","UprLksMain","Yukon (CA)",1993,363972.349428797,15379.796509097,212.20312,125.046875,191.335439613763,1665.42300878108,15.2254178142692,20.010450334752,19.4923139205179,45,60.9172036442931
"795","UprLksMain","Yukon (CA)",1994,306424.710032362,12360.479406359,154.51562,87.15625,236.262781165628,1692.39115386669,16.3781989534575,19.4904231368634,18.6499502067367,39,37.4616520243245
"796","UprLksMain","Yukon (CA)",1995,284512.839871407,11514.1277671021,139.71875,96.33594,230.548958042624,1686.18311724669,15.6601630423291,19.3512663417748,18.18083872234,33,27.6385887591698
"797","UprLksMain","Yukon (CA)",1996,305153.050129414,11882.2755524426,134.20312,95.40625,220.403719866066,1675.35455137098,15.3579049024964,18.828719484389,18.5988610912422,40,39.8891167801157
"798","UprLksMain","Yukon (CA)",1997,191307.630101323,13804.4850035251,161.39062,96.11719,251.49842315498,1676.85558446131,15.8781459284196,18.421807176074,18.2448474157109,36,29.2170247998446
"799","UprLksMain","Yukon (CA)",1998,300450.769906521,8533.8844774731,135,89.390625,155.031543957471,1676.2360923132,15.8799306824406,19.0671966649239,18.3378848590825,26,24.1220796271996
"800","UprLksMain","Yukon (CA)",1999,274760.479987621,13213.6217113151,178.21875,107.8125,285.54433576585,1666.99530793373,16.7175656707051,19.3759557131516,19.0087932201895,44,52.6111576735197
"801","UprLksMain","Yukon (CA)",2000,255389.6700207,18987.780127609,325.21875,205.15625,210.984761709029,1634.22181061109,15.216403343121,18.1668223289478,17.3233244510197,12,5.87131679423593
"802","UprLksMain","Yukon (CA)",2001,208465.580011791,15073.5066462991,268.42188,161.01562,238.144677980052,1624.8399274757,15.6854429959927,17.8504594018047,17.2931479289594,9,3.52779543462549
"803","UprLksMain","Yukon (CA)",2002,275566.48975759,11817.3098673202,116.671875,85.890625,157.325509899873,1676.85185986305,16.4813370484336,20.2148139301102,19.7341152203025,22,37.7455272568354
"804","UprLksMain","Yukon (CA)",2003,212924.989945831,9548.46809231013,119.984375,71.640625,220.052628276911,1683.14957761065,16.40865107394,18.715385220368,18.2542614450951,29,23.8653218700605
"805","UprLksMain","Yukon (CA)",2004,196656.809698105,10960.0565355141,200.625,114.328125,280.105762331554,1692.18749817841,16.4458530100693,20.4332083757009,19.8677682037601,53,79.6369841300779
"806","UprLksMain","Yukon (CA)",2005,279260.05996751,14281.7434269344,188,122.65625,192.317738079721,1665.22469117071,16.5201129738873,18.8235808122417,18.3979440964758,38,30.2337076651414
"807","UprLksMain","Yukon (CA)",2006,236643.289807796,15286.655068044,213.53125,130.92188,225.817056491868,1629.69110411703,15.0338130185695,18.7860781285869,18.1976420405149,20,16.9956623263227
"808","UprLksMain","Yukon (CA)",2007,379458.420071265,21798.8630255021,220.60938,126.15625,520.70801474049,1840.64354737891,15.705294231174,19.8781133110996,19.701717506271,42,84.0060559207761
"809","UprLksMain","Yukon (CA)",2008,377446.380077243,18644.7428753334,162.17188,109.21875,509.772864932678,1845.21226713983,16.4321279064498,19.0655531628632,18.5795085469411,27,24.9389896987919
"810","UprLksMain","Yukon (CA)",2009,562513.447858572,15866.445660333,158.15625,110.375,496.125720007569,1854.75505921018,16.1364078859799,19.4735155828451,19.0726228522703,30,44.6207370933622
"811","UprLksMain","Yukon (CA)",2010,355641.860080283,17341.9381656367,180.60938,119.375,289.334494959621,1666.52311251971,16.2923719496364,18.6868670924815,18.3774818078552,37,33.0501672254399
"812","UprLksMain","Yukon (CA)",2011,380712.429974522,18753.1915154932,147.625,118.91406,302.559108609673,1672.66840360188,15.8094803145717,18.1767965624601,17.7230058443787,27,13.593477594818
"813","UprLksMain","Yukon (CA)",2012,400715.289041877,24667.0324777459,265.26562,155.92188,618.29089876803,1842.75891375843,15.9101756703809,18.0429545316408,17.6450394517429,22,10.0184549550759
"814","UprLksMain","Yukon (CA)",2013,473598.820088685,23492.2380170725,165.20312,106.921875,410.187573012704,1657.26084677309,17.2728201303922,19.6791025445569,19.2973918035692,48,63.2242305585312
"815","UprLksMain","Yukon (CA)",2014,654546.429914653,25640.1755255643,163.70312,117.78125,249.250554228783,1649.5589854836,15.5521944524123,18.9854520028263,18.475542352842,9,11.543997827183
"816","UprLksMain","Yukon (CA)",2015,517770.220097123,25653.9148682347,140.95312,113.96875,421.838494820765,1777.341995482,15.4303313344926,19.6895444119301,19.2001170803498,43,52.9064724851076
"817","UprLksMain","Yukon (CA)",2016,599535.410117745,19948.4037220153,132.14062,95.734375,496.709745237074,1836.36046507567,16.3892326871979,19.2413339971839,18.5057508885352,31,35.4626942460871
"818","UprLksMain","Yukon (CA)",2017,342773.449990869,24795.4128781066,179.89062,122.60156,344.711552484719,1678.66863385772,17.1053556630621,19.5455630032696,19.113278643383,43,65.3572156542121
"819","UprLksMain","Yukon (CA)",2018,700230.979830522,17488.0428905801,134.71875,94.5625,290.419786572384,1624.96383438074,17.7357793897531,19.8064942864428,19.3337161846487,29,30.87922606667
"820","White-Donjek","Yukon (CA)",1980,194581.290032864,11880.3356226027,297.07812,51.234375,64.4230215851928,1666.37721155329,16.3498927783133,18.6023009358742,18.2927589008998,26,16.9250913456641
"821","White-Donjek","Yukon (CA)",1981,237135.74062115,17479.3457259668,172.84375,40.421875,56.8745545145936,1664.99638477692,15.3370957253302,17.9034749699721,17.600748803213,11,6.04632046702202
"822","White-Donjek","Yukon (CA)",1982,584295.750270367,16753.5426877175,166.78125,32.015625,130.312487218518,1664.8394476007,15.7574022481448,18.7522100682406,18.2060605808877,29,24.1903158199212
"823","White-Donjek","Yukon (CA)",1983,446013.949639201,24709.9402561915,231.59375,56.90625,69.4612397056398,1652.34445332602,15.5901001431499,18.910866590014,18.5458511613706,36,32.4780053511383
"824","White-Donjek","Yukon (CA)",1984,284129.279321432,15330.765226386,258.875,70.21875,102.724739000549,1685.43975095274,17.0177872375385,17.9893171948603,17.6668541317556,24,14.0976782309961
"825","White-Donjek","Yukon (CA)",1985,352164.720104873,20197.2329623967,155.15625,69.84375,127.046671839614,1648.3980284932,15.6604979023489,19.3138616293356,18.7227434592207,40,38.5477455443655
"826","White-Donjek","Yukon (CA)",1986,288919.2501477,18841.5272329873,142.125,63.8125,89.9804343168695,1646.33811419176,15.4455311517833,18.7768441299231,18.5730920400883,31,25.8232676023753
"827","White-Donjek","Yukon (CA)",1987,520648.459985495,18073.8848593829,51.171875,30.53125,71.1291168440027,1661.65501638986,15.2821356852127,18.7522741457219,18.2784521144764,32,29.8072882036353
"828","White-Donjek","Yukon (CA)",1988,282094.339963436,22669.2220984911,230.01562,85.84375,117.419801148858,1630.37269994027,15.0450853620553,18.7465487917515,18.3840171301825,32,25.9170954892617
"829","White-Donjek","Yukon (CA)",1989,214091.160069615,12079.86289883,75.8125,25.46875,111.519048033542,1616.68276294714,16.3869728283992,19.4319006757987,18.9768833479714,40,56.4731420522672
"830","White-Donjek","Yukon (CA)",1990,524199.980092704,19261.6890808835,127.25,59,124.027778275462,1676.76734387082,17.2574961279794,20.0248680385981,19.7734921856453,47,65.1013032150847
"831","White-Donjek","Yukon (CA)",1991,268075.0000453,20643.3744726604,279.59375,70.5625,127.037448374543,1676.34066310549,15.7934375769293,20.2104320657019,20.0112346227706,34,58.513737878649
"832","White-Donjek","Yukon (CA)",1992,298024.059986591,20480.2266723505,154.1875,62.0625,103.223099295178,1611.05983551083,15.2026725034491,20.2673851153982,19.7225150489704,40,64.1913915127849
"833","White-Donjek","Yukon (CA)",1993,270056.740023494,15534.4508572054,110.984375,74,87.6811164439824,1665.42300878108,15.2254178142692,20.010450334752,19.4923139205179,45,60.9172036442931
"834","White-Donjek","Yukon (CA)",1994,233839.390023708,11911.8605278174,142.59375,34.125,81.6405021114049,1692.39115386669,16.3781989534575,19.4904231368634,18.6499502067367,39,37.4616520243245
"835","White-Donjek","Yukon (CA)",1995,256409.049983501,18314.3813144001,173.51562,57.34375,83.029420177186,1686.18311724669,15.6601630423291,19.3512663417748,18.18083872234,33,27.6385887591698
"836","White-Donjek","Yukon (CA)",1996,229624.790097781,14575.1305914251,386.51562,49.15625,89.2798633715281,1675.35455137098,15.3579049024964,18.828719484389,18.5988610912422,40,39.8891167801157
"837","White-Donjek","Yukon (CA)",1997,358991.549548328,18635.7295372808,437.23438,79.625,97.1593324092991,1676.85558446131,15.8781459284196,18.421807176074,18.2448474157109,36,29.2170247998446
"838","White-Donjek","Yukon (CA)",1998,127578.050009012,8465.44816588227,52.390625,17.390625,63.040997565574,1676.2360923132,15.8799306824406,19.0671966649239,18.3378848590825,26,24.1220796271996
"839","White-Donjek","Yukon (CA)",1999,187572.790042639,17504.3558573004,97.171875,33.40625,99.5720217750751,1666.99530793373,16.7175656707051,19.3759557131516,19.0087932201895,44,52.6111576735197
"840","White-Donjek","Yukon (CA)",2000,334057.460016251,24229.1383047496,334.9375,151.14062,64.6543957155775,1634.22181061109,15.216403343121,18.1668223289478,17.3233244510197,12,5.87131679423593
"841","White-Donjek","Yukon (CA)",2001,246492.720012188,17115.1492118038,199.79688,86.359375,116.798491485806,1624.8399274757,15.6854429959927,17.8504594018047,17.2931479289594,9,3.52779543462549
"842","White-Donjek","Yukon (CA)",2002,197594.450016379,11235.3539465709,366.04688,55.921875,73.6412063989341,1676.85185986305,16.4813370484336,20.2148139301102,19.7341152203025,22,37.7455272568354
"843","White-Donjek","Yukon (CA)",2003,191706.190068483,16810.7053422276,102.28125,40.78125,104.539877802763,1683.14957761065,16.40865107394,18.715385220368,18.2542614450951,29,23.8653218700605
"844","White-Donjek","Yukon (CA)",2004,168490.990067344,11765.9126789393,71.140625,27.625,132.190289943808,1692.18749817841,16.4458530100693,20.4332083757009,19.8677682037601,53,79.6369841300779
"845","White-Donjek","Yukon (CA)",2005,215137.420042187,23322.2599313698,122.546875,60.21875,77.7623094983748,1665.22469117071,16.5201129738873,18.8235808122417,18.3979440964758,38,30.2337076651414
"846","White-Donjek","Yukon (CA)",2006,202639.490002632,16310.9616366323,94.96875,38.25,66.6761264072156,1629.69110411703,15.0338130185695,18.7860781285869,18.1976420405149,20,16.9956623263227
"847","White-Donjek","Yukon (CA)",2007,209880.959561586,15827.2451904919,111.171875,39.265625,83.6227127482854,1840.64354737891,15.705294231174,19.8781133110996,19.701717506271,42,84.0060559207761
"848","White-Donjek","Yukon (CA)",2008,520630.100083351,21341.9998079538,815.5469,69.3125,114.363238161126,1845.21226713983,16.4321279064498,19.0655531628632,18.5795085469411,27,24.9389896987919
"849","White-Donjek","Yukon (CA)",2009,226807.34985292,14059.0687477658,30.609375,25.8125,117.937299440236,1854.75505921018,16.1364078859799,19.4735155828451,19.0726228522703,30,44.6207370933622
"850","White-Donjek","Yukon (CA)",2010,342670.082068205,19915.7834966109,322.45312,43.03125,123.339953343939,1666.52311251971,16.2923719496364,18.6868670924815,18.3774818078552,37,33.0501672254399
"851","White-Donjek","Yukon (CA)",2011,279202.069962025,21338.1088194635,220.75,96.765625,122.883061535913,1672.66840360188,15.8094803145717,18.1767965624601,17.7230058443787,27,13.593477594818
"852","White-Donjek","Yukon (CA)",2012,399907.390031278,22152.2812940765,161.25,67.875,85.3341657638126,1842.75891375843,15.9101756703809,18.0429545316408,17.6450394517429,22,10.0184549550759
"853","White-Donjek","Yukon (CA)",2013,393854.129995704,25685.006257034,174.60938,68.46875,78.2721239754,1657.26084677309,17.2728201303922,19.6791025445569,19.2973918035692,48,63.2242305585312
"854","White-Donjek","Yukon (CA)",2014,309163.140089989,17722.093947474,180.76562,35.6875,35.7882059434604,1649.5589854836,15.5521944524123,18.9854520028263,18.475542352842,9,11.543997827183
"855","White-Donjek","Yukon (CA)",2015,423390.580051899,19149.3898711203,394.03125,58.34375,43.6035747809877,1777.341995482,15.4303313344926,19.6895444119301,19.2001170803498,43,52.9064724851076
"856","White-Donjek","Yukon (CA)",2016,142749.62000227,11302.0700060191,146.32812,49.5625,28.4573328053784,1836.36046507567,16.3892326871979,19.2413339971839,18.5057508885352,31,35.4626942460871
"857","White-Donjek","Yukon (CA)",2017,354469.149841189,20969.9832173116,203.48438,66.3125,50.3904987569121,1678.66863385772,17.1053556630621,19.5455630032696,19.113278643383,43,65.3572156542121
"858","White-Donjek","Yukon (CA)",2018,293545.449918926,11825.2594764665,209.23438,65.515625,43.2750066701266,1624.96383438074,17.7357793897531,19.8064942864428,19.3337161846487,29,30.87922606667
"859","Chena","Yukon (US)",1980,162118.540011406,11464.6228724436,206.96875,75.28125,58.289229375822,1336.51956189775,10.3813829663541,18.5931222942277,17.9740281845786,18,12.2759203355605
"860","Chena","Yukon (US)",1981,187628.560079223,15440.8021735328,214.125,82.0625,78.6160585545818,1271.84000578138,11.7906447616056,18.2056180744563,17.8207240814307,26,15.0254240629508
"861","Chena","Yukon (US)",1982,156679.080020927,12343.830067375,177.625,76.71875,112.409116830298,1311.62964063012,12.5140799923392,17.9539654149815,17.5321317818399,28,8.96899646188404
"862","Chena","Yukon (US)",1983,246486.280055523,10413.1608570881,243.75,57.601562,50.6761647510406,1335.17854823769,9.70964638875847,17.9823952104299,17.5934083018224,17,7.42897923872519
"863","Chena","Yukon (US)",1984,177608.560005009,12574.3218311934,210.10938,93.34375,145.953724243773,1296.05703136428,11.2707432906907,17.6794909938527,17.4573836303444,20,6.84702129857795
"864","Chena","Yukon (US)",1985,207061.439936243,14145.8777656097,191.35938,110.6875,86.1913336523098,1243.23200632224,12.2761180602562,18.0975802364651,17.5021555816601,23,7.15600307841908
"865","Chena","Yukon (US)",1986,418176.480061412,12556.944339698,532.7969,66.78125,40.8627605993622,1311.59339681215,10.1640097211045,18.6090178174656,18.1418584766829,31,24.437491549947
"866","Chena","Yukon (US)",1987,166771.270037221,9327.42125125557,170.26562,49.90625,75.7238996240623,1321.93509113529,11.223781409433,18.7558246620101,18.058906156019,36,24.250336669203
"867","Chena","Yukon (US)",1988,133623.420013547,12676.1559499115,170.90625,79.59375,70.7708961150514,1285.57974150577,11.5245948638893,18.7983212383617,18.5577303612219,29,23.0394558216543
"868","Chena","Yukon (US)",1989,137574.580134511,9111.78335616443,183.625,49.6875,116.474800533923,1351.97350151812,12.6488902461544,18.4698643332531,17.6641550340645,19,10.3845749535435
"869","Chena","Yukon (US)",1990,319750.780030889,13446.9912524079,307.9375,99.703125,196.141655449395,1334.38024034319,12.2585884655759,18.9225444992392,18.5026349959694,25,23.4167520843408
"870","Chena","Yukon (US)",1991,304015.490009997,9553.53408055293,384.51562,84.28125,121.259737710695,1316.86272718171,10.9120004926821,18.9928398163396,18.7386573015729,26,28.0959053260518
"871","Chena","Yukon (US)",1992,192330.840025425,11302.363400713,176.79688,75,127.858119381594,1269.9727994675,13.0930533923699,17.8963553234883,17.7420547198563,20,8.12146871950026
"872","Chena","Yukon (US)",1993,275148.010035075,11367.0747380188,350.95312,80.40625,146.823524717505,1337.05988156209,11.9387332044322,18.0510295535196,17.7630884537085,21,12.5860403147885
"873","Chena","Yukon (US)",1994,183834.049999567,10622.7598703615,167,48.171875,127.323335017323,1369.94398548739,13.867403351655,18.0788746885692,17.4738784750662,13,5.87571429908495
"874","Chena","Yukon (US)",1995,304803.649980783,14375.311185213,328.79688,79.9375,50.4619691042059,1332.33955076273,9.97294615885256,17.8396737059024,17.3059899508466,20,5.81360361090774
"875","Chena","Yukon (US)",1996,230911.680022836,10160.7426806057,234.70312,63.78125,144.806666732602,1314.30238199807,10.5169835501851,19.0888180485235,18.699948115405,27,24.0133519306066
"876","Chena","Yukon (US)",1997,165730.130006954,7252.28256730393,300.54688,53.53125,60.3336164690506,1372.02434662916,10.1270171796099,18.8270993359678,18.2948658001275,29,28.3592710484687
"877","Chena","Yukon (US)",1998,244566.050028343,14305.3594745926,278.45312,59.234375,21.1300048199572,1157.93580294471,9.82846500824009,19.1730996973562,18.720222004453,29,34.7567847926451
"878","Chena","Yukon (US)",1999,246661.309982633,10476.8477641219,230.39062,42.96875,103.428756408863,1403.44762304569,13.342587543914,18.7757454217514,18.3506993247557,29,21.3068312033208
"879","Chena","Yukon (US)",2000,396643.559916958,15299.9762753043,488.07812,108.328125,78.6902107382373,1238.02266214418,12.2108956602896,18.1130988601121,17.8299384555542,21,8.83770663495455
"880","Chena","Yukon (US)",2001,200408.420018539,9885.77283173546,257.65625,63.65625,44.1294224587493,1299.07052766622,9.83675325248895,18.6581224291541,17.8004267950416,24,14.5324387437938
"881","Chena","Yukon (US)",2002,455728.279780701,14919.1346062297,645.7656,85.28125,32.824409604226,1139.28175994981,11.125309695776,19.2687370240359,18.6143065717132,27,24.1551010922119
"882","Chena","Yukon (US)",2003,344586.759984434,16195.7697390888,502.625,52.8125,75.9941200034806,1307.21828794808,11.333561317978,18.6412136901912,18.0562890847144,30,21.4723062048229
"883","Chena","Yukon (US)",2004,213611.090026055,7999.76359655384,188.40625,40.171875,100.3040250572,1224.5163338258,13.7145985079151,19.1071105793984,18.9401701518711,33,40.7893986796767
"884","Chena","Yukon (US)",2005,216146.790068686,14961.3551995976,245.78125,61.484375,94.0848761801554,1184.18975667223,13.7783946386513,18.5321332845252,18.3925876833606,30,20.6621088977174
"885","Chena","Yukon (US)",2006,227968.900053054,10840.8188181666,283.01562,69.0625,73.9043662017223,1294.03090204033,11.4472463030569,19.1191563553557,18.7392472794969,19,17.8204377309901
"886","Chena","Yukon (US)",2007,291326.079986529,13144.3978956856,293.40625,59.171875,48.6683800039451,1386.26298991243,9.94262615527375,19.4770504794607,19.1941754520756,32,38.8987828236024
"887","Chena","Yukon (US)",2008,365443.980085373,13810.9724198001,530.7656,62.4375,65.5387403378922,1359.27353759851,10.582081405803,18.598035640625,18.1378059607383,26,14.0533522405809
"888","Chena","Yukon (US)",2009,280066.929901762,11107.39592222,305.20312,44.40625,89.3854955160173,1369.61395026518,13.0954940718644,18.8126326650731,18.2325710848462,27,23.8199673887239
"889","Chena","Yukon (US)",2010,197698.45007972,8911.47440827142,175.34375,45.359375,48.8856016748814,1379.57763841902,11.1081450154304,18.9053157621152,18.134573386666,29,22.3212509553746
"890","Chena","Yukon (US)",2011,173679.050079411,12895.5014490531,287.875,79.28125,92.3460955773234,1111.07420153309,11.4439473936484,17.8168197468825,17.3746574725968,14,4.21876381091097
"891","Chena","Yukon (US)",2012,244087.559992559,10601.690328677,240.20312,53.828125,107.815537277182,1372.64898879652,12.5527722370543,18.2427670151385,17.561047408991,15,5.76449586636873
"892","Chena","Yukon (US)",2013,299555.12004,8718.50690972315,245.15625,43.46875,99.9245366571493,1214.49267755009,14.2668554254592,18.982005492508,18.297507338246,22,18.4905029066355
"893","Chena","Yukon (US)",2014,422729.329998821,19952.3805913095,399.96875,99.671875,44.3169095697243,1134.65136894282,9.7068173955292,17.657272133044,17.3059341692016,15,4.29009532636523
"894","Chena","Yukon (US)",2015,368367.060030969,16582.140659227,506.76562,60.625,75.7443001966832,1309.92440712737,11.7177055100451,19.0956386601453,18.3654476400895,32,30.5939110228459
"895","Chena","Yukon (US)",2016,337739.549990136,20252.2828105777,481.95312,83.828125,45.131299892601,1332.56596490742,10.1946450179217,19.5218240031596,19.2682533987746,38,57.1327828279471
"896","Chena","Yukon (US)",2017,298533.159928083,12080.8798017231,220.67188,58.640625,101.956235546863,1416.22718140859,14.2431341922439,19.3443396271406,18.7157425551327,34,32.8409080782545
"897","Chena","Yukon (US)",2018,341693.880127473,16496.4462527211,317.40625,100.4375,109.417435682879,1310.31487026181,13.9632670332229,18.4126401440005,18.2825526959966,20,17.2181582363673
"898","EFAndreafsky","Yukon (US)",1980,60235.919958353,5914.0076487003,42.734375,42.734375,76.6348183019222,1476.32276263821,14.366856310096,18.5931222942277,17.9740281845786,18,12.2759203355605
"899","EFAndreafsky","Yukon (US)",1981,72845.510010004,3951.04052737059,96.55469,22.765625,151.281311252497,1627.15433108801,15.4699749043901,18.2056180744563,17.8207240814307,26,15.0254240629508
"900","EFAndreafsky","Yukon (US)",1982,125709.750012398,6074.02315989507,125.953125,53.5,139.388727742703,1444.76587341675,15.1744489872174,17.9539654149815,17.5321317818399,28,8.96899646188404
"901","EFAndreafsky","Yukon (US)",1983,113221.870090485,3672.15579146931,89.97656,25.984375,32.5906925351306,1812.23529829664,14.5018033412455,17.9823952104299,17.5934083018224,17,7.42897923872519
"902","EFAndreafsky","Yukon (US)",1984,101092.980035305,2890.82477160757,37.625,14.796875,67.9722445849585,1607.66139683306,14.8935940469301,17.6794909938527,17.4573836303444,20,6.84702129857795
"903","EFAndreafsky","Yukon (US)",1985,105952.570019484,4306.62171128549,167.03125,49.1875,79.2360804881937,1429.34537851832,17.6940477278561,18.0975802364651,17.5021555816601,23,7.15600307841908
"904","EFAndreafsky","Yukon (US)",1986,69732.2299833298,3663.99177621305,105.765625,54.375,9.75916502566016,1768.45958074321,14.3892093370418,18.6090178174656,18.1418584766829,31,24.437491549947
"905","EFAndreafsky","Yukon (US)",1987,73016.7699341774,2406.82894743234,40.929688,27.71875,165.434184690824,1571.24581176032,15.7218280387051,18.7558246620101,18.058906156019,36,24.250336669203
"906","EFAndreafsky","Yukon (US)",1988,92786.2499976158,3301.7437903957,27.265625,19.40625,252.392985952861,1720.60011959634,17.2061654497901,18.7983212383617,18.5577303612219,29,23.0394558216543
"907","EFAndreafsky","Yukon (US)",1989,95073.4899945259,5187.17434229506,92.84375,59.75,175.890938007527,1391.80407966196,14.3671232385504,18.4698643332531,17.6641550340645,19,10.3845749535435
"908","EFAndreafsky","Yukon (US)",1990,113170.66996479,5999.96032933852,74.21875,29.296875,304.251193280773,1714.52573005488,17.5289001052581,18.9225444992392,18.5026349959694,25,23.4167520843408
"909","EFAndreafsky","Yukon (US)",1991,54539.8400039673,2982.16079218921,27.671875,18.21875,201.754390971366,1735.06446819342,15.8477798053055,18.9928398163396,18.7386573015729,26,28.0959053260518
"910","EFAndreafsky","Yukon (US)",1992,85748.7400356531,2820.78509807176,69.9375,25.21875,173.506183609279,1480.3189713586,16.5369149361028,17.8963553234883,17.7420547198563,20,8.12146871950026
"911","EFAndreafsky","Yukon (US)",1993,119558.270017624,4680.13079114494,171.9375,45.3125,102.265225891983,1601.18366006676,15.874970807119,18.0510295535196,17.7630884537085,21,12.5860403147885
"912","EFAndreafsky","Yukon (US)",1994,166827.850007534,4871.57243408926,136.73438,40.40625,164.609700407167,1529.04650175619,16.175971279514,18.0788746885692,17.4738784750662,13,5.87571429908495
"913","EFAndreafsky","Yukon (US)",1995,45063.2299957275,2555.55638217005,45.804688,15.515625,18.5138654194677,1927.59894665857,17.6729281359901,17.8396737059024,17.3059899508466,20,5.81360361090774
"914","EFAndreafsky","Yukon (US)",1996,54877.0500001907,3244.13215881127,63.039062,31.578125,79.0624067029222,1564.70902990303,13.9095673515374,19.0888180485235,18.699948115405,27,24.0133519306066
"915","EFAndreafsky","Yukon (US)",1997,94337.45997715,3412.17651195791,45.578125,17.71875,119.910692497883,1814.65610648327,17.5395086729592,18.8270993359678,18.2948658001275,29,28.3592710484687
"916","EFAndreafsky","Yukon (US)",1998,100097.800005198,5861.33736746936,107.90625,45.125,71.9969105879778,1466.5678860944,15.8409492999694,19.1730996973562,18.720222004453,29,34.7567847926451
"917","EFAndreafsky","Yukon (US)",1999,94223.9000356197,4256.26407974738,63.015625,31.203125,51.3845481525938,1662.74087728323,15.6498171450636,18.7757454217514,18.3506993247557,29,21.3068312033208
"918","EFAndreafsky","Yukon (US)",2000,92436.6799956001,3723.48013165967,83.96875,43,76.8194793586881,1490.74423381449,13.4111617558358,18.1130988601121,17.8299384555542,21,8.83770663495455
"919","EFAndreafsky","Yukon (US)",2001,121777.830035686,3975.58579038624,77.1875,33.71875,86.7205304087731,1457.51768930022,15.0964929030178,18.6581224291541,17.8004267950416,24,14.5324387437938
"920","EFAndreafsky","Yukon (US)",2002,85913.3999958038,2876.78598665228,41.109375,9.25,47.4399361404314,1862.54975338638,18.9370675413607,19.2687370240359,18.6143065717132,27,24.1551010922119
"921","EFAndreafsky","Yukon (US)",2003,111924.190018415,4084.3948027319,56.796875,32.6875,71.7256630445979,1617.25697866141,16.3000049752979,18.6412136901912,18.0562890847144,30,21.4723062048229
"922","EFAndreafsky","Yukon (US)",2004,131446.810005665,2871.40039233484,70.46875,29.46875,29.818477383941,1975.80433811321,18.3623776314704,19.1071105793984,18.9401701518711,33,40.7893986796767
"923","EFAndreafsky","Yukon (US)",2005,128594.729978561,4650.53388114015,117.859375,27.421875,70.7814734951686,1741.15516475215,16.6023706028764,18.5321332845252,18.3925876833606,30,20.6621088977174
"924","EFAndreafsky","Yukon (US)",2006,85196.2099721432,3307.84539536524,104.28125,29.171875,38.1425835130725,1741.41138447211,16.0783669664467,19.1191563553557,18.7392472794969,19,17.8204377309901
"925","EFAndreafsky","Yukon (US)",2007,110009.370026588,5323.2651320439,80.828125,26.5,32.6643566082329,1906.99278323965,17.2983980723206,19.4770504794607,19.1941754520756,32,38.8987828236024
"926","EFAndreafsky","Yukon (US)",2008,38338.3900041878,2883.20914989238,29.054688,25.8125,127.071974565098,1564.54135776873,15.3772779700694,18.598035640625,18.1378059607383,26,14.0533522405809
"927","EFAndreafsky","Yukon (US)",2009,87527.1599835157,3736.91881579221,54.609375,19.40625,267.733673635307,1622.53918358418,15.3210424672876,18.8126326650731,18.2325710848462,27,23.8199673887239
"928","EFAndreafsky","Yukon (US)",2010,128459.720056057,4241.18973692518,107.9375,35.0625,69.2246316486351,1510.3358950705,14.8510723244206,18.9053157621152,18.134573386666,29,22.3212509553746
"929","EFAndreafsky","Yukon (US)",2011,96398.7099909782,4366.14677655551,75.8125,31.984375,78.7097691946273,1468.59101913381,13.8750941365369,17.8168197468825,17.3746574725968,14,4.21876381091097
"930","EFAndreafsky","Yukon (US)",2012,128125.6500386,6029.77365889826,143.79688,40.859375,55.5008006049046,1581.31567471685,17.3191162138354,18.2427670151385,17.561047408991,15,5.76449586636873
"931","EFAndreafsky","Yukon (US)",2013,72500.3900396824,3693.53414474341,135.03125,29.5,68.0991502023633,1528.95659794754,18.2801911198503,18.982005492508,18.297507338246,22,18.4905029066355
"932","EFAndreafsky","Yukon (US)",2014,57420.7801225185,3293.97388362247,43.515625,18.578125,24.7742288627887,1950.56548982103,18.3374444100348,17.657272133044,17.3059341692016,15,4.29009532636523
"933","EFAndreafsky","Yukon (US)",2015,123775.379901052,4764.957761164,85.390625,29.5625,52.1722691682092,1796.34731107538,18.1050739739505,19.0956386601453,18.3654476400895,32,30.5939110228459
"934","EFAndreafsky","Yukon (US)",2016,105245.020014882,6023.05751490217,47.6875,23.96875,4.90318761973812,2122.68942102277,17.7783611084261,19.5218240031596,19.2682533987746,38,57.1327828279471
"935","EFAndreafsky","Yukon (US)",2017,143075.140073538,5260.236579194,116.14844,23.1875,37.6869450289983,1946.31715626753,16.47807051125,19.3443396271406,18.7157425551327,34,32.8409080782545
"936","EFAndreafsky","Yukon (US)",2018,69347.6700229645,4028.19809174186,82.9375,32.875,70.325255480637,1613.96691894605,15.0716756617623,18.4126401440005,18.2825526959966,20,17.2181582363673
"937","Gisasa","Yukon (US)",1980,53029.5600293875,3443.54359407521,13.109375,16.265625,68.3224057289205,1422.0114733069,15.3697731564862,18.5931222942277,17.9740281845786,18,12.2759203355605
"938","Gisasa","Yukon (US)",1981,54310.9000162631,2818.53407913603,34.328125,15.515625,188.897622957603,1415.80060345283,13.3503492660994,18.2056180744563,17.8207240814307,26,15.0254240629508
"939","Gisasa","Yukon (US)",1982,75569.5099740028,4025.00723578348,55.625,35.65625,165.380668868204,1329.66465087753,12.6360469087143,17.9539654149815,17.5321317818399,28,8.96899646188404
"940","Gisasa","Yukon (US)",1983,84979.8400020599,2823.55256689125,48.5,9.2578125,62.4569110775333,1613.70102099221,17.4083430076283,17.9823952104299,17.5934083018224,17,7.42897923872519
"941","Gisasa","Yukon (US)",1984,115303.049973011,3051.92764710727,18.21875,7.53125,117.079366554993,1603.31568774095,14.6057022239781,17.6794909938527,17.4573836303444,20,6.84702129857795
"942","Gisasa","Yukon (US)",1985,72667.2099785805,3847.02486839204,59.765625,17.8125,261.968832712411,1421.87757055605,17.2381772141382,18.0975802364651,17.5021555816601,23,7.15600307841908
"943","Gisasa","Yukon (US)",1986,92736.7500157356,4515.83881359704,39.953125,17,131.700939504277,1412.68940228438,14.0132226555917,18.6090178174656,18.1418584766829,31,24.437491549947
"944","Gisasa","Yukon (US)",1987,45633.8599789143,2751.71783019053,23.703125,19.546875,197.99317467849,1423.1303386698,14.6253716381907,18.7558246620101,18.058906156019,36,24.250336669203
"945","Gisasa","Yukon (US)",1988,67312.0799996853,3100.9707841768,11.078125,10.03125,270.503494181243,1572.25720449886,15.7789800298679,18.7983212383617,18.5577303612219,29,23.0394558216543
"946","Gisasa","Yukon (US)",1989,68007.6599845886,4099.32085531793,41.015625,24.65625,200.846384258881,1354.96887998774,12.6474349179052,18.4698643332531,17.6641550340645,19,10.3845749535435
"947","Gisasa","Yukon (US)",1990,94388.8500282764,4418.76684101632,31.0625,10.4375,359.29202120635,1619.64417851453,16.8811458466367,18.9225444992392,18.5026349959694,25,23.4167520843408
"948","Gisasa","Yukon (US)",1991,41871.4299535751,2385.31230296632,15.890625,10.03125,230.680127865394,1571.02602025028,13.6028932468772,18.9928398163396,18.7386573015729,26,28.0959053260518
"949","Gisasa","Yukon (US)",1992,51079.859999299,1915.43660377757,33.34375,16.1875,235.459850514911,1389.49125836433,15.4150505460429,17.8963553234883,17.7420547198563,20,8.12146871950026
"950","Gisasa","Yukon (US)",1993,116689.589934349,3864.92611750201,37.28125,22.171875,128.565750893155,1456.72367058008,17.7039660900587,18.0510295535196,17.7630884537085,21,12.5860403147885
"951","Gisasa","Yukon (US)",1994,151344.799947739,3849.46690774792,87.46875,25.25,196.130370078307,1420.3753231687,15.5606678586191,18.0788746885692,17.4738784750662,13,5.87571429908495
"952","Gisasa","Yukon (US)",1995,36689.7599812709,1851.3480916645,17.484375,11.8359375,50.2449963702002,1583.9632540979,16.4112324979431,17.8396737059024,17.3059899508466,20,5.81360361090774
"953","Gisasa","Yukon (US)",1996,49355.010001421,2217.14352955547,28.1875,13.15625,129.57703206887,1410.85881518881,12.8414768704116,19.0888180485235,18.699948115405,27,24.0133519306066
"954","Gisasa","Yukon (US)",1997,66896.9999396801,3097.82309079425,23.179688,8.3125,168.813174161538,1653.76418593762,17.2381772141382,18.8270993359678,18.2948658001275,29,28.3592710484687
"955","Gisasa","Yukon (US)",1998,71500.5700229406,4731.6625639399,68.03125,31.359375,97.0799003682527,1405.97331382239,14.5207379294523,19.1730996973562,18.720222004453,29,34.7567847926451
"956","Gisasa","Yukon (US)",1999,44718.5199723244,3049.19204071689,34.8125,16.3125,86.4430177681811,1472.63417948868,14.666312018171,18.7757454217514,18.3506993247557,29,21.3068312033208
"957","Gisasa","Yukon (US)",2000,59792.8400207628,2283.59594831762,24.9375,12.40625,173.772619140191,1445.71339432364,12.7711313629304,18.1130988601121,17.8299384555542,21,8.83770663495455
"958","Gisasa","Yukon (US)",2001,85366.6099638939,2338.29421029456,22.59375,12.078125,131.395651147374,1399.44319760624,15.3475972619138,18.6581224291541,17.8004267950416,24,14.5324387437938
"959","Gisasa","Yukon (US)",2002,69066.1799730062,1990.00914517,19.46875,8.875,84.9282205493425,1580.37044821778,17.4932700978557,19.2687370240359,18.6143065717132,27,24.1551010922119
"960","Gisasa","Yukon (US)",2003,56790.4200019836,2566.19704009866,38.34375,14.21875,106.110661945818,1511.96546536819,17.1405158077415,18.6412136901912,18.0562890847144,30,21.4723062048229
"961","Gisasa","Yukon (US)",2004,95467.9700463191,2065.18052304933,24.203125,7.71875,171.488590780781,1625.98843232981,15.6695238108264,19.1071105793984,18.9401701518711,33,40.7893986796767
"962","Gisasa","Yukon (US)",2005,75845.0699977875,3376.55052625106,36.40625,11.6875,162.33155170047,1680.12279465077,16.9278816205266,18.5321332845252,18.3925876833606,30,20.6621088977174
"963","Gisasa","Yukon (US)",2006,62667.5600383282,3047.87342196688,63.382812,14.546875,61.4610391297799,1558.39289745222,14.2359197236324,19.1191563553557,18.7392472794969,19,17.8204377309901
"964","Gisasa","Yukon (US)",2007,71215.7099825405,4136.22262971052,34.21875,14.875,56.9336441162218,1727.18389825876,15.4838220357953,19.4770504794607,19.1941754520756,32,38.8987828236024
"965","Gisasa","Yukon (US)",2008,47778.9500085115,2405.80823414709,16.734375,10.03125,212.023430891478,1533.18136749481,14.9618070296931,18.598035640625,18.1378059607383,26,14.0533522405809
"966","Gisasa","Yukon (US)",2009,60414.6199021339,2755.03177561532,16.875,7.4375,371.900533449438,1575.30357779147,16.0216324864392,18.8126326650731,18.2325710848462,27,23.8199673887239
"967","Gisasa","Yukon (US)",2010,91744.5300421715,3202.54256686157,31.484375,13.625,103.131188655324,1569.65362289772,16.7481651611055,18.9053157621152,18.134573386666,29,22.3212509553746
"968","Gisasa","Yukon (US)",2011,56539.3199982643,3405.31171098195,35.09375,15.125,193.282903976712,1487.95047650284,13.6393140884721,17.8168197468825,17.3746574725968,14,4.21876381091097
"969","Gisasa","Yukon (US)",2012,96114.129982233,4802.27078364905,63.828125,14.796875,74.4519359873707,1506.39603996709,15.9405918504065,18.2427670151385,17.561047408991,15,5.76449586636873
"970","Gisasa","Yukon (US)",2013,72654.7099962234,3775.54124989263,90.58594,9.1875,106.160185008202,1583.97943154411,18.4246907833412,18.982005492508,18.297507338246,22,18.4905029066355
"971","Gisasa","Yukon (US)",2014,55084.9500164986,3195.78453913757,41.546875,24.484375,13.6503985511875,1592.0333630167,15.0927358203643,17.657272133044,17.3059341692016,15,4.29009532636523
"972","Gisasa","Yukon (US)",2015,92453.8699109554,3505.89664310078,32.609375,7.625,54.1277294946311,1731.66942736964,18.166940983735,19.0956386601453,18.3654476400895,32,30.5939110228459
"973","Gisasa","Yukon (US)",2016,71891.5900201797,4276.59052151505,51.296875,21.21875,39.7496441240412,1730.87749984713,13.4207793512447,19.5218240031596,19.2682533987746,38,57.1327828279471
"974","Gisasa","Yukon (US)",2017,96305.7800023556,3568.3534224527,35.414062,11.28125,120.082512488314,1775.07519337631,16.2028413921292,19.3443396271406,18.7157425551327,34,32.8409080782545
"975","Gisasa","Yukon (US)",2018,69842.4999885559,3266.23671223039,35.5625,16.28125,125.150854291271,1470.95014468354,16.8676259633447,18.4126401440005,18.2825526959966,20,17.2181582363673
"976","Salcha","Yukon (US)",1980,252359.940019131,13944.4838462052,127.46875,98.953125,70.8682746579073,1579.62163980335,14.1198821689979,18.5931222942277,17.9740281845786,18,12.2759203355605
"977","Salcha","Yukon (US)",1981,186756.069718387,18389.1228931043,159.35938,124.75,101.77891279538,1375.77166109104,13.0207192041781,18.2056180744563,17.8207240814307,26,15.0254240629508
"978","Salcha","Yukon (US)",1982,142615.720000178,12945.860132112,145.78125,105.125,119.411670355111,1391.7052867851,12.5769243274589,17.9539654149815,17.5321317818399,28,8.96899646188404
"979","Salcha","Yukon (US)",1983,214365.099999428,13177.3786855811,131.42188,106.9375,68.5601437681133,1559.92196494962,13.3790096764252,17.9823952104299,17.5934083018224,17,7.42897923872519
"980","Salcha","Yukon (US)",1984,201519.880027592,14957.3791506216,217,127.90625,137.108103462182,1338.68481099473,11.8435197682623,17.6794909938527,17.4573836303444,20,6.84702129857795
"981","Salcha","Yukon (US)",1985,230273.520021511,15054.5209233735,101.25,97.796875,107.325667178843,1394.0867739038,14.0895702117471,18.0975802364651,17.5021555816601,23,7.15600307841908
"982","Salcha","Yukon (US)",1986,460444.859951794,15735.2052591266,179.625,102.40625,50.6446074126803,1568.70760862726,12.9087137005805,18.6090178174656,18.1418584766829,31,24.437491549947
"983","Salcha","Yukon (US)",1987,208772.480044717,10267.70230449,113.078125,75.8125,73.3092310028816,1641.2013493812,14.7873305994027,18.7558246620101,18.058906156019,36,24.250336669203
"984","Salcha","Yukon (US)",1988,174838.520005941,13887.8207222943,159.78125,139.6875,82.8493457356639,1440.84009712141,12.4600504129846,18.7983212383617,18.5577303612219,29,23.0394558216543
"985","Salcha","Yukon (US)",1989,224327.290040791,9423.98032964799,98.6875,87.53125,147.34231983117,1453.06375935168,14.9771078043502,18.4698643332531,17.6641550340645,19,10.3845749535435
"986","Salcha","Yukon (US)",1990,402666.530008059,14596.9728955542,196.1875,131.78125,220.916888430199,1341.8163019429,15.5183742082518,18.9225444992392,18.5026349959694,25,23.4167520843408
"987","Salcha","Yukon (US)",1991,292634.29008518,10018.7590149892,150.92188,98.03125,118.459927363234,1478.74119562476,14.1646354110645,18.9928398163396,18.7386573015729,26,28.0959053260518
"988","Salcha","Yukon (US)",1992,220240.610003233,12695.903400268,179.70312,94.625,137.773642919291,1397.2056877729,12.8852967404677,17.8963553234883,17.7420547198563,20,8.12146871950026
"989","Salcha","Yukon (US)",1993,334191.809957385,12502.4189479997,130.1875,104.515625,165.685250418791,1413.66076124943,15.8023629825779,18.0510295535196,17.7630884537085,21,12.5860403147885
"990","Salcha","Yukon (US)",1994,191612.089998357,9150.88743521157,85.765625,104.34375,128.650395866973,1546.74023188385,15.7168251642741,18.0788746885692,17.4738784750662,13,5.87571429908495
"991","Salcha","Yukon (US)",1995,395655.330067182,15509.5065803532,155.8125,115.96875,64.1403263153668,1548.64040231748,14.2652617153449,17.8396737059024,17.3059899508466,20,5.81360361090774
"992","Salcha","Yukon (US)",1996,207351.900006315,8984.73307319594,120.984375,84.5,153.360025858841,1372.93845682424,11.7357081380933,19.0888180485235,18.699948115405,27,24.0133519306066
"993","Salcha","Yukon (US)",1997,188462.459994853,7446.6359886529,155.9375,91.71875,74.192184162294,1635.97774661636,15.2963340478057,18.8270993359678,18.2948658001275,29,28.3592710484687
"994","Salcha","Yukon (US)",1998,187856.389981836,13497.4485551157,149.17188,94.515625,23.911442649137,1401.69400350447,11.9036943416835,19.1730996973562,18.720222004453,29,34.7567847926451
"995","Salcha","Yukon (US)",1999,178902.280027203,11097.4299989137,149.15625,70.6875,94.7815007673519,1593.62833102002,14.9617806006637,18.7757454217514,18.3506993247557,29,21.3068312033208
"996","Salcha","Yukon (US)",2000,336901.379994133,15075.4241177272,208.51562,127.25,87.6227770846957,1377.13076281956,13.6233801871257,18.1130988601121,17.8299384555542,21,8.83770663495455
"997","Salcha","Yukon (US)",2001,257345.039984643,10904.341249574,188.28125,99.0625,63.7911017558109,1510.28009211553,12.094071066507,18.6581224291541,17.8004267950416,24,14.5324387437938
"998","Salcha","Yukon (US)",2002,515856.920121908,16621.347767016,239.26562,120.625,34.3251599296422,1391.13610457686,13.3376165931806,19.2687370240359,18.6143065717132,27,24.1551010922119
"999","Salcha","Yukon (US)",2003,436119.109978685,18011.1777577512,221.25,97.21875,114.682156743063,1419.09070022865,11.4584819395917,18.6412136901912,18.0562890847144,30,21.4723062048229
"1000","Salcha","Yukon (US)",2004,191958.309985161,8934.65555681779,89.9375,55.421875,114.248460459671,1658.35993871303,15.3967343541953,19.1071105793984,18.9401701518711,33,40.7893986796767
"1001","Salcha","Yukon (US)",2005,285072.310042277,15487.0713780718,104.328125,111.75,127.75716478659,1522.1087127467,15.293001400233,18.5321332845252,18.3925876833606,30,20.6621088977174
"1002","Salcha","Yukon (US)",2006,253209.140019661,13799.6878959476,124.984375,83.140625,81.1581308226208,1525.91182016889,13.9532229173335,19.1191563553557,18.7392472794969,19,17.8204377309901
"1003","Salcha","Yukon (US)",2007,344627.079872906,14894.6596754403,165.51562,79.96875,62.0693166929994,1604.71074109938,13.3610373561828,19.4770504794607,19.1941754520756,32,38.8987828236024
"1004","Salcha","Yukon (US)",2008,245811.729914308,13672.3028760071,241.35938,88.40625,85.0955476310989,1462.10888348548,10.0308624349607,18.598035640625,18.1378059607383,26,14.0533522405809
"1005","Salcha","Yukon (US)",2009,255926.860048441,12237.9790125547,133.67188,80.25,112.505898221128,1612.19470462247,15.7080857005842,18.8126326650731,18.2325710848462,27,23.8199673887239
"1006","Salcha","Yukon (US)",2010,205519.209891867,12451.2780918887,94.984375,82.53125,64.4544943472103,1654.20448626922,16.2047391857888,18.9053157621152,18.134573386666,29,22.3212509553746
"1007","Salcha","Yukon (US)",2011,205116.450003505,15557.3092757392,154.42188,106.78125,91.6064604332451,1468.41434513306,12.8017554862182,17.8168197468825,17.3746574725968,14,4.21876381091097
"1008","Salcha","Yukon (US)",2012,256765.959991431,12724.1079098487,75.03125,76.28125,115.710770616547,1530.25152530738,14.835750941963,18.2427670151385,17.561047408991,15,5.76449586636873
"1009","Salcha","Yukon (US)",2013,249256.480067715,9952.81519925808,115.03125,67.78125,143.531752823936,1513.03937342764,17.3217869240427,18.982005492508,18.297507338246,22,18.4905029066355
"1010","Salcha","Yukon (US)",2014,376214.280031903,17889.4852636513,173.6875,133.48438,41.6279240705277,1368.48878088084,11.6248864250455,17.657272133044,17.3059341692016,15,4.29009532636523
"1011","Salcha","Yukon (US)",2015,412267.79992291,15988.5343406887,196.625,106.140625,84.7790549298288,1507.93054455814,12.9620025918232,19.0956386601453,18.3654476400895,32,30.5939110228459
"1012","Salcha","Yukon (US)",2016,290801.899968758,20408.0041146704,235.10938,122.4375,50.2347302088637,1516.74007295093,11.9246076292352,19.5218240031596,19.2682533987746,38,57.1327828279471
"1013","Salcha","Yukon (US)",2017,410731.129977951,14217.7125703766,101.796875,75.5,134.087140436743,1632.0539938941,15.8836900305037,19.3443396271406,18.7157425551327,34,32.8409080782545
"1014","Salcha","Yukon (US)",2018,477853.029612718,18120.9832889791,183.875,132.8125,137.704327921336,1394.74916731722,14.4975901308143,18.4126401440005,18.2825526959966,20,17.2181582363673
