Population,Region,year,max5dprcp_spawn,mnprcp_rear,maxq_spawn,medq_rear,mean_swe,cdd_rear,maxDaily_spawn,maxDaily_migrate,maxWeekly_migrate,daysGT17_migrate,cddGT17_migrate
Aniak,Kuskokwim,1980,201818.43,15969.67137,186.09375,173.45312,29.1512224,1265.430406,11.42290235,15.13639486,14.23709849,0,0.364972239
Aniak,Kuskokwim,1981,175514.32,10944.37408,197.17188,80.234375,113.8582337,1339.392014,11.87091477,16.52289194,15.65443684,0,6.860260695
Aniak,Kuskokwim,1982,297488.63,16279.88039,252.15625,144.15625,160.3800241,1313.176275,12.56032015,15.2905683,14.72441812,0,8.624416112
Aniak,Kuskokwim,1983,239011.21,7881.74908,230.63281,62.296875,19.04849659,1316.326108,11.00823422,17.41707038,16.95871923,3,0.992141384
Aniak,Kuskokwim,1984,208860.18,7987.31346,108.296875,57.5625,95.170548,1310.276598,11.11105628,16.46434533,15.58550898,0,3.640151826
Aniak,Kuskokwim,1985,307925.72,11845.9702,276.71875,137.82812,111.3991971,1268.535667,11.88395621,14.46943077,13.5446134,0,8.135169781
Aniak,Kuskokwim,1986,229570.0401,11003.67493,249.375,112.890625,16.0297772,1320.515454,10.70046243,16.40236982,16.01690216,0,1.21657413
Aniak,Kuskokwim,1987,239084.8201,9505.760198,121.21094,101.84375,137.2569571,1274.799779,11.73999136,14.82926179,14.27298105,0,2.611808749
Aniak,Kuskokwim,1988,214973.8296,10880.72451,161.79688,86.34375,265.7360195,1441.554996,12.16614983,17.40122276,16.31340798,2,0.548475988
Aniak,Kuskokwim,1989,274695.59,14194.51441,247.3125,160.71875,166.6907487,1393.93131,12.16786687,15.7344198,15.23405418,0,0
Aniak,Kuskokwim,1990,258450.9201,14637.70197,247,93.65625,359.2217141,1459.823332,12.36516287,16.66458719,15.85509111,0,0
Aniak,Kuskokwim,1991,140494.03,7916.594278,202.26562,122.625,152.5733562,1363.666508,12.14488219,16.55824184,16.23890514,0,0
Aniak,Kuskokwim,1992,222856.7599,10948.37228,189.65625,69.328125,167.1626796,1442.862458,12.64848031,17.02069893,16.75245066,1,19.51317908
Aniak,Kuskokwim,1993,241829.32,11490.74934,266.17188,133.64062,130.3480811,1348.340438,11.5040987,17.97930974,17.27586589,5,2.937320778
Aniak,Kuskokwim,1994,319191.26,11127.32474,249.59375,153.21875,184.1493395,1422.113651,12.31631798,14.65392551,14.03332363,0,0
Aniak,Kuskokwim,1995,255383.0299,16288.10151,234.67188,156.64062,51.81716983,1364.507333,11.33990787,17.60628057,16.22466484,1,0.606280571
Aniak,Kuskokwim,1996,152701.04,10116.0985,169.65625,101.21875,71.17573864,1347.656107,11.66100011,18.09322247,17.95312035,20,13.03063146
Aniak,Kuskokwim,1997,221927.9808,9015.145394,264.76562,47.59375,122.352778,1417.701664,11.68044285,17.61205402,17.28548639,10,3.110827402
Aniak,Kuskokwim,1998,201148.8598,14046.00677,170,108.4375,87.26866525,1292.663332,11.94170253,15.49695696,15.27517128,0,2.728237281
Aniak,Kuskokwim,1999,280093.49,13225.62908,177.5,93.21875,60.48366119,1352.22583,11.93318986,15.95659498,15.61858254,0,0
Aniak,Kuskokwim,2000,190673.83,12540.14235,132.63281,92.90625,95.52575474,1316.117324,11.75475619,18.28079845,17.69181391,16,8.585753709
Aniak,Kuskokwim,2001,450854.4993,19485.05709,175.10156,113.265625,201.5096446,1431.437438,12.38461965,14.50215329,13.5936426,0,0
Aniak,Kuskokwim,2002,285266.0899,11987.84434,176.67969,66.75,67.20822964,1400.279608,11.68044285,19.01054133,18.09882523,28,22.17814364
Aniak,Kuskokwim,2003,298020.78,11815.81815,232.5,103.03125,88.4211742,1345.363527,11.89817312,17.07827929,17.91231623,2,8.57714391
Aniak,Kuskokwim,2004,340790.19,12472.64196,117.578125,45.515625,130.3664252,1414.559815,11.89729177,17.13535532,16.73852436,4,0.532462163
Aniak,Kuskokwim,2005,274861.2301,14035.13631,198.89844,76.44531,118.8660699,1408.337994,11.68044285,18.60527948,18.23123869,33,22.25435441
Aniak,Kuskokwim,2006,280480.8602,12955.96348,415.79688,95.265625,94.69118621,1354.321443,11.65006775,17.45182026,17.17988399,6,3.105240553
Aniak,Kuskokwim,2007,235721.8301,13570.69348,197.32031,97.34375,66.76236454,1382.737329,11.96326897,18.24646416,18.10840669,20,19.51865375
Aniak,Kuskokwim,2008,233502.7,10650.77196,130.78125,109.953125,220.3918506,1425.342968,12.09527914,13.75954872,13.41469261,0,0
Aniak,Kuskokwim,2009,197202.1,9671.500063,186.27344,66.875,186.9208913,1501.511998,12.62042466,17.21920367,16.76155091,4,0.598455941
Aniak,Kuskokwim,2010,205530.9701,10707.03158,249.05469,128.0625,90.60769969,1371.97725,11.92430952,16.89994203,16.57284654,0,1.718633216
Aniak,Kuskokwim,2011,211214.77,10145.53764,180.5,118.109375,143.9969752,1359.569844,11.88902601,16.35855553,15.30634261,0,0.435301458
Aniak,Kuskokwim,2012,294641.25,15600.25412,314.60938,156.5,156.0112485,1328.613598,12.57727804,15.06042424,14.49244665,0,0
Aniak,Kuskokwim,2013,249988.77,9928.659343,332.40625,64.359375,142.9737073,1414.261606,12.51495185,18.42616256,18.00721924,16,21.96794055
Aniak,Kuskokwim,2014,136126.51,10922.15422,338.75,69.9375,28.13252709,1401.915471,11.96326897,17.12165741,16.95626141,1,0.600798646
Aniak,Kuskokwim,2015,482302.4601,15553.03039,194.5,72.453125,35.46268769,1398.406338,11.94840255,18.12141344,17.89459249,23,18.36026108
Aniak,Kuskokwim,2016,286510.21,17561.05314,307.4375,150.67188,43.13396628,1435.73205,11.94755492,16.12742878,15.90863949,0,0
Aniak,Kuskokwim,2017,322094.67,14371.95013,343.83594,121.09375,98.88584705,1416.658268,11.88078011,18.12141344,18.06468138,27,25.80485858
Aniak,Kuskokwim,2018,268444.67,14123.2352,217.08594,127.125,125.2941149,1345.58264,11.80624256,16.46159791,15.79172524,0,0
George,Kuskokwim,1980,112909.48,8240.593333,112.328125,88.4375,36.64829014,1406.724685,13.43307113,15.13639486,14.23709849,0,0.364972239
George,Kuskokwim,1981,111562.94,6970.895922,78.796875,51.296875,73.1067439,1300.536784,12.5479677,16.52289194,15.65443684,0,6.860260695
George,Kuskokwim,1982,179121.08,9439.664013,167.92188,93.828125,136.0300926,1253.038431,12.59636619,15.2905683,14.72441812,0,8.624416112
George,Kuskokwim,1983,163943.0201,5586.459739,115.96875,43.554688,38.1377993,1554.668422,14.44659294,17.41707038,16.95871923,3,0.992141384
George,Kuskokwim,1984,133983.94,5534.053008,64.546875,35,155.3268885,1439.646125,12.75954821,16.46434533,15.58550898,0,3.640151826
George,Kuskokwim,1985,170774.62,10239.8473,196.85938,95.015625,264.5203218,1342.427938,15.42407151,14.46943077,13.5446134,0,8.135169781
George,Kuskokwim,1986,165464.04,8189.847829,166.25,63.15625,46.90839382,1404.62531,11.4730138,16.40236982,16.01690216,0,1.21657413
George,Kuskokwim,1987,123753.83,6312.343488,92.03125,68.40625,172.213076,1223.466791,10.89553436,14.82926179,14.27298105,0,2.611808749
George,Kuskokwim,1988,104322.8601,7265.117838,66.59375,45.5,89.44634304,1374.089234,14.28399238,17.40122276,16.31340798,2,0.548475988
George,Kuskokwim,1989,194163.88,8482.979868,143,95.1875,148.5932698,1180.115674,10.84806385,15.7344198,15.23405418,0,0
George,Kuskokwim,1990,143872.6501,7951.866317,114.640625,65.78125,238.9027869,1574.262772,16.64941277,16.66458719,15.85509111,0,0
George,Kuskokwim,1991,138985.3401,5331.543095,74.640625,47.1875,114.6446577,1478.246113,13.0443994,16.55824184,16.23890514,0,0
George,Kuskokwim,1992,153572.09,5345.732552,90.140625,39.484375,121.1205536,1523.544664,15.10698668,17.02069893,16.75245066,1,19.51317908
George,Kuskokwim,1993,166605.1301,7257.486381,196.29688,68.625,93.46508859,1443.273561,16.18499507,17.97930974,17.27586589,5,2.937320778
George,Kuskokwim,1994,248656.33,6197.726842,114.984375,78.59375,172.1203355,1261.807891,11.64740997,14.65392551,14.03332363,0,0
George,Kuskokwim,1995,177537.56,6432.895331,86.296875,43.234375,32.37595583,1533.571735,13.92921855,17.60628057,16.22466484,1,0.606280571
George,Kuskokwim,1996,148758.69,6222.619935,93.046875,41.328125,94.84458416,1465.696372,11.29865723,18.09322247,17.95312035,20,13.03063146
George,Kuskokwim,1997,228989.68,3893.766381,100.13281,25.171875,118.8795609,1762.043108,16.30900069,17.61205402,17.28548639,10,3.110827402
George,Kuskokwim,1998,121057.21,9157.113159,162.29688,102.9375,42.36616584,1302.823667,12.80753559,15.49695696,15.27517128,0,2.728237281
George,Kuskokwim,1999,140369.5601,6107.524409,88.421875,72.5625,62.36190897,1405.103699,12.80296273,15.95659498,15.61858254,0,0
George,Kuskokwim,2000,134001.71,5392.45621,95.84375,55.421875,70.4278238,1376.837126,11.72874393,18.28079845,17.69181391,16,8.585753709
George,Kuskokwim,2001,230961.97,9675.82408,105.25,65.21875,156.5961304,1342.120847,13.94414181,14.50215329,13.5936426,0,0
George,Kuskokwim,2002,162863.95,6312.328487,73.53125,36.015625,86.17825748,1498.524621,16.27117467,19.01054133,18.09882523,28,22.17814364
George,Kuskokwim,2003,192258.17,7391.22829,99.09375,65.1875,94.29450506,1368.815962,13.69970066,17.07827929,17.91231623,2,8.57714391
George,Kuskokwim,2004,352029.03,6511.315753,64.61719,29.078125,178.0225034,1673.036817,15.71516545,17.13535532,16.73852436,4,0.532462163
George,Kuskokwim,2005,156986.93,7277.194737,81.02344,46.78125,109.016084,1610.375426,16.35553249,18.60527948,18.23123869,33,22.25435441
George,Kuskokwim,2006,176505.25,6817.529542,145.25,53.1875,67.95587121,1358.835727,13.94254927,17.45182026,17.17988399,6,3.105240553
George,Kuskokwim,2007,156092.81,8409.127631,87.3125,49.734375,39.5687565,1712.001097,13.20861736,18.24646416,18.10840669,20,19.51865375
George,Kuskokwim,2008,92782.47998,5413.284052,58.476562,57.96875,120.9277829,1454.144514,13.97732208,13.75954872,13.41469261,0,0
George,Kuskokwim,2009,121757.3003,4903.67921,52.15625,28.78125,200.9749769,1659.744164,15.83092031,17.21920367,16.76155091,4,0.598455941
George,Kuskokwim,2010,176741.66,6180.027435,131.30469,49.421875,68.57286607,1463.195245,13.04905948,16.89994203,16.57284654,0,1.718633216
George,Kuskokwim,2011,143199.2899,6177.667764,92.515625,45.609375,171.806823,1404.966873,11.847974,16.35855553,15.30634261,0,0.435301458
George,Kuskokwim,2012,161613.11,9973.584054,184.1875,81.125,120.5697682,1323.169364,11.87662136,15.06042424,14.49244665,0,0
George,Kuskokwim,2013,192047.51,6132.496318,198.47656,48.25,111.5113009,1493.727209,17.06419909,18.42616256,18.00721924,16,21.96794055
George,Kuskokwim,2014,73527.90002,6271.669277,186.5625,46.03125,31.9719662,1598.520556,15.05652504,17.12165741,16.95626141,1,0.600798646
George,Kuskokwim,2015,230570.8901,8183.085068,115.0625,44.03125,44.61118897,1602.259796,15.60388996,18.12141344,17.89459249,23,18.36026108
George,Kuskokwim,2016,187641.29,11583.09007,152.08594,74.8125,37.65486229,1625.581113,13.65295766,16.12742878,15.90863949,0,0
George,Kuskokwim,2017,176822.53,8361.506844,148.16406,50.484375,62.31985279,1655.609175,13.05717733,18.12141344,18.06468138,27,25.80485858
George,Kuskokwim,2018,179023.6401,9111.643819,95.71875,72.609375,111.5179493,1451.265248,15.60477468,16.46159791,15.79172524,0,0
Goodnews,Kuskokwim,1980,32772.18005,3120.008563,53.875,21.90625,8.769799721,1570.394594,13.92743405,15.13639486,14.23709849,0,0.364972239
Goodnews,Kuskokwim,1981,43481.58999,1904.706645,47.578125,8.9375,29.30420565,1525.503123,14.97961355,16.52289194,15.65443684,0,6.860260695
Goodnews,Kuskokwim,1982,57322.19,3393.4675,96.296875,35.90625,90.41755666,1386.971712,14.24921548,15.2905683,14.72441812,0,8.624416112
Goodnews,Kuskokwim,1983,39797.54999,1529.826711,68.10156,10.34375,0.20269693,1541.750224,13.85279277,17.41707038,16.95871923,3,0.992141384
Goodnews,Kuskokwim,1984,51935.6,1500.43281,25.5,11.78125,12.14304404,1554.871097,14.62963551,16.46434533,15.58550898,0,3.640151826
Goodnews,Kuskokwim,1985,43868.86001,1139.550461,74.203125,27.984375,16.50883845,1410.475502,14.962913,14.46943077,13.5446134,0,8.135169781
Goodnews,Kuskokwim,1986,55021.81998,1636.159934,51.421875,24.078125,7.071321755,1613.610071,13.27107911,16.40236982,16.01690216,0,1.21657413
Goodnews,Kuskokwim,1987,50336.89001,1541.419803,47.570312,16.671875,2.870293729,1627.701268,15.07224654,14.82926179,14.27298105,0,2.611808749
Goodnews,Kuskokwim,1988,49555.85997,999.2430065,44.828125,18,200.0214149,1412.998018,13.93149078,17.40122276,16.31340798,2,0.548475988
Goodnews,Kuskokwim,1989,30359.45,1920.788816,70.453125,32.5,118.4390655,1349.431492,12.60215141,15.7344198,15.23405418,0,0
Goodnews,Kuskokwim,1990,46371.28999,2276.210921,46.671875,20.65625,325.7561949,1418.040654,15.11954554,16.66458719,15.85509111,0,0
Goodnews,Kuskokwim,1991,21397.67001,1310.170197,62.890625,19.90625,102.1388117,1430.582973,13.03459335,16.55824184,16.23890514,0,0
Goodnews,Kuskokwim,1992,32175.44002,1527.505099,33.6875,13.8125,110.4086247,1383.383764,13.46142703,17.02069893,16.75245066,1,19.51317908
Goodnews,Kuskokwim,1993,38530.53,1927.457368,66.9375,32.28125,54.6700266,1561.915582,15.27426602,17.97930974,17.27586589,5,2.937320778
Goodnews,Kuskokwim,1994,44498.37999,2093.969802,60.296875,23.96875,72.30538048,1436.476452,13.53611613,14.65392551,14.03332363,0,0
Goodnews,Kuskokwim,1995,32513.78,1879.78454,52.5625,18.28125,2.806248327,1709.883799,14.28995448,17.60628057,16.22466484,1,0.606280571
Goodnews,Kuskokwim,1996,33167.78999,1741.937974,46.554688,13.1875,28.10487318,1483.218091,13.23503017,18.09322247,17.95312035,20,13.03063146
Goodnews,Kuskokwim,1997,30213.50001,1569.058553,61.429688,11.875,64.29288388,1697.013089,16.65322526,17.61205402,17.28548639,10,3.110827402
Goodnews,Kuskokwim,1998,29805.37001,1641.552237,60.375,21.90625,12.30640853,1447.700935,14.02850974,15.49695696,15.27517128,0,2.728237281
Goodnews,Kuskokwim,1999,23777.32998,1593.315067,50.1875,16.078125,40.44280373,1559.266332,14.7303989,15.95659498,15.61858254,0,0
Goodnews,Kuskokwim,2000,36660.16998,1775.709673,57.984375,16.59375,22.27371155,1435.642799,13.67104444,18.28079845,17.69181391,16,8.585753709
Goodnews,Kuskokwim,2001,40158.50001,1439.198289,69.453125,13.4375,25.53013353,1464.489346,14.7341386,14.50215329,13.5936426,0,0
Goodnews,Kuskokwim,2002,38622.81001,1923.80204,59.742188,11.28125,26.10829107,1550.995163,16.03011427,19.01054133,18.09882523,28,22.17814364
Goodnews,Kuskokwim,2003,30505.86002,1734.835196,44.578125,20.03125,0.268384513,1577.657125,16.23968378,17.07827929,17.91231623,2,8.57714391
Goodnews,Kuskokwim,2004,48057.67997,1800.826732,52.5,7.5625,55.59897192,1718.595322,16.69299198,17.13535532,16.73852436,4,0.532462163
Goodnews,Kuskokwim,2005,31015.47998,2082.442171,60.335938,19.546875,52.14547399,1766.063461,17.17577564,18.60527948,18.23123869,33,22.25435441
Goodnews,Kuskokwim,2006,39784.75,1776.121711,93.140625,8.515625,58.43567413,1479.521034,14.03511201,17.45182026,17.17988399,6,3.105240553
Goodnews,Kuskokwim,2007,48238.50997,2000.295066,72.984375,13.96875,17.5946595,1602.320964,15.16686756,18.24646416,18.10840669,20,19.51865375
Goodnews,Kuskokwim,2008,35288.74998,1352.06281,21.578125,16.1875,88.25089453,1496.057369,15.10792967,13.75954872,13.41469261,0,0
Goodnews,Kuskokwim,2009,33430.7,1652.905461,60.03125,16.15625,134.0799198,1481.348007,13.15657943,17.21920367,16.76155091,4,0.598455941
Goodnews,Kuskokwim,2010,40851.35003,2147.370065,68.65625,20.359375,109.0688651,1360.341036,11.53843369,16.89994203,16.57284654,0,1.718633216
Goodnews,Kuskokwim,2011,27048.19999,1544.559211,34.429688,16.078125,155.6299199,1328.0854,13.25682323,16.35855553,15.30634261,0,0.435301458
Goodnews,Kuskokwim,2012,39658.88002,2263.613398,53.859375,22.75,135.7914818,1406.690968,15.26825474,15.06042424,14.49244665,0,0
Goodnews,Kuskokwim,2013,36410.53999,1291.158486,78.359375,17.71875,58.20050741,1564.467473,17.10755088,18.42616256,18.00721924,16,21.96794055
Goodnews,Kuskokwim,2014,26940.10002,1457.116974,45.1875,8.125,5.88510013,1908.548772,16.77412687,17.12165741,16.95626141,1,0.600798646
Goodnews,Kuskokwim,2015,54189.99,1984.873947,36.796875,8.34375,0,1788.573736,18.27065288,18.12141344,17.89459249,23,18.36026108
Goodnews,Kuskokwim,2016,36411.67998,2069.126405,53.140625,16.1875,1.600934579,1897.60797,15.16621876,16.12742878,15.90863949,0,0
Goodnews,Kuskokwim,2017,33924.98003,1917.748158,56.242188,15.265625,47.9842591,1773.261555,15.31228481,18.12141344,18.06468138,27,25.80485858
Goodnews,Kuskokwim,2018,38696.75003,2150.637105,63.296875,23.234375,11.16730306,1659.789895,13.77286009,16.46159791,15.79172524,0,0
Holitna,Kuskokwim,1980,620633.5801,43983.47987,320.375,340.28125,16.26695499,1406.724685,13.43307113,15.13639486,14.23709849,0,0.364972239
Holitna,Kuskokwim,1981,604784.1599,37870.41981,189.10938,160.35938,41.18972982,1300.536784,12.5479677,16.52289194,15.65443684,0,6.860260695
Holitna,Kuskokwim,1982,913615.8599,52656.89599,490.875,260.48438,82.79742369,1253.038431,12.59636619,15.2905683,14.72441812,0,8.624416112
Holitna,Kuskokwim,1983,947152.8,23053.59764,270.58594,131.15625,8.992406597,1554.668422,14.44659294,17.41707038,16.95871923,3,0.992141384
Holitna,Kuskokwim,1984,895834.86,22256.77314,146.64062,110.71875,84.18691793,1439.646125,12.75954821,16.46434533,15.58550898,0,3.640151826
Holitna,Kuskokwim,1985,968850.8102,43714.89849,403.96875,219.98438,106.1634431,1342.427938,15.42407151,14.46943077,13.5446134,0,8.135169781
Holitna,Kuskokwim,1986,754561.0699,37746.43263,480.78125,188.4375,26.85656585,1404.62531,11.4730138,16.40236982,16.01690216,0,1.21657413
Holitna,Kuskokwim,1987,810112.3601,30901.47198,246.8125,274.35938,87.75525672,1223.466791,10.89553436,14.82926179,14.27298105,0,2.611808749
Holitna,Kuskokwim,1988,556344.0001,25939.42641,242.40625,192.4375,124.4940983,1374.089234,14.28399238,17.40122276,16.31340798,2,0.548475988
Holitna,Kuskokwim,1989,652586.9602,34580.81369,481.46875,365.28125,86.13236956,1180.115674,10.84806385,15.7344198,15.23405418,0,0
Holitna,Kuskokwim,1990,674231.2701,26300.08809,320.71875,248.32812,189.4663047,1574.262772,16.64941277,16.66458719,15.85509111,0,0
Holitna,Kuskokwim,1991,408072.2503,19351.42086,353.46875,213.59375,78.56189135,1478.246113,13.0443994,16.55824184,16.23890514,0,0
Holitna,Kuskokwim,1992,603373.96,24895.57392,323.29688,183.67188,94.16109512,1523.544664,15.10698668,17.02069893,16.75245066,1,19.51317908
Holitna,Kuskokwim,1993,649695.5,29189.68481,488.90625,246.67188,115.3108697,1443.273561,16.18499507,17.97930974,17.27586589,5,2.937320778
Holitna,Kuskokwim,1994,771414.76,27434.68277,306.03125,261.78125,165.3902995,1261.807891,11.64740997,14.65392551,14.03332363,0,0
Holitna,Kuskokwim,1995,858489.6701,38250.76132,293.45312,252.73438,33.41239107,1533.571735,13.92921855,17.60628057,16.22466484,1,0.606280571
Holitna,Kuskokwim,1996,713977.41,30502.89223,199.32812,150.71875,63.8634455,1465.696372,11.29865723,18.09322247,17.95312035,20,13.03063146
Holitna,Kuskokwim,1997,585372.0901,22680.81678,499.02344,95.359375,90.99338694,1762.043108,16.30900069,17.61205402,17.28548639,10,3.110827402
Holitna,Kuskokwim,1998,752572.4801,43447.01513,251.75,221.25,36.60398769,1302.823667,12.80753559,15.49695696,15.27517128,0,2.728237281
Holitna,Kuskokwim,1999,660891.4101,34445.06678,302.07812,201.48438,69.24533326,1405.103699,12.80296273,15.95659498,15.61858254,0,0
Holitna,Kuskokwim,2000,682814.2302,30221.83314,242.30469,139.03125,60.45130252,1376.837126,11.72874393,18.28079845,17.69181391,16,8.585753709
Holitna,Kuskokwim,2001,1020124.57,39419.56264,197.09375,210.9375,102.7412535,1342.120847,13.94414181,14.50215329,13.5936426,0,0
Holitna,Kuskokwim,2002,948952.0799,35140.62822,290.5,146.45312,56.26003409,1498.524621,16.27117467,19.01054133,18.09882523,28,22.17814364
Holitna,Kuskokwim,2003,937717.0402,29159.29034,355.875,180.46875,51.78027378,1368.815962,13.69970066,17.07827929,17.91231623,2,8.57714391
Holitna,Kuskokwim,2004,1100521.51,32657.58823,162.57031,114.765625,105.8671582,1673.036817,15.71516545,17.13535532,16.73852436,4,0.532462163
Holitna,Kuskokwim,2005,768800.2199,37691.59658,184.75,135.89062,73.13922708,1610.375426,16.35553249,18.60527948,18.23123869,33,22.25435441
Holitna,Kuskokwim,2006,849461.3001,32662.89908,565.8047,198.34375,78.67733278,1358.835727,13.94254927,17.45182026,17.17988399,6,3.105240553
Holitna,Kuskokwim,2007,824135.59,32750.64527,264.60156,201.51562,36.91594657,1712.001097,13.20861736,18.24646416,18.10840669,20,19.51865375
Holitna,Kuskokwim,2008,695496.2002,26812.98726,240.39844,213.4375,144.3705302,1454.144514,13.97732208,13.75954872,13.41469261,0,0
Holitna,Kuskokwim,2009,789538.8099,29663.61954,247.29688,173.4375,216.8669664,1659.744164,15.83092031,17.21920367,16.76155091,4,0.598455941
Holitna,Kuskokwim,2010,658714.92,31353.23283,392.03125,230.1875,79.61797716,1463.195245,13.04905948,16.89994203,16.57284654,0,1.718633216
Holitna,Kuskokwim,2011,672819.3799,33590.47428,191.88281,175.98438,129.8615333,1404.966873,11.847974,16.35855553,15.30634261,0,0.435301458
Holitna,Kuskokwim,2012,955719.5501,47600.20713,486,308.96875,103.1837139,1323.169364,11.87662136,15.06042424,14.49244665,0,0
Holitna,Kuskokwim,2013,762428.24,29389.80099,471.96094,167.54688,87.16410005,1493.727209,17.06419909,18.42616256,18.00721924,16,21.96794055
Holitna,Kuskokwim,2014,491927.36,33623.48579,410.3828,183.42188,20.93450057,1598.520556,15.05652504,17.12165741,16.95626141,1,0.600798646
Holitna,Kuskokwim,2015,1671459.75,45107.78862,193.88281,168.75,17.05349991,1602.259796,15.60388996,18.12141344,17.89459249,23,18.36026108
Holitna,Kuskokwim,2016,998320.1601,53400.95791,406.10938,207.3125,43.07196603,1625.581113,13.65295766,16.12742878,15.90863949,0,0
Holitna,Kuskokwim,2017,757683.24,37474.48882,323.96094,174.79688,64.56472056,1655.609175,13.05717733,18.12141344,18.06468138,27,25.80485858
Holitna,Kuskokwim,2018,994468.55,41537.46481,310.27344,238.34375,97.05611516,1451.265248,15.60477468,16.46159791,15.79172524,0,0
Holokuk,Kuskokwim,1980,48900.48999,3177.266797,42.359375,42.359375,29.53522302,1406.724685,13.43307113,15.13639486,14.23709849,0,0.364972239
Holokuk,Kuskokwim,1981,41334.27999,2599.139276,45.625,16.375,114.159357,1300.536784,12.5479677,16.52289194,15.65443684,0,6.860260695
Holokuk,Kuskokwim,1982,60840.26001,3534.611711,70.21875,26.1875,133.9739453,1253.038431,12.59636619,15.2905683,14.72441812,0,8.624416112
Holokuk,Kuskokwim,1983,57845.38999,1811.088027,53.710938,10.78125,20.6712007,1554.668422,14.44659294,17.41707038,16.95871923,3,0.992141384
Holokuk,Kuskokwim,1984,57444.33001,1666.039542,26.578125,11.546875,116.5104289,1439.646125,12.75954821,16.46434533,15.58550898,0,3.640151826
Holokuk,Kuskokwim,1985,68059.95998,2834.363158,78.5625,33.625,160.677007,1342.427938,15.42407151,14.46943077,13.5446134,0,8.135169781
Holokuk,Kuskokwim,1986,52931.38999,2541.371776,74.4375,20.15625,18.39085767,1404.62531,11.4730138,16.40236982,16.01690216,0,1.21657413
Holokuk,Kuskokwim,1987,41870.90001,1905.582764,33.84375,27.921875,158.6406174,1223.466791,10.89553436,14.82926179,14.27298105,0,2.611808749
Holokuk,Kuskokwim,1988,47570.43,2466.007452,38.640625,18.0625,148.7842794,1374.089234,14.28399238,17.40122276,16.31340798,2,0.548475988
Holokuk,Kuskokwim,1989,65015.37,3205.625658,62.109375,33.828125,156.5353518,1180.115674,10.84806385,15.7344198,15.23405418,0,0
Holokuk,Kuskokwim,1990,50893.15999,2761.231974,54.328125,16.65625,310.0070416,1574.262772,16.64941277,16.66458719,15.85509111,0,0
Holokuk,Kuskokwim,1991,29449.33006,1734.485001,48.59375,20.65625,134.0787908,1478.246113,13.0443994,16.55824184,16.23890514,0,0
Holokuk,Kuskokwim,1992,53352.92997,2293.633595,57.8125,17,167.5454373,1523.544664,15.10698668,17.02069893,16.75245066,1,19.51317908
Holokuk,Kuskokwim,1993,57279.75018,2451.636843,71.984375,28.21875,129.51,1443.273561,16.18499507,17.97930974,17.27586589,5,2.937320778
Holokuk,Kuskokwim,1994,72063.59001,2176.276119,45.453125,32.625,211.4221183,1261.807891,11.64740997,14.65392551,14.03332363,0,0
Holokuk,Kuskokwim,1995,59419.06997,3062.016974,47.992188,31.375,61.32180964,1533.571735,13.92921855,17.60628057,16.22466484,1,0.606280571
Holokuk,Kuskokwim,1996,38679.94001,2164.209216,47.28125,20.09375,83.48142367,1465.696372,11.29865723,18.09322247,17.95312035,20,13.03063146
Holokuk,Kuskokwim,1997,55374.95005,1723.342303,49.835938,9.796875,135.9732676,1762.043108,16.30900069,17.61205402,17.28548639,10,3.110827402
Holokuk,Kuskokwim,1998,46448.08008,3323.128158,51.921875,34.125,92.05218702,1302.823667,12.80753559,15.49695696,15.27517128,0,2.728237281
Holokuk,Kuskokwim,1999,67392.46998,2919.236908,46.140625,24.046875,67.47748709,1405.103699,12.80296273,15.95659498,15.61858254,0,0
Holokuk,Kuskokwim,2000,44517.68001,2697.271504,37.1875,20.40625,106.14747,1376.837126,11.72874393,18.28079845,17.69181391,16,8.585753709
Holokuk,Kuskokwim,2001,99724.15001,4194.077565,40.90625,24.53125,228.8346482,1342.120847,13.94414181,14.50215329,13.5936426,0,0
Holokuk,Kuskokwim,2002,60765.48002,2603.244078,32.367188,14.71875,78.65084892,1498.524621,16.27117467,19.01054133,18.09882523,28,22.17814364
Holokuk,Kuskokwim,2003,75354.04004,2653.730462,62.53125,25.71875,100.8022812,1368.815962,13.69970066,17.07827929,17.91231623,2,8.57714391
Holokuk,Kuskokwim,2004,72518.18001,2702.108562,26.546875,10.859375,156.286518,1673.036817,15.71516545,17.13535532,16.73852436,4,0.532462163
Holokuk,Kuskokwim,2005,59876.69002,2963.51796,46.046875,15.46875,119.6581217,1610.375426,16.35553249,18.60527948,18.23123869,33,22.25435441
Holokuk,Kuskokwim,2006,67019.26003,2715.50717,103.953125,19.09375,85.17186956,1358.835727,13.94254927,17.45182026,17.17988399,6,3.105240553
Holokuk,Kuskokwim,2007,52982.13002,2665.401119,47.601562,25.6875,59.32558319,1712.001097,13.20861736,18.24646416,18.10840669,20,19.51865375
Holokuk,Kuskokwim,2008,52140.88004,2032.393072,30.671875,24.21875,187.9751801,1454.144514,13.97732208,13.75954872,13.41469261,0,0
Holokuk,Kuskokwim,2009,45285.32999,2356.181381,40.335938,16.0625,211.6555059,1659.744164,15.83092031,17.21920367,16.76155091,4,0.598455941
Holokuk,Kuskokwim,2010,46738.62003,2402.06217,59.875,26.59375,93.01312178,1463.195245,13.04905948,16.89994203,16.57284654,0,1.718633216
Holokuk,Kuskokwim,2011,45697.52999,2254.731843,46.03125,23.15625,156.3623328,1404.966873,11.847974,16.35855553,15.30634261,0,0.435301458
Holokuk,Kuskokwim,2012,71657.68,3646.13621,81.25,34.96875,142.7757888,1323.169364,11.87662136,15.06042424,14.49244665,0,0
Holokuk,Kuskokwim,2013,61240.71997,2292.014737,87.53125,15.4375,139.0378216,1493.727209,17.06419909,18.42616256,18.00721924,16,21.96794055
Holokuk,Kuskokwim,2014,30961.75994,2480.867962,105.359375,18.28125,48.65848203,1598.520556,15.05652504,17.12165741,16.95626141,1,0.600798646
Holokuk,Kuskokwim,2015,114853.3701,3432.407238,48.1875,19.75,53.28679241,1602.259796,15.60388996,18.12141344,17.89459249,23,18.36026108
Holokuk,Kuskokwim,2016,63310.77001,3920.017843,80.265625,31.984375,28.50349054,1625.581113,13.65295766,16.12742878,15.90863949,0,0
Holokuk,Kuskokwim,2017,70940.06999,2986.405397,78.890625,28.25,98.63140658,1655.609175,13.05717733,18.12141344,18.06468138,27,25.80485858
Holokuk,Kuskokwim,2018,62181.62999,3030.579476,50.875,28.03125,128.2887992,1451.265248,15.60477468,16.46159791,15.79172524,0,0
Kisaralik,Kuskokwim,1980,105229.41,10495.08889,108.67969,73.96875,20.74064276,1662.972052,13.89038573,15.13639486,14.23709849,0,0.364972239
Kisaralik,Kuskokwim,1981,108732.74,6226.659802,119.234375,42.59375,96.82952717,1717.174414,14.4885264,16.52289194,15.65443684,0,6.860260695
Kisaralik,Kuskokwim,1982,178310.09,10198.72724,142.04688,65.8125,168.5121981,1521.153962,13.80331374,15.2905683,14.72441812,0,8.624416112
Kisaralik,Kuskokwim,1983,133560.34,4877.536645,186.28125,27.265625,14.11183967,1718.018313,13.43404726,17.41707038,16.95871923,3,0.992141384
Kisaralik,Kuskokwim,1984,136539.16,4980.723984,96.265625,27.265625,88.15387512,1495.224313,13.02272066,16.46434533,15.58550898,0,3.640151826
Kisaralik,Kuskokwim,1985,170703.6803,5792.235199,155.65625,81.625,67.34431477,1616.277369,15.20587159,14.46943077,13.5446134,0,8.135169781
Kisaralik,Kuskokwim,1986,143965.15,6419.091972,141.76562,40.9375,6.634270411,1674.778731,13.19894339,16.40236982,16.01690216,0,1.21657413
Kisaralik,Kuskokwim,1987,147310.8001,5216.871251,57.78125,39.65625,113.8786663,1471.894701,13.34317235,14.82926179,14.27298105,0,2.611808749
Kisaralik,Kuskokwim,1988,164482.5399,6214.275488,70.125,32.9375,335.0949577,1647.634277,13.74929029,17.40122276,16.31340798,2,0.548475988
Kisaralik,Kuskokwim,1989,141902.4801,7335.816843,122.28125,86.578125,163.6036201,1563.423692,13.84066587,15.7344198,15.23405418,0,0
Kisaralik,Kuskokwim,1990,141065.1,8707.54105,143,54.3125,393.5585226,1675.562764,14.18289024,16.66458719,15.85509111,0,0
Kisaralik,Kuskokwim,1991,82657.67001,4130.634866,80.890625,37.65625,146.2291135,1433.327732,12.80204252,16.55824184,16.23890514,0,0
Kisaralik,Kuskokwim,1992,118045.35,5765.127121,102.890625,31.8125,158.0625157,1367.337421,12.87005478,17.02069893,16.75245066,1,19.51317908
Kisaralik,Kuskokwim,1993,145559.7501,6512.109148,144.90625,78,109.3412708,1729.980421,13.98931302,17.97930974,17.27586589,5,2.937320778
Kisaralik,Kuskokwim,1994,177872.7,6376.58329,134.5,75.921875,159.0851866,1379.438387,12.61594885,14.65392551,14.03332363,0,0
Kisaralik,Kuskokwim,1995,153358.2797,9449.214671,101.94531,58.375,36.79254524,1804.271859,14.27824599,17.60628057,16.22466484,1,0.606280571
Kisaralik,Kuskokwim,1996,96933.60956,5426.775688,102.84375,37.796875,59.77342078,1586.670447,13.31005951,18.09322247,17.95312035,20,13.03063146
Kisaralik,Kuskokwim,1997,124303.6099,5247.262302,116.88281,31.3125,113.0031437,1704.095497,14.7726256,17.61205402,17.28548639,10,3.110827402
Kisaralik,Kuskokwim,1998,120516.9698,7029.234999,100.59375,54.75,58.20527897,1679.306245,14.05481263,15.49695696,15.27517128,0,2.728237281
Kisaralik,Kuskokwim,1999,133566.46,6932.77125,73.4375,48.3125,54.46210933,1701.833388,14.74227986,15.95659498,15.61858254,0,0
Kisaralik,Kuskokwim,2000,117432.93,6701.735426,109.8125,51.03125,62.18899884,1689.042158,14.72160819,18.28079845,17.69181391,16,8.585753709
Kisaralik,Kuskokwim,2001,245522.8798,10634.31368,134.32812,50.5625,150.3226708,1514.970167,13.64697637,14.50215329,13.5936426,0,0
Kisaralik,Kuskokwim,2002,166510.04,6765.332302,103.578125,31.28125,44.64514224,1875.397019,15.8756218,19.01054133,18.09882523,28,22.17814364
Kisaralik,Kuskokwim,2003,160321.1799,6411.360722,130.48438,38.25,58.45375696,1799.14736,15.41123487,17.07827929,17.91231623,2,8.57714391
Kisaralik,Kuskokwim,2004,167211.37,7288.584506,106.734375,21.296875,105.1307056,1885.65031,14.66573421,17.13535532,16.73852436,4,0.532462163
Kisaralik,Kuskokwim,2005,155263.9998,7782.218943,141.60938,29.9375,102.0184153,1739.765269,14.24768758,18.60527948,18.23123869,33,22.25435441
Kisaralik,Kuskokwim,2006,147159.66,7034.305786,170.91406,43.867188,89.59623942,1697.041336,13.97653603,17.45182026,17.17988399,6,3.105240553
Kisaralik,Kuskokwim,2007,128588.76,7728.538811,115.14844,35.703125,53.66046547,1789.849371,15.64576723,18.24646416,18.10840669,20,19.51865375
Kisaralik,Kuskokwim,2008,126648.98,5968.620916,81.19531,37.828125,202.6233874,1598.528723,13.97482798,13.75954872,13.41469261,0,0
Kisaralik,Kuskokwim,2009,109364.87,5043.882499,84.92969,22.53125,159.2462617,1703.294484,14.20346911,17.21920367,16.76155091,4,0.598455941
Kisaralik,Kuskokwim,2010,109182.89,5754.222631,184.61719,56.46875,78.50513852,1569.820299,13.37667978,16.89994203,16.57284654,0,1.718633216
Kisaralik,Kuskokwim,2011,115212.62,5477.545662,111.5,54.59375,120.6671666,1464.475713,12.93505052,16.35855553,15.30634261,0,0.435301458
Kisaralik,Kuskokwim,2012,129183.3099,8043.80072,142.45312,72.296875,155.2981086,1334.768021,12.99193638,15.06042424,14.49244665,0,0
Kisaralik,Kuskokwim,2013,131607.02,5260.092038,147.99219,34.859375,133.7550498,1556.173678,14.04073276,18.42616256,18.00721924,16,21.96794055
Kisaralik,Kuskokwim,2014,87611.49004,5842.968622,88.77344,24.34375,16.70319173,1857.572857,15.030778,17.12165741,16.95626141,1,0.600798646
Kisaralik,Kuskokwim,2015,248142.4098,8772.6073,174.89062,28.40625,22.96338384,1834.823611,15.53421891,18.12141344,17.89459249,23,18.36026108
Kisaralik,Kuskokwim,2016,146502.82,9281.500916,105,51,42.6384447,1935.841037,15.46111313,16.12742878,15.90863949,0,0
Kisaralik,Kuskokwim,2017,169506.47,8662.729603,208.92969,38.90625,90.21705943,1805.452698,14.86531974,18.12141344,18.06468138,27,25.80485858
Kisaralik,Kuskokwim,2018,139569.99,7990.077107,182.6875,64.84375,100.7860879,1746.087887,14.0816861,16.46159791,15.79172524,0,0
Kogrukluk,Kuskokwim,1980,83019.37001,5649.409477,76.25,76.078125,23.72504112,1253.505349,11.38268937,15.13639486,14.23709849,0,0.364972239
Kogrukluk,Kuskokwim,1981,85214.45,5112.422039,38.328125,33.359375,54.95915341,1393.568895,13.30366983,16.52289194,15.65443684,0,6.860260695
Kogrukluk,Kuskokwim,1982,132221.92,7561.203225,87.171875,51.8125,125.2563764,1171.119028,12.36960407,15.2905683,14.72441812,0,8.624416112
Kogrukluk,Kuskokwim,1983,107200.22,2943.664278,81.1875,26.671875,6.535863568,1322.392009,12.45646175,17.41707038,16.95871923,3,0.992141384
Kogrukluk,Kuskokwim,1984,113347.87,2592.686797,24.90625,21.75,66.31465415,1414.063737,12.54466948,16.46434533,15.58550898,0,3.640151826
Kogrukluk,Kuskokwim,1985,149535.3001,4759.204606,75.953125,50.53125,85.19769715,1109.153773,12.12662565,14.46943077,13.5446134,0,8.135169781
Kogrukluk,Kuskokwim,1986,115858.4699,5385.75362,90.84375,44.140625,19.96433963,1323.078514,11.18862086,16.40236982,16.01690216,0,1.21657413
Kogrukluk,Kuskokwim,1987,149221.98,4330.116383,44.515625,46.40625,74.14453792,1345.371452,12.95792136,14.82926179,14.27298105,0,2.611808749
Kogrukluk,Kuskokwim,1988,80966.58002,3447.880851,52.0625,42.046875,162.7412627,1336.282339,13.14938774,17.40122276,16.31340798,2,0.548475988
Kogrukluk,Kuskokwim,1989,81187.86002,5324.908159,98.140625,64.5625,101.5127867,1181.368373,12.42347158,15.7344198,15.23405418,0,0
Kogrukluk,Kuskokwim,1990,89175.95005,4256.370659,63.5,44.65625,255.0758877,1412.54126,14.00710137,16.66458719,15.85509111,0,0
Kogrukluk,Kuskokwim,1991,58016.40011,3197.76033,77.34375,48.25,128.5225062,1244.545372,11.34377748,16.55824184,16.23890514,0,0
Kogrukluk,Kuskokwim,1992,75265.68997,3921.012288,57.796875,33.046875,132.0496517,1189.569244,11.8739504,17.02069893,16.75245066,1,19.51317908
Kogrukluk,Kuskokwim,1993,91786.80004,4879.301645,85.296875,52.328125,122.6571311,1275.332928,12.0588941,17.97930974,17.27586589,5,2.937320778
Kogrukluk,Kuskokwim,1994,112973.48,4514.477304,79,56.6875,176.065138,1332.527999,13.55676772,14.65392551,14.03332363,0,0
Kogrukluk,Kuskokwim,1995,98692.23999,6380.908291,71.07031,54.03125,38.46213836,1496.879718,12.76995906,17.60628057,16.22466484,1,0.606280571
Kogrukluk,Kuskokwim,1996,77224.28,4214.106013,39.03125,31.8125,75.56842771,1419.07662,11.84054028,18.09322247,17.95312035,20,13.03063146
Kogrukluk,Kuskokwim,1997,81914.1701,3727.707763,111.078125,20.875,101.8740928,1401.731102,14.33809033,17.61205402,17.28548639,10,3.110827402
Kogrukluk,Kuskokwim,1998,82891.40993,5952.534802,41.03125,39.953125,46.30719404,1415.305139,13.42889181,15.49695696,15.27517128,0,2.728237281
Kogrukluk,Kuskokwim,1999,84108.49997,5103.6575,57.390625,41.703125,73.89504598,1372.62315,12.80070944,15.95659498,15.61858254,0,0
Kogrukluk,Kuskokwim,2000,84642.35002,4472.99876,37.84375,33.28125,61.22497343,1387.031028,11.89144192,18.28079845,17.69181391,16,8.585753709
Kogrukluk,Kuskokwim,2001,154457.56,5731.589543,45.9375,37.453125,112.7877116,1226.797877,12.46574086,14.50215329,13.5936426,0,0
Kogrukluk,Kuskokwim,2002,122827.56,4823.531708,59.335938,27.9375,53.50723277,1465.718153,14.42616738,19.01054133,18.09882523,28,22.17814364
Kogrukluk,Kuskokwim,2003,128741.9299,4530.668553,61.84375,39.578125,56.50485735,1440.95887,13.89178878,17.07827929,17.91231623,2,8.57714391
Kogrukluk,Kuskokwim,2004,148599.9999,4748.311632,30.429688,20.1875,96.88549587,1379.587493,13.92488096,17.13535532,16.73852436,4,0.532462163
Kogrukluk,Kuskokwim,2005,102950.87,5611.413487,40.109375,21.796875,60.65585387,1528.698011,13.9778352,18.60527948,18.23123869,33,22.25435441
Kogrukluk,Kuskokwim,2006,121238.1,4753.199014,124.22656,38.59375,72.00928879,1380.268655,12.51574735,17.45182026,17.17988399,6,3.105240553
Kogrukluk,Kuskokwim,2007,103380.05,4771.693422,50.945312,39.640625,35.47421385,1554.319173,14.29555742,18.24646416,18.10840669,20,19.51865375
Kogrukluk,Kuskokwim,2008,91590.17002,3692.708694,44.609375,44.609375,155.0435752,1326.754099,13.28771391,13.75954872,13.41469261,0,0
Kogrukluk,Kuskokwim,2009,87766.99002,3830.855856,53.976562,39.125,188.1865119,1412.860462,12.47946439,17.21920367,16.76155091,4,0.598455941
Kogrukluk,Kuskokwim,2010,78637.37,4149.695724,73.984375,49.4375,65.72245767,1380.170296,11.04367111,16.89994203,16.57284654,0,1.718633216
Kogrukluk,Kuskokwim,2011,82614.25004,4189.900395,42.132812,33.296875,130.9373148,1207.55335,10.92498261,16.35855553,15.30634261,0,0.435301458
Kogrukluk,Kuskokwim,2012,120069.61,5901.636276,85.25,63.828125,128.5719496,1181.827939,12.36504294,15.06042424,14.49244665,0,0
Kogrukluk,Kuskokwim,2013,99766.77003,3814.722237,92.80469,29.734375,102.9912531,1285.055171,13.43661271,18.42616256,18.00721924,16,21.96794055
Kogrukluk,Kuskokwim,2014,61797.29005,4583.204541,104.69531,36.03125,17.83072084,1451.906626,13.38119176,17.12165741,16.95626141,1,0.600798646
Kogrukluk,Kuskokwim,2015,199377.3501,5986.895001,31.78125,38.78125,4.06906628,1435.605993,14.18923952,18.12141344,17.89459249,23,18.36026108
Kogrukluk,Kuskokwim,2016,135912.03,7106.496929,76.03125,46,38.23728106,1606.363088,13.15772446,16.12742878,15.90863949,0,0
Kogrukluk,Kuskokwim,2017,106411.86,5180.305726,69.21875,36.734375,90.74700539,1341.860859,13.46284521,18.12141344,18.06468138,27,25.80485858
Kogrukluk,Kuskokwim,2018,117064.41,5685.310526,66.109375,47.5,100.1661637,1254.639944,12.29633733,16.46159791,15.79172524,0,0
Kwethluk,Kuskokwim,1980,118475.39,13041.60928,202.74219,150.79688,16.70101989,1662.972052,13.89038573,15.13639486,14.23709849,0,0.364972239
Kwethluk,Kuskokwim,1981,152106.8999,7630.458356,215.16406,93.984375,85.01017048,1717.174414,14.4885264,16.52289194,15.65443684,0,6.860260695
Kwethluk,Kuskokwim,1982,235027.95,13504.70467,344.8125,201.65625,157.2868182,1521.153962,13.80331374,15.2905683,14.72441812,0,8.624416112
Kwethluk,Kuskokwim,1983,164505.2,6162.109145,319.10938,92.359375,11.08146875,1718.018313,13.43404726,17.41707038,16.95871923,3,0.992141384
Kwethluk,Kuskokwim,1984,190190.62,6260.871239,150.39062,72.78125,86.20057676,1495.224313,13.02272066,16.46434533,15.58550898,0,3.640151826
Kwethluk,Kuskokwim,1985,214703.83,6616.579475,305.5,180.5,41.79123579,1616.277369,15.20587159,14.46943077,13.5446134,0,8.135169781
Kwethluk,Kuskokwim,1986,191131.62,7810.940131,226.35938,117.265625,0.911519886,1674.778731,13.19894339,16.40236982,16.01690216,0,1.21657413
Kwethluk,Kuskokwim,1987,189335.24,6282.82829,111.015625,98.609375,78.53870165,1471.894701,13.34317235,14.82926179,14.27298105,0,2.611808749
Kwethluk,Kuskokwim,1988,193606.0499,6248.61464,204.54688,120.21875,250.8294121,1647.634277,13.74929029,17.40122276,16.31340798,2,0.548475988
Kwethluk,Kuskokwim,1989,174943.86,8562.989278,261.78125,185.9375,128.6610909,1563.423692,13.84066587,15.7344198,15.23405418,0,0
Kwethluk,Kuskokwim,1990,170279.1699,10066.84204,270.48438,137.875,334.0622984,1675.562764,14.18289024,16.66458719,15.85509111,0,0
Kwethluk,Kuskokwim,1991,93819.27012,4850.287304,227.17188,157.90625,116.8102756,1433.327732,12.80204252,16.55824184,16.23890514,0,0
Kwethluk,Kuskokwim,1992,148055.9101,6812.126993,181.09375,96.6875,121.4846817,1367.337421,12.87005478,17.02069893,16.75245066,1,19.51317908
Kwethluk,Kuskokwim,1993,173848.5501,7870.841976,280.21875,188.8125,66.9151875,1729.980421,13.98931302,17.97930974,17.27586589,5,2.937320778
Kwethluk,Kuskokwim,1994,237146.62,8201.859144,261.90625,186,113.859,1379.438387,12.61594885,14.65392551,14.03332363,0,0
Kwethluk,Kuskokwim,1995,177846.1698,10251.61967,233.89844,161.67188,15.71015626,1804.271859,14.27824599,17.60628057,16.22466484,1,0.606280571
Kwethluk,Kuskokwim,1996,128463.2197,6353.083073,179.375,114.75,41.44764205,1586.670447,13.31005951,18.09322247,17.95312035,20,13.03063146
Kwethluk,Kuskokwim,1997,149445.52,6013.451712,193.20312,84.015625,88.33023861,1704.095497,14.7726256,17.61205402,17.28548639,10,3.110827402
Kwethluk,Kuskokwim,1998,130908.87,7952.979275,202.04688,123.625,20.64481253,1679.306245,14.05481263,15.49695696,15.27517128,0,2.728237281
Kwethluk,Kuskokwim,1999,138958.01,8191.088092,177.01562,106.328125,42.23705964,1701.833388,14.74227986,15.95659498,15.61858254,0,0
Kwethluk,Kuskokwim,2000,170446.5701,8122.807319,194.59375,110.125,29.6873949,1689.042158,14.72160819,18.28079845,17.69181391,16,8.585753709
Kwethluk,Kuskokwim,2001,271721.09,11359.99947,247.19531,131.39062,68.23060512,1514.970167,13.64697637,14.50215329,13.5936426,0,0
Kwethluk,Kuskokwim,2002,159373.11,7931.044933,229.59375,95.734375,23.22071022,1875.397019,15.8756218,19.01054133,18.09882523,28,22.17814364
Kwethluk,Kuskokwim,2003,169322.6601,7914.28776,226.82812,113.6875,26.47290344,1799.14736,15.41123487,17.07827929,17.91231623,2,8.57714391
Kwethluk,Kuskokwim,2004,191989.34,8674.823722,187.0625,54.265625,59.36239773,1885.65031,14.66573421,17.13535532,16.73852436,4,0.532462163
Kwethluk,Kuskokwim,2005,195146.46,9306.1073,248.09375,140.875,62.67267328,1739.765269,14.24768758,18.60527948,18.23123869,33,22.25435441
Kwethluk,Kuskokwim,2006,170071.1199,8003.908617,409.0547,103.890625,69.20736649,1697.041336,13.97653603,17.45182026,17.17988399,6,3.105240553
Kwethluk,Kuskokwim,2007,176177.29,9778.668814,250.76562,108.84375,30.71008524,1789.849371,15.64576723,18.24646416,18.10840669,20,19.51865375
Kwethluk,Kuskokwim,2008,164741.39,7502.418104,158.26562,128.47656,154.319125,1598.528723,13.97482798,13.75954872,13.41469261,0,0
Kwethluk,Kuskokwim,2009,143892.56,6217.425132,248.85156,89.203125,134.2651533,1703.294484,14.20346911,17.21920367,16.76155091,4,0.598455941
Kwethluk,Kuskokwim,2010,139757.94,6968.462964,289.46875,144.46875,60.5313807,1569.820299,13.37667978,16.89994203,16.57284654,0,1.718633216
Kwethluk,Kuskokwim,2011,143393.86,6418.140594,159.57812,137.67188,82.41846027,1464.475713,12.93505052,16.35855553,15.30634261,0,0.435301458
Kwethluk,Kuskokwim,2012,165927.9301,9548.997193,288.78125,189.79688,126.6748694,1334.768021,12.99193638,15.06042424,14.49244665,0,0
Kwethluk,Kuskokwim,2013,156616.73,6321.439868,335,92.953125,99.09368177,1556.173678,14.04073276,18.42616256,18.00721924,16,21.96794055
Kwethluk,Kuskokwim,2014,112520.97,6714.331315,215.55469,77.78125,12.70619602,1857.572857,15.030778,17.12165741,16.95626141,1,0.600798646
Kwethluk,Kuskokwim,2015,306057.7299,10079.00461,275.84375,105.78125,5.649321033,1834.823611,15.53421891,18.12141344,17.89459249,23,18.36026108
Kwethluk,Kuskokwim,2016,172204.34,10496.67039,246.10938,149.5625,17.03993751,1935.841037,15.46111313,16.12742878,15.90863949,0,0
Kwethluk,Kuskokwim,2017,181823.14,10345.83895,375.1328,104.734375,62.53303982,1805.452698,14.86531974,18.12141344,18.06468138,27,25.80485858
Kwethluk,Kuskokwim,2018,174545.56,9562.41625,289.17188,174.25,56.21092046,1746.087887,14.0816861,16.46159791,15.79172524,0,0
Oskawalik,Kuskokwim,1980,49965.60002,3556.547322,38.359375,36,32.87925258,1406.724685,13.43307113,15.13639486,14.23709849,0,0.364972239
Oskawalik,Kuskokwim,1981,44742.50002,2803.946316,38.984375,13.40625,89.2716618,1300.536784,12.5479677,16.52289194,15.65443684,0,6.860260695
Oskawalik,Kuskokwim,1982,66326.10004,3776.160329,76.359375,24.984375,119.7582729,1253.038431,12.59636619,15.2905683,14.72441812,0,8.624416112
Oskawalik,Kuskokwim,1983,67722.61001,2099.754671,49.546875,10.15625,23.33812774,1554.668422,14.44659294,17.41707038,16.95871923,3,0.992141384
Oskawalik,Kuskokwim,1984,62593.06002,2017.020786,19.6875,9.3125,141.6856966,1439.646125,12.75954821,16.46434533,15.58550898,0,3.640151826
Oskawalik,Kuskokwim,1985,68280.69995,3517.067632,79.5625,26.921875,190.1496733,1342.427938,15.42407151,14.46943077,13.5446134,0,8.135169781
Oskawalik,Kuskokwim,1986,61994.91996,2964.482303,71.890625,19.25,18.02288823,1404.62531,11.4730138,16.40236982,16.01690216,0,1.21657413
Oskawalik,Kuskokwim,1987,40508.93002,2090.771844,39.40625,28.65625,138.4808998,1223.466791,10.89553436,14.82926179,14.27298105,0,2.611808749
Oskawalik,Kuskokwim,1988,60422.29998,2811.652353,30.328125,14.03125,97.24731505,1374.089234,14.28399238,17.40122276,16.31340798,2,0.548475988
Oskawalik,Kuskokwim,1989,73437.47,3382.72579,58.484375,37.375,140.8772716,1180.115674,10.84806385,15.7344198,15.23405418,0,0
Oskawalik,Kuskokwim,1990,56343.78001,2900.734935,42.921875,20.34375,264.336306,1574.262772,16.64941277,16.66458719,15.85509111,0,0
Oskawalik,Kuskokwim,1991,34492.64001,1884.642106,41.078125,16.734375,110.9487373,1478.246113,13.0443994,16.55824184,16.23890514,0,0
Oskawalik,Kuskokwim,1992,57283.16001,2180.055229,43.1875,10.21875,127.0322133,1523.544664,15.10698668,17.02069893,16.75245066,1,19.51317908
Oskawalik,Kuskokwim,1993,59394.34006,2720.645659,73.3125,21.296875,107.7087808,1443.273561,16.18499507,17.97930974,17.27586589,5,2.937320778
Oskawalik,Kuskokwim,1994,84843.32999,2297.785527,38.765625,26.3125,191.8928374,1261.807891,11.64740997,14.65392551,14.03332363,0,0
Oskawalik,Kuskokwim,1995,62330.67002,2686.718948,42.148438,19.4375,43.01254716,1533.571735,13.92921855,17.60628057,16.22466484,1,0.606280571
Oskawalik,Kuskokwim,1996,42868.28999,2271.264772,31.640625,14.25,72.444209,1465.696372,11.29865723,18.09322247,17.95312035,20,13.03063146
Oskawalik,Kuskokwim,1997,72639.37005,1396.904935,45.59375,7.359375,118.1544267,1762.043108,16.30900069,17.61205402,17.28548639,10,3.110827402
Oskawalik,Kuskokwim,1998,51093.40999,3710.53329,60.546875,29,50.81526845,1302.823667,12.80753559,15.49695696,15.27517128,0,2.728237281
Oskawalik,Kuskokwim,1999,65615.89997,2836.585264,44.53125,20.828125,61.60216975,1405.103699,12.80296273,15.95659498,15.61858254,0,0
Oskawalik,Kuskokwim,2000,50830.58001,2687.327778,37.304688,17.34375,73.33530478,1376.837126,11.72874393,18.28079845,17.69181391,16,8.585753709
Oskawalik,Kuskokwim,2001,102597.6299,4164.607829,37.421875,19.1875,185.8147753,1342.120847,13.94414181,14.50215329,13.5936426,0,0
Oskawalik,Kuskokwim,2002,61792.72001,2664.63217,29.539062,11.6875,78.61679971,1498.524621,16.27117467,19.01054133,18.09882523,28,22.17814364
Oskawalik,Kuskokwim,2003,76632.71004,2912.658553,54.8125,20.71875,83.51438321,1368.815962,13.69970066,17.07827929,17.91231623,2,8.57714391
Oskawalik,Kuskokwim,2004,116052.23,2842.65634,23.609375,9.40625,161.6964369,1673.036817,15.71516545,17.13535532,16.73852436,4,0.532462163
Oskawalik,Kuskokwim,2005,65282.29999,2872.58579,32.867188,11.0625,105.8302903,1610.375426,16.35553249,18.60527948,18.23123869,33,22.25435441
Oskawalik,Kuskokwim,2006,74510.75998,2680.748816,88.16406,16.640625,73.71089255,1358.835727,13.94254927,17.45182026,17.17988399,6,3.105240553
Oskawalik,Kuskokwim,2007,60112.30998,2946.936776,40.203125,20.421875,49.73221336,1712.001097,13.20861736,18.24646416,18.10840669,20,19.51865375
Oskawalik,Kuskokwim,2008,46712.94,2145.937777,28.429688,20.046875,154.4243977,1454.144514,13.97732208,13.75954872,13.41469261,0,0
Oskawalik,Kuskokwim,2009,53702.2,2583.064671,29.34375,10.59375,216.8091217,1659.744164,15.83092031,17.21920367,16.76155091,4,0.598455941
Oskawalik,Kuskokwim,2010,56480.75,2579.191513,62.421875,17.953125,83.4678085,1463.195245,13.04905948,16.89994203,16.57284654,0,1.718633216
Oskawalik,Kuskokwim,2011,47383.7,2379.206513,28.84375,17.796875,153.2425761,1404.966873,11.847974,16.35855553,15.30634261,0,0.435301458
Oskawalik,Kuskokwim,2012,78192.64999,4051.440197,80.25,30.71875,133.3125254,1323.169364,11.87662136,15.06042424,14.49244665,0,0
Oskawalik,Kuskokwim,2013,66953.95006,2528.820329,88.16406,16.015625,127.6837591,1493.727209,17.06419909,18.42616256,18.00721924,16,21.96794055
Oskawalik,Kuskokwim,2014,44007.11996,2714.668684,112.375,15.125,48.59552252,1598.520556,15.05652504,17.12165741,16.95626141,1,0.600798646
Oskawalik,Kuskokwim,2015,121799.2,3387.965987,35.265625,15.421875,48.80083457,1602.259796,15.60388996,18.12141344,17.89459249,23,18.36026108
Oskawalik,Kuskokwim,2016,68043.28,4093.927386,66.890625,25.796875,23.20315675,1625.581113,13.65295766,16.12742878,15.90863949,0,0
Oskawalik,Kuskokwim,2017,72656.76997,3236.022041,65.49219,18.4375,76.5567489,1655.609175,13.05717733,18.12141344,18.06468138,27,25.80485858
Oskawalik,Kuskokwim,2018,66769.22999,3414.471251,46.648438,26.28125,101.8692308,1451.265248,15.60477468,16.46159791,15.79172524,0,0
Pitka,Kuskokwim,1980,56534.84,4140.618432,60.71875,46.25,85.36220635,1709.673008,15.96293495,15.13639486,14.23709849,0,0.364972239
Pitka,Kuskokwim,1981,58020.67003,3349.430988,44.609375,37.109375,133.7633041,1768.846061,16.4030176,16.52289194,15.65443684,0,6.860260695
Pitka,Kuskokwim,1982,106917.59,4621.212171,59.25,37.625,152.9749153,1763.592672,16.38955947,15.2905683,14.72441812,0,8.624416112
Pitka,Kuskokwim,1983,86164.95998,3096.80704,48.359375,36.140625,58.83109805,1838.868432,15.43846494,17.41707038,16.95871923,3,0.992141384
Pitka,Kuskokwim,1984,74686.04002,2997.760458,40.3125,24.734375,170.2549973,1808.960394,15.38742825,16.46434533,15.58550898,0,3.640151826
Pitka,Kuskokwim,1985,124975.5,5087.394801,53.15625,41.84375,315.0198822,1694.098813,18.00032733,14.46943077,13.5446134,0,8.135169781
Pitka,Kuskokwim,1986,91421.44999,4267.535461,56.703125,37.421875,95.86690108,1745.587542,14.87114358,16.40236982,16.01690216,0,1.21657413
Pitka,Kuskokwim,1987,83868.93999,3056.448291,69.328125,40.203125,154.5718316,1887.317618,15.92555787,14.82926179,14.27298105,0,2.611808749
Pitka,Kuskokwim,1988,42950.64001,3379.59183,40.328125,31.03125,95.27327856,1887.24583,17.41151929,17.40122276,16.31340798,2,0.548475988
Pitka,Kuskokwim,1989,72596.81001,4227.464603,53.640625,36.3125,147.2225552,1779.698204,16.33606999,15.7344198,15.23405418,0,0
Pitka,Kuskokwim,1990,87348.49998,4127.185987,67.53125,45.21875,190.2817446,1883.186872,17.63411482,16.66458719,15.85509111,0,0
Pitka,Kuskokwim,1991,90127.72997,2832.997171,43.1875,34.421875,85.63323238,1742.012847,13.70701307,16.55824184,16.23890514,0,0
Pitka,Kuskokwim,1992,103999.63,2568.138627,55.21875,38.8125,133.0831656,1808.418011,17.23120708,17.02069893,16.75245066,1,19.51317908
Pitka,Kuskokwim,1993,72825.36,3734.81704,42.03125,34.90625,127.6331812,1938.379721,17.93536377,17.97930974,17.27586589,5,2.937320778
Pitka,Kuskokwim,1994,74989.73004,2492.254605,43.046875,36.78125,205.5406517,1919.243815,17.38690565,14.65392551,14.03332363,0,0
Pitka,Kuskokwim,1995,126150.2101,4425.463815,39.859375,32.53125,131.2921907,1799.277267,15.29502615,17.60628057,16.22466484,1,0.606280571
Pitka,Kuskokwim,1996,50041.34,3285.257908,52.578125,35.734375,102.7121345,1813.543321,15.02172781,18.09322247,17.95312035,20,13.03063146
Pitka,Kuskokwim,1997,158986.1201,2518.840462,48.078125,31.484375,186.8140481,2014.70585,17.39661796,17.61205402,17.28548639,10,3.110827402
Pitka,Kuskokwim,1998,64723.44005,5533.243488,49.90625,36.765625,33.66242175,1865.084612,16.76496872,15.49695696,15.27517128,0,2.728237281
Pitka,Kuskokwim,1999,69695.57995,3947.263947,54.78125,35.59375,132.1012982,1857.681957,17.23247903,15.95659498,15.61858254,0,0
Pitka,Kuskokwim,2000,86322.63003,3573.93268,43.46875,37.5625,124.2896203,1792.415883,14.57660476,18.28079845,17.69181391,16,8.585753709
Pitka,Kuskokwim,2001,157250.57,6425.312827,58.328125,39.84375,234.668856,1844.618567,16.30996365,14.50215329,13.5936426,0,0
Pitka,Kuskokwim,2002,89438.10999,2911.683619,33.5,33.65625,97.07266809,1872.700616,17.30537818,19.01054133,18.09882523,28,22.17814364
Pitka,Kuskokwim,2003,91537.74988,3886.902764,48.203125,31.125,154.8924782,1917.709678,16.89912049,17.07827929,17.91231623,2,8.57714391
Pitka,Kuskokwim,2004,457021.7894,3843.569281,38.625,36.1875,425.2660388,2025.382086,17.75371858,17.13535532,16.73852436,4,0.532462163
Pitka,Kuskokwim,2005,92719.71001,3410.668356,46.523438,43.8125,118.5676398,2013.138373,17.1627372,18.60527948,18.23123869,33,22.25435441
Pitka,Kuskokwim,2006,104954.81,3802.241054,60.96875,35.8125,106.9015906,1808.689678,14.75272597,17.45182026,17.17988399,6,3.105240553
Pitka,Kuskokwim,2007,84472.64992,3395.12783,59.359375,36.0625,151.5027861,1986.760347,15.81575914,18.24646416,18.10840669,20,19.51865375
Pitka,Kuskokwim,2008,132062.13,2920.153988,34.4375,26.84375,213.0523858,1852.705533,15.56380068,13.75954872,13.41469261,0,0
Pitka,Kuskokwim,2009,48157.62001,2320.102566,20.609375,29.5,185.1514009,1915.523566,17.60418464,17.21920367,16.76155091,4,0.598455941
Pitka,Kuskokwim,2010,79399.32002,3566.354013,50.84375,43.25,97.47743463,1861.799138,17.0763962,16.89994203,16.57284654,0,1.718633216
Pitka,Kuskokwim,2011,77793.19999,3446.683093,49.578125,40.34375,180.1889481,1846.401964,15.2272839,16.35855553,15.30634261,0,0.435301458
Pitka,Kuskokwim,2012,144025.13,5595.03268,56.671875,46.453125,138.3594562,1800.771386,16.27030654,15.06042424,14.49244665,0,0
Pitka,Kuskokwim,2013,111907.2301,3771.577369,44.859375,29.046875,156.1649871,1887.09005,18.00032733,18.42616256,18.00721924,16,21.96794055
Pitka,Kuskokwim,2014,39963.95002,3860.305724,40.046875,39.921875,77.02639306,1823.947176,15.15593024,17.12165741,16.95626141,1,0.600798646
Pitka,Kuskokwim,2015,84294.52002,4130.84704,49.5625,34.09375,74.13308355,1858.95307,16.27862332,18.12141344,17.89459249,23,18.36026108
Pitka,Kuskokwim,2016,109336.14,6140.66425,56.421875,51.0625,49.28377637,1994.725137,15.8150654,16.12742878,15.90863949,0,0
Pitka,Kuskokwim,2017,82189.90006,3962.479672,50.8125,32.953125,89.8403335,1938.275869,17.01727578,18.12141344,18.06468138,27,25.80485858
Pitka,Kuskokwim,2018,73987.61996,3862.037698,47.453125,38.046875,124.4296819,1858.287273,17.98027433,16.46159791,15.79172524,0,0
Swift,Kuskokwim,1980,231012.95,16623.93673,503.92188,311.5,68.14779968,1534.198655,16.59295041,15.13639486,14.23709849,0,0.364972239
Swift,Kuskokwim,1981,220061.17,12742.09461,451.76562,246.4375,105.6595675,1479.705965,17.65984672,16.52289194,15.65443684,0,6.860260695
Swift,Kuskokwim,1982,339753.51,16486.01434,435.78125,319.84375,98.26445313,1346.719282,16.64162271,15.2905683,14.72441812,0,8.624416112
Swift,Kuskokwim,1983,304311.28,9842.493027,517.1797,236.40625,33.69876629,1725.529287,17.43136811,17.41707038,16.95871923,3,0.992141384
Swift,Kuskokwim,1984,261417.44,10199.03686,362.15625,238.89062,147.3186502,1530.435381,17.16002565,16.46434533,15.58550898,0,3.640151826
Swift,Kuskokwim,1985,416050.39,18383.07585,577.28125,431.10938,243.9715515,1585.386125,16.75528909,14.46943077,13.5446134,0,8.135169781
Swift,Kuskokwim,1986,284377.42,14336.04546,615.9844,289.25,87.10532275,1509.427986,15.94623494,16.40236982,16.01690216,0,1.21657413
Swift,Kuskokwim,1987,244736.83,11751.74968,426.96875,291.70312,145.0691081,1431.008716,16.42728352,14.82926179,14.27298105,0,2.611808749
Swift,Kuskokwim,1988,164678.6,11000.97484,312.10938,254.71875,107.8193958,1506.165034,17.75386993,17.40122276,16.31340798,2,0.548475988
Swift,Kuskokwim,1989,286647.26,14756.85809,362.28125,291.90625,81.21140223,1440.790065,17.46085864,15.7344198,15.23405418,0,0
Swift,Kuskokwim,1990,236461.4801,10667.56454,668.6406,376.46875,130.3128108,1524.986437,18.32119148,16.66458719,15.85509111,0,0
Swift,Kuskokwim,1991,276551.47,9385.969143,367.21875,331.65625,74.26622575,1425.470932,16.97063033,16.55824184,16.23890514,0,0
Swift,Kuskokwim,1992,268941,7833.546276,348.64062,257.78125,101.2886597,1536.294414,18.2307835,17.02069893,16.75245066,1,19.51317908
Swift,Kuskokwim,1993,166458.96,7943.961843,565.125,306.125,133.5824038,1500.322744,17.78101736,17.97930974,17.27586589,5,2.937320778
Swift,Kuskokwim,1994,223362.9399,8086.660129,513.9531,309.78125,125.8067059,1457.874201,17.7606636,14.65392551,14.03332363,0,0
Swift,Kuskokwim,1995,453772.36,11909.74125,255.15625,237.46875,69.06242295,1655.895907,17.35256609,17.60628057,16.22466484,1,0.606280571
Swift,Kuskokwim,1996,234316.4801,11238.19125,466.54688,226.78125,82.76190465,1545.191137,16.47304141,18.09322247,17.95312035,20,13.03063146
Swift,Kuskokwim,1997,576642.8901,6658.856251,164.32812,150.92188,169.6979825,1638.001082,19.15672585,17.61205402,17.28548639,10,3.110827402
Swift,Kuskokwim,1998,275529.89,16516.54408,409.0625,276.95312,44.48429569,1813.769695,19.17762919,15.49695696,15.27517128,0,2.728237281
Swift,Kuskokwim,1999,331825.3401,11331.37539,447.14062,323.0625,97.40113516,1497.514944,18.00238138,15.95659498,15.61858254,0,0
Swift,Kuskokwim,2000,197176.5701,7633.553334,341.96875,246,103.0994086,1559.045758,17.35712142,18.28079845,17.69181391,16,8.585753709
Swift,Kuskokwim,2001,577303.6999,24116.95105,381.6875,285.6875,332.9136806,1529.692044,17.46434235,14.50215329,13.5936426,0,0
Swift,Kuskokwim,2002,356195.6396,10074.28645,329.10938,226.60938,125.5078967,1534.789884,20.59085692,19.01054133,18.09882523,28,22.17814364
Swift,Kuskokwim,2003,404535.31,9648.32941,378.5625,230.48438,141.6485834,1627.266091,18.8168828,17.07827929,17.91231623,2,8.57714391
Swift,Kuskokwim,2004,708959.7,12691.44588,233.14062,242.625,232.8834372,1868.811714,17.94950205,17.13535532,16.73852436,4,0.532462163
Swift,Kuskokwim,2005,260974.3801,10276.79993,385.7422,289.59375,89.45365182,1586.237059,18.22151976,18.60527948,18.23123869,33,22.25435441
Swift,Kuskokwim,2006,275967.2401,12289.76171,501.60938,271.875,141.1484372,1507.479828,17.38197228,17.45182026,17.17988399,6,3.105240553
Swift,Kuskokwim,2007,280659.1401,11248.73006,430.14062,221.51562,104.1785565,1701.319248,18.02960272,18.24646416,18.10840669,20,19.51865375
Swift,Kuskokwim,2008,324614.09,8694.570199,200.78906,210.10938,170.495,1545.292205,17.68254547,13.75954872,13.41469261,0,0
Swift,Kuskokwim,2009,369116.62,9043.826909,176.26562,157.42188,265.2508951,1739.136279,17.19979423,17.21920367,16.76155091,4,0.598455941
Swift,Kuskokwim,2010,233115.33,10784.37276,623.2031,266.96875,91.70481397,1677.579338,17.97601059,16.89994203,16.57284654,0,1.718633216
Swift,Kuskokwim,2011,236532.11,11961.31539,431.5625,254.5,167.4089015,1596.251162,15.72854727,16.35855553,15.30634261,0,0.435301458
Swift,Kuskokwim,2012,301599.6,17179.05673,526.5469,343.23438,131.2292799,1488.06832,17.96431865,15.06042424,14.49244665,0,0
Swift,Kuskokwim,2013,373657.4001,10215.91777,348.1875,209.67188,130.6355565,1569.997632,19.73396198,18.42616256,18.00721924,16,21.96794055
Swift,Kuskokwim,2014,160076.04,12684.4746,310.29688,237.98438,63.77882033,1757.57963,17.653279,17.12165741,16.95626141,1,0.600798646
Swift,Kuskokwim,2015,463937.56,15361.41533,527.9375,215.03125,60.84446584,1505.72981,19.22212617,18.12141344,17.89459249,23,18.36026108
Swift,Kuskokwim,2016,400372.86,20421.84451,484.48438,286.4375,41.47249443,1918.902004,17.53846797,16.12742878,15.90863949,0,0
Swift,Kuskokwim,2017,311571.47,13740.17066,474.3047,234.23438,79.38548967,1602.089634,19.1539464,18.12141344,18.06468138,27,25.80485858
Swift,Kuskokwim,2018,349194.14,13105.69671,464.04688,329.17188,137.4825549,1463.971189,18.82193612,16.46159791,15.79172524,0,0
Takotna,Kuskokwim,1980,135560.99,11435.55432,67.46875,53.453125,41.29357095,1404.700151,14.28642869,15.13639486,14.23709849,0,0.364972239
Takotna,Kuskokwim,1981,159748.65,9819.524408,55.914062,36.53125,80.87277831,1637.900772,15.6770727,16.52289194,15.65443684,0,6.860260695
Takotna,Kuskokwim,1982,276933.9401,14347.76697,111.265625,64.515625,121.8024577,1290.723727,14.895369,15.2905683,14.72441812,0,8.624416112
Takotna,Kuskokwim,1983,270197.08,9198.47079,73.640625,33.210938,38.29748755,1669.463286,16.50457899,17.41707038,16.95871923,3,0.992141384
Takotna,Kuskokwim,1984,162779.3799,9470.423597,43.625,29.09375,142.4501264,1604.62691,16.29529047,16.46434533,15.58550898,0,3.640151826
Takotna,Kuskokwim,1985,286073.23,15323.16717,118.671875,66.75,254.3740096,1310.491876,17.88196255,14.46943077,13.5446134,0,8.135169781
Takotna,Kuskokwim,1986,216795.68,13565.92625,98.78125,44.03125,62.34686606,1585.381582,15.36078573,16.40236982,16.01690216,0,1.21657413
Takotna,Kuskokwim,1987,269875.27,9845.209672,78.1875,54.53125,135.1941159,1478.556519,13.6781226,14.82926179,14.27298105,0,2.611808749
Takotna,Kuskokwim,1988,133859.9601,10857.28889,40.96875,34.75,80.67759884,1647.216027,15.96737405,17.40122276,16.31340798,2,0.548475988
Takotna,Kuskokwim,1989,246832.87,12808.36132,80.640625,54.640625,126.1173031,1382.073639,14.8235269,15.7344198,15.23405418,0,0
Takotna,Kuskokwim,1990,256195.6499,12252.91092,71.25,44.84375,189.0402426,1602.52325,17.9764452,16.66458719,15.85509111,0,0
Takotna,Kuskokwim,1991,258157.64,8897.43579,53.015625,40.203125,122.2113909,1523.033829,14.61919501,16.55824184,16.23890514,0,0
Takotna,Kuskokwim,1992,278390.3601,8148.895821,54.71875,31.78125,119.7540096,1513.635946,15.40227616,17.02069893,16.75245066,1,19.51317908
Takotna,Kuskokwim,1993,318449.5301,14389.73842,142.03125,56.703125,120.1903789,1518.851728,16.77368846,17.97930974,17.27586589,5,2.937320778
Takotna,Kuskokwim,1994,410514.9099,10596.64408,84.828125,50.53125,209.7175923,1498.202429,15.9070882,14.65392551,14.03332363,0,0
Takotna,Kuskokwim,1995,305564.93,10944.4973,51.492188,36.96875,53.45479728,1606.888193,15.57105775,17.60628057,16.22466484,1,0.606280571
Takotna,Kuskokwim,1996,138787.37,9130.88974,68.796875,31.359375,100.7847092,1737.017801,14.66952,18.09322247,17.95312035,20,13.03063146
Takotna,Kuskokwim,1997,406316.1701,8021.52204,45.734375,21.625,153.4559604,1933.454152,18.51278179,17.61205402,17.28548639,10,3.110827402
Takotna,Kuskokwim,1998,218531.3201,16835.4381,100.546875,61.546875,34.6814008,1385.897648,16.27677733,15.49695696,15.27517128,0,2.728237281
Takotna,Kuskokwim,1999,189383.85,10697.3,60.875,50.984375,76.17842139,1558.621656,16.3937412,15.95659498,15.61858254,0,0
Takotna,Kuskokwim,2000,199155.31,9335.857909,68.65625,37.671875,100.3874891,1646.609718,14.0746935,18.28079845,17.69181391,16,8.585753709
Takotna,Kuskokwim,2001,332349.99,14708.39204,87.5,45.9375,159.2303091,1539.507203,15.94777783,14.50215329,13.5936426,0,0
Takotna,Kuskokwim,2002,257389.4,9363.321119,43.65625,27.875,94.58305584,1769.611199,19.18088743,19.01054133,18.09882523,28,22.17814364
Takotna,Kuskokwim,2003,260318.38,12363.69684,64.140625,47.6875,120.2330375,1564.172504,16.20266909,17.07827929,17.91231623,2,8.57714391
Takotna,Kuskokwim,2004,786276.2499,10319.4851,35.554688,24.984375,256.0079263,1757.480606,17.1829262,17.13535532,16.73852436,4,0.532462163
Takotna,Kuskokwim,2005,257414.02,11899.40336,54.6875,33.859375,131.089239,1763.308619,18.79143457,18.60527948,18.23123869,33,22.25435441
Takotna,Kuskokwim,2006,270343.8899,11183.22737,86.828125,33.640625,68.74873712,1691.316759,15.24966673,17.45182026,17.17988399,6,3.105240553
Takotna,Kuskokwim,2007,234684.4199,13338.01875,60.945312,29.09375,82.83535556,1779.034606,16.06885632,18.24646416,18.10840669,20,19.51865375
Takotna,Kuskokwim,2008,186804.13,8666.262487,38.9375,32.109375,147.4442755,1583.668008,16.36170101,13.75954872,13.41469261,0,0
Takotna,Kuskokwim,2009,184632.0898,7706.955855,36.703125,20.8125,203.9181854,1726.943155,16.64344494,17.21920367,16.76155091,4,0.598455941
Takotna,Kuskokwim,2010,297602.31,10382.99559,99.17969,32.171875,76.12664837,1748.976846,16.86517871,16.89994203,16.57284654,0,1.718633216
Takotna,Kuskokwim,2011,214558.33,10258.92447,73.015625,30.6875,198.4061747,1637.050488,13.19493351,16.35855553,15.30634261,0,0.435301458
Takotna,Kuskokwim,2012,322444.23,16759.03039,137.21875,59,116.2932187,1460.585921,15.48237136,15.06042424,14.49244665,0,0
Takotna,Kuskokwim,2013,371758.1301,10109.08033,124.55469,35.75,120.803119,1547.483865,19.46165794,18.42616256,18.00721924,16,21.96794055
Takotna,Kuskokwim,2014,102954.8501,10202.99448,67.59375,31.859375,45.45926888,1652.773644,16.23315615,17.12165741,16.95626141,1,0.600798646
Takotna,Kuskokwim,2015,264638.69,11429.1529,74.35156,32.515625,63.16475574,1769.538131,17.64509027,18.12141344,17.89459249,23,18.36026108
Takotna,Kuskokwim,2016,316733.97,19583.15196,117.96094,59.0625,46.63670323,1526.35189,14.19191099,16.12742878,15.90863949,0,0
Takotna,Kuskokwim,2017,247274.49,12242.30296,92.16406,33.484375,76.29114825,1718.276543,16.08453285,18.12141344,18.06468138,27,25.80485858
Takotna,Kuskokwim,2018,247062.93,14295.32816,62.515625,52.578125,128.135663,1473.300568,15.88828071,16.46159791,15.79172524,0,0
Tatlawiksuk,Kuskokwim,1980,61426.70002,4469.113662,56.890625,38.25,33.78096233,1534.198655,16.59295041,15.13639486,14.23709849,0,0.364972239
Tatlawiksuk,Kuskokwim,1981,63508.49001,3764.80816,49.390625,25.859375,48.60051585,1479.705965,17.65984672,16.52289194,15.65443684,0,6.860260695
Tatlawiksuk,Kuskokwim,1982,105851.21,5045.176316,64.890625,38.5625,86.28873503,1346.719282,16.64162271,15.2905683,14.72441812,0,8.624416112
Tatlawiksuk,Kuskokwim,1983,92474.96,2918.053683,78.171875,22.023438,24.46085818,1725.529287,17.43136811,17.41707038,16.95871923,3,0.992141384
Tatlawiksuk,Kuskokwim,1984,69882.24999,3059.49464,41,24.5,132.7450048,1530.435381,17.16002565,16.46434533,15.58550898,0,3.640151826
Tatlawiksuk,Kuskokwim,1985,110260.82,5280.005131,69,46.40625,205.5727383,1585.386125,16.75528909,14.46943077,13.5446134,0,8.135169781
Tatlawiksuk,Kuskokwim,1986,85378.18995,4635.249277,96.578125,32.625,65.61361607,1509.427986,15.94623494,16.40236982,16.01690216,0,1.21657413
Tatlawiksuk,Kuskokwim,1987,81095.81,3317.387106,69.21875,34.328125,126.8297519,1431.008716,16.42728352,14.82926179,14.27298105,0,2.611808749
Tatlawiksuk,Kuskokwim,1988,45410.90002,3296.327191,32.5,24.296875,77.79011908,1506.165034,17.75386993,17.40122276,16.31340798,2,0.548475988
Tatlawiksuk,Kuskokwim,1989,80351.35999,3946.957763,63.5625,37.8125,80.57031248,1440.790065,17.46085864,15.7344198,15.23405418,0,0
Tatlawiksuk,Kuskokwim,1990,79803.50999,3405.518948,81.203125,33.75,147.6392709,1524.986437,18.32119148,16.66458719,15.85509111,0,0
Tatlawiksuk,Kuskokwim,1991,82081.61002,2527.140066,38.125,28.71875,49.86082342,1425.470932,16.97063033,16.55824184,16.23890514,0,0
Tatlawiksuk,Kuskokwim,1992,78248.95003,2238.300523,46.203125,23.65625,62.45853179,1536.294414,18.2307835,17.02069893,16.75245066,1,19.51317908
Tatlawiksuk,Kuskokwim,1993,68910.68001,3049.96592,87.328125,25.1875,85.63926591,1500.322744,17.78101736,17.97930974,17.27586589,5,2.937320778
Tatlawiksuk,Kuskokwim,1994,93313.28004,2755.266776,65.828125,29.625,97.65767855,1457.874201,17.7606636,14.65392551,14.03332363,0,0
Tatlawiksuk,Kuskokwim,1995,111010.5499,3063.064935,22.953125,19.0625,37.21030755,1655.895907,17.35256609,17.60628057,16.22466484,1,0.606280571
Tatlawiksuk,Kuskokwim,1996,63431.24002,3345.331047,57.90625,28.3125,78.49046639,1545.191137,16.47304141,18.09322247,17.95312035,20,13.03063146
Tatlawiksuk,Kuskokwim,1997,154362.5599,2041.782698,19,12.9375,122.0193005,1638.001082,19.15672585,17.61205402,17.28548639,10,3.110827402
Tatlawiksuk,Kuskokwim,1998,90865.45003,5015.436908,60.203125,33.78125,20.32789185,1813.769695,19.17762919,15.49695696,15.27517128,0,2.728237281
Tatlawiksuk,Kuskokwim,1999,65509.10995,2659.609144,48.25,33.8125,49.71939483,1497.514944,18.00238138,15.95659498,15.61858254,0,0
Tatlawiksuk,Kuskokwim,2000,60260.75,2674.677516,47.375,28.296875,61.79665179,1559.045758,17.35712142,18.28079845,17.69181391,16,8.585753709
Tatlawiksuk,Kuskokwim,2001,140973.05,5409.430988,55.4375,32.765625,135.095154,1529.692044,17.46434235,14.50215329,13.5936426,0,0
Tatlawiksuk,Kuskokwim,2002,87884.68999,3109.982961,41.84375,22.0625,67.73892856,1534.789884,20.59085692,19.01054133,18.09882523,28,22.17814364
Tatlawiksuk,Kuskokwim,2003,93990.16,3452.138422,47.28125,24.84375,102.3524802,1627.266091,18.8168828,17.07827929,17.91231623,2,8.57714391
Tatlawiksuk,Kuskokwim,2004,336885.4299,3440.474118,34.320312,19.90625,244.2285368,1868.811714,17.94950205,17.13535532,16.73852436,4,0.532462163
Tatlawiksuk,Kuskokwim,2005,71384.38999,3420.969934,45.351562,24.21875,76.41185522,1586.237059,18.22151976,18.60527948,18.23123869,33,22.25435441
Tatlawiksuk,Kuskokwim,2006,87031.15996,3397.368553,62.078125,26.46875,93.76436512,1507.479828,17.38197228,17.45182026,17.17988399,6,3.105240553
Tatlawiksuk,Kuskokwim,2007,69730.45001,3346.203881,38.320312,18.4375,69.12981654,1701.319248,18.02960272,18.24646416,18.10840669,20,19.51865375
Tatlawiksuk,Kuskokwim,2008,85326.25999,2292.296667,21.226562,20.75,148.2314385,1545.292205,17.68254547,13.75954872,13.41469261,0,0
Tatlawiksuk,Kuskokwim,2009,59673.05013,2567.305395,25.015625,12.59375,199.4979959,1739.136279,17.19979423,17.21920367,16.76155091,4,0.598455941
Tatlawiksuk,Kuskokwim,2010,90520.47001,2774.67579,119.9375,25.28125,53.99800595,1677.579338,17.97601059,16.89994203,16.57284654,0,1.718633216
Tatlawiksuk,Kuskokwim,2011,76532.97001,3324.515264,57.4375,25.96875,162.5085566,1596.251162,15.72854727,16.35855553,15.30634261,0,0.435301458
Tatlawiksuk,Kuskokwim,2012,85623.43999,5021.096927,83.8125,39.234375,106.4255852,1488.06832,17.96431865,15.06042424,14.49244665,0,0
Tatlawiksuk,Kuskokwim,2013,106477.03,2707.466645,61.34375,22.109375,100.4593948,1569.997632,19.73396198,18.42616256,18.00721924,16,21.96794055
Tatlawiksuk,Kuskokwim,2014,36675.40002,2974.421644,34.75,24.21875,35.01066466,1757.57963,17.653279,17.12165741,16.95626141,1,0.600798646
Tatlawiksuk,Kuskokwim,2015,116632.33,4258.073092,69.625,21.53125,34.00486606,1505.72981,19.22212617,18.12141344,17.89459249,23,18.36026108
Tatlawiksuk,Kuskokwim,2016,94060.56006,5592.215425,77.0625,27.046875,27.62940475,1918.902004,17.53846797,16.12742878,15.90863949,0,0
Tatlawiksuk,Kuskokwim,2017,90111.21999,3549.579211,67.94531,21.59375,40.62410716,1602.089634,19.1539464,18.12141344,18.06468138,27,25.80485858
Tatlawiksuk,Kuskokwim,2018,99022.27003,3926.334672,49.59375,30.8125,100.997495,1463.971189,18.82193612,16.46159791,15.79172524,0,0
Tuluksak,Kuskokwim,1980,66802.95001,6211.809479,71.625,58.921875,25.50093622,1497.416563,13.32626902,15.13639486,14.23709849,0,0.364972239
Tuluksak,Kuskokwim,1981,85897.25003,4212.933552,99.13281,31,108.6482361,1403.96437,13.71779034,16.52289194,15.65443684,0,6.860260695
Tuluksak,Kuskokwim,1982,140133.45,7771.139409,105.828125,54.59375,167.745052,1420.975615,13.10257361,15.2905683,14.72441812,0,8.624416112
Tuluksak,Kuskokwim,1983,103012.24,3299.084934,147.91406,22.203125,14.94537766,1642.176665,13.51029996,17.41707038,16.95871923,3,0.992141384
Tuluksak,Kuskokwim,1984,89664.49001,3113.642288,57.546875,20.40625,76.95989593,1429.30719,13.17494066,16.46434533,15.58550898,0,3.640151826
Tuluksak,Kuskokwim,1985,129510.7101,4903.84158,129.89062,60.578125,80.16761642,1340.968537,15.12022961,14.46943077,13.5446134,0,8.135169781
Tuluksak,Kuskokwim,1986,106664.83,4456.295592,106.78125,31.84375,4.77803709,1602.576312,12.5120468,16.40236982,16.01690216,0,1.21657413
Tuluksak,Kuskokwim,1987,76521.46,3374.025067,43.765625,31.34375,104.0846133,1355.74855,12.61196385,14.82926179,14.27298105,0,2.611808749
Tuluksak,Kuskokwim,1988,108659.4899,3865.22196,54.453125,29.90625,218.6394526,1538.405433,13.36314409,17.40122276,16.31340798,2,0.548475988
Tuluksak,Kuskokwim,1989,115314.3299,5661.306314,104.71875,68.0625,135.8044189,1436.203639,12.56059873,15.7344198,15.23405418,0,0
Tuluksak,Kuskokwim,1990,111658.56,6012.505855,111.796875,47.75,289.0435595,1516.24801,13.51625402,16.66458719,15.85509111,0,0
Tuluksak,Kuskokwim,1991,55497.17002,3299.173553,63.4375,28.9375,118.1673631,1416.235952,11.82791972,16.55824184,16.23890514,0,0
Tuluksak,Kuskokwim,1992,84753.29001,4292.537714,75.609375,29.234375,137.0470694,1309.181424,12.36768652,17.02069893,16.75245066,1,19.51317908
Tuluksak,Kuskokwim,1993,96042.77001,4684.885333,127.65625,52.96875,75.30202627,1533.846039,13.94035806,17.97930974,17.27586589,5,2.937320778
Tuluksak,Kuskokwim,1994,157193.95,4869.062302,108.984375,54.703125,136.0868656,1352.060343,12.27626375,14.65392551,14.03332363,0,0
Tuluksak,Kuskokwim,1995,93970.69023,5514.935593,86.859375,49.140625,28.50233378,1653.052987,13.45235509,17.60628057,16.22466484,1,0.606280571
Tuluksak,Kuskokwim,1996,70117.10992,3959.465621,92.765625,31.765625,46.79481225,1603.513291,12.37300534,18.09322247,17.95312035,20,13.03063146
Tuluksak,Kuskokwim,1997,75716.82002,3204.895526,80.4375,24.28125,87.23705565,1601.897663,14.96635963,17.61205402,17.28548639,10,3.110827402
Tuluksak,Kuskokwim,1998,88037.97008,5402.890923,85.609375,44.5,37.96695617,1541.120167,14.35016539,15.49695696,15.27517128,0,2.728237281
Tuluksak,Kuskokwim,1999,101267,5621.811646,62.515625,40.65625,54.17855716,1554.270322,13.95574176,15.95659498,15.61858254,0,0
Tuluksak,Kuskokwim,2000,126696.18,5507.959216,84.15625,40.1875,53.44116229,1582.468205,12.87660852,18.28079845,17.69181391,16,8.585753709
Tuluksak,Kuskokwim,2001,168685.5,6866.090591,122.078125,44.34375,115.0096336,1327.537552,11.75723632,14.50215329,13.5936426,0,0
Tuluksak,Kuskokwim,2002,88363.83008,4873.255,78.875,21.46875,41.8604975,1692.337531,15.61958956,19.01054133,18.09882523,28,22.17814364
Tuluksak,Kuskokwim,2003,102744.8901,5228.20191,109.90625,34.3125,55.25189506,1680.545265,15.22855805,17.07827929,17.91231623,2,8.57714391
Tuluksak,Kuskokwim,2004,105841.93,5159.246076,81.35156,19.484375,79.86864309,1615.268132,14.20926341,17.13535532,16.73852436,4,0.532462163
Tuluksak,Kuskokwim,2005,118633.65,5837.31908,98.15625,26.9375,99.97568969,1531.935128,14.15347218,18.60527948,18.23123869,33,22.25435441
Tuluksak,Kuskokwim,2006,120301.7499,5064.48454,124.046875,34.71875,79.76505205,1471.980634,13.44486849,17.45182026,17.17988399,6,3.105240553
Tuluksak,Kuskokwim,2007,112528.06,6298.069999,88.14844,31.25,49.8196291,1688.856652,14.2325439,18.24646416,18.10840669,20,19.51865375
Tuluksak,Kuskokwim,2008,102618.37,4870.847585,66.94531,39.0625,172.8233696,1470.355876,12.66711956,13.75954872,13.41469261,0,0
Tuluksak,Kuskokwim,2009,92456.90003,3958.475854,60.179688,19.25,157.315364,1581.226769,13.36792447,17.21920367,16.76155091,4,0.598455941
Tuluksak,Kuskokwim,2010,103511.24,4548.176315,128.90625,43.09375,75.35906371,1456.716672,13.87830688,16.89994203,16.57284654,0,1.718633216
Tuluksak,Kuskokwim,2011,86226.72991,4036.405791,108.671875,50.359375,108.767024,1326.047169,10.97961215,16.35855553,15.30634261,0,0.435301458
Tuluksak,Kuskokwim,2012,102501.31,6114.023335,118.875,65.53125,126.557223,1302.448434,12.21006623,15.06042424,14.49244665,0,0
Tuluksak,Kuskokwim,2013,106150.7399,3984.12967,123.91406,32.359375,111.3418861,1369.297287,14.88999809,18.42616256,18.00721924,16,21.96794055
Tuluksak,Kuskokwim,2014,71606.32006,3971.532634,69.625,25.0625,17.62455901,1691.682766,13.74379735,17.12165741,16.95626141,1,0.600798646
Tuluksak,Kuskokwim,2015,201408.3199,5970.458488,143.76562,23.9375,28.26090909,1726.403149,15.44218357,18.12141344,17.89459249,23,18.36026108
Tuluksak,Kuskokwim,2016,106553.4,6215.893594,85.546875,39.4375,12.933365,1791.293545,13.31192049,16.12742878,15.90863949,0,0
Tuluksak,Kuskokwim,2017,116867.9,6373.413026,177.42188,32.40625,60.14051106,1724.921301,15.18064138,18.12141344,18.06468138,27,25.80485858
Tuluksak,Kuskokwim,2018,115361.46,5643.223095,140.42188,56.125,71.54216193,1518.213214,13.6034594,16.46159791,15.79172524,0,0
Carmacks,Yukon (CA),1980,144933.72,10466.04686,132.60938,36.195312,111.5328818,1520.119163,18.67726333,18.60230094,18.2927589,26,16.92509135
Carmacks,Yukon (CA),1981,207321.6701,10219.73349,127.703125,68.21875,96.73763447,1520.578809,17.21378016,17.90347497,17.6007488,11,6.046320467
Carmacks,Yukon (CA),1982,166740.2699,8418.196641,42.0625,18.9375,149.4175629,1542.633479,17.91187947,18.75221007,18.20606058,29,24.19031582
Carmacks,Yukon (CA),1983,248297.1,14644.00065,55.8125,46.46875,92.47831524,1610.065394,17.02149293,18.91086659,18.54585116,36,32.47800535
Carmacks,Yukon (CA),1984,301706.4211,12602.25445,91.171875,43.90625,126.3677446,1485.473567,17.61543239,17.98931719,17.66685413,24,14.09767823
Carmacks,Yukon (CA),1985,202028.3501,12277.6315,79.53125,53.140625,156.0850673,1446.144858,16.94449861,19.31386163,18.72274346,40,38.54774554
Carmacks,Yukon (CA),1986,291027.86,13319.73606,137.14062,94.859375,164.1133438,1445.700015,16.38685154,18.77684413,18.57309204,31,25.8232676
Carmacks,Yukon (CA),1987,165100.09,10857.74921,155.96094,47.328125,100.8003189,1644.972529,17.33882209,18.75227415,18.27845211,32,29.8072882
Carmacks,Yukon (CA),1988,147349.84,15112.00922,137.70312,99.25,137.1511227,1487.546643,16.28519868,18.74654879,18.38401713,32,25.91709549
Carmacks,Yukon (CA),1989,214129.1701,9998.231516,35.367188,22.71875,133.6298484,1602.160338,18.68394375,19.43190068,18.97688335,40,56.47314205
Carmacks,Yukon (CA),1990,244644.83,15306.71585,58.5,53.09375,236.9670681,1528.91509,17.55766799,20.02486804,19.77349219,47,65.10130322
Carmacks,Yukon (CA),1991,383725.3998,17304.01277,135.4375,71.65625,317.3766576,1490.784579,16.52151011,20.21043207,20.01123462,34,58.51373788
Carmacks,Yukon (CA),1992,191218.9,11865.63144,77.59375,64.015625,142.8924356,1441.120683,16.49635901,20.26738512,19.72251505,40,64.19139151
Carmacks,Yukon (CA),1993,237628.3101,16385.70851,88.140625,52.515625,85.03878722,1488.14232,16.30268009,20.01045033,19.49231392,45,60.91720364
Carmacks,Yukon (CA),1994,188184.57,9626.7075,195.6875,37.8125,156.0279062,1703.483155,18.95163246,19.49042314,18.64995021,39,37.46165202
Carmacks,Yukon (CA),1995,357578.9,13368.73625,51.859375,30.257812,160.7583982,1727.834321,19.04843911,19.35126634,18.18083872,33,27.63858876
Carmacks,Yukon (CA),1996,224583.3998,11320.08248,104.90625,34.5625,161.8275714,1506.582182,17.89799429,18.82871948,18.59886109,40,39.88911678
Carmacks,Yukon (CA),1997,131971.8701,10574.17579,59.09375,39.90625,100.1575429,1678.376403,17.61532866,18.42180718,18.24484742,36,29.2170248
Carmacks,Yukon (CA),1998,112342.2198,7008.351451,82.65625,17.265625,58.37777463,1692.440232,18.29975884,19.06719666,18.33788486,26,24.12207963
Carmacks,Yukon (CA),1999,121895.51,11998.0469,67.125,39.25,92.82742275,1679.867066,19.48834604,19.37595571,19.00879322,44,52.61115767
Carmacks,Yukon (CA),2000,317377.3302,18078.05152,266.98438,94.71875,72.02492848,1574.036431,17.68584524,18.16682233,17.32332445,12,5.871316794
Carmacks,Yukon (CA),2001,202591.3901,10694.78303,74.921875,71.5,90.73291191,1623.986587,17.12410133,17.8504594,17.29314793,9,3.527795435
Carmacks,Yukon (CA),2002,297492.6703,12544.35974,75.671875,30.3125,65.17064789,1565.673371,18.25684597,20.21481393,19.73411522,22,37.74552726
Carmacks,Yukon (CA),2003,138002.5501,7429.948753,49.921875,33.140625,190.3260797,1557.023354,18.30403447,18.71538522,18.25426145,29,23.86532187
Carmacks,Yukon (CA),2004,216047.9592,9104.755426,53.65625,34.546875,127.8843421,1548.148091,17.0651789,20.43320838,19.8677682,53,79.63698413
Carmacks,Yukon (CA),2005,296537.3799,17341.11776,233.24219,47.375,69.61323085,1591.758746,17.20337964,18.82358081,18.3979441,38,30.23370767
Carmacks,Yukon (CA),2006,175348.1607,11072.90389,72.0625,29.8125,126.9048898,1746.632479,18.57808021,18.78607813,18.19764204,20,16.99566233
Carmacks,Yukon (CA),2007,141479.85,12407.80526,88.67969,60.71875,115.2729605,1730.19947,18.02712907,19.87811331,19.70171751,42,84.00605592
Carmacks,Yukon (CA),2008,324049.2101,15048.66786,235.67188,90.71875,102.5123341,1480.824552,15.79839872,19.06555316,18.57950855,27,24.9389897
Carmacks,Yukon (CA),2009,237947.8902,10889.52171,41.09375,28.75,137.7903461,1730.57953,19.57132338,19.47351558,19.07262285,30,44.62073709
Carmacks,Yukon (CA),2010,233957.43,10197.58427,36.695312,22.1875,131.7520523,1602.061342,18.99734734,18.68686709,18.37748181,37,33.05016723
Carmacks,Yukon (CA),2011,232220.4401,13695.36849,180.48438,69.984375,111.4480864,1477.079744,16.48209806,18.17679656,17.72300584,27,13.59347759
Carmacks,Yukon (CA),2012,228350.8901,12666.04667,81.15625,57.25,122.8573484,1487.005257,16.65673918,18.04295453,17.64503945,22,10.01845496
Carmacks,Yukon (CA),2013,205407.4999,13185.19901,82.453125,39.265625,143.3014702,1539.475961,19.02931486,19.67910254,19.2973918,48,63.22423056
Carmacks,Yukon (CA),2014,570319.8902,17441.12546,325.3125,57.6875,46.31178202,1570.492262,16.22678992,18.985452,18.47554235,9,11.54399783
Carmacks,Yukon (CA),2015,270123.09,13411.95901,168.73438,59.75,51.73478543,1725.512813,17.68268222,19.68954441,19.20011708,43,52.90647249
Carmacks,Yukon (CA),2016,236674.3798,12186.63914,66.078125,45.75,53.25009438,1742.995979,17.25227078,19.241334,18.50575089,31,35.46269425
Carmacks,Yukon (CA),2017,256684.4498,14813.16374,130.25,76.65625,83.36758438,1670.360525,17.98424147,19.545563,19.11327864,43,65.35721565
Carmacks,Yukon (CA),2018,163563.76,7205.102565,133.73438,29.34375,78.49578089,1570.667648,18.91358653,19.80649429,19.33371618,29,30.87922607
LwrMain,Yukon (CA),1980,271820.71,15906.17967,140.90625,64,90.03624783,1118.370409,11.38007625,18.60230094,18.2927589,26,16.92509135
LwrMain,Yukon (CA),1981,241503.01,17046.77467,138.85938,87.1875,110.0506515,1118.977657,9.780214529,17.90347497,17.6007488,11,6.046320467
LwrMain,Yukon (CA),1982,254242.0701,14482.18322,96.234375,49.78125,129.1816777,1106.167503,10.95272694,18.75221007,18.20606058,29,24.19031582
LwrMain,Yukon (CA),1983,243232.9799,16889.50849,115.765625,47.734375,149.2536544,1087.855996,9.512805512,18.91086659,18.54585116,36,32.47800535
LwrMain,Yukon (CA),1984,310075.96,14347.55007,130.90625,50.28125,157.8830645,1089.130934,11.07719505,17.98931719,17.66685413,24,14.09767823
LwrMain,Yukon (CA),1985,193582.33,16598.94678,179.51562,87.453125,167.7466691,1089.608941,10.96207905,19.31386163,18.72274346,40,38.54774554
LwrMain,Yukon (CA),1986,329827.7904,10370.55264,321.75,63.5,154.7628075,1102.385173,9.722180195,18.77684413,18.57309204,31,25.8232676
LwrMain,Yukon (CA),1987,203203.72,16182.81422,164.89844,56.34375,182.8946597,1026.848118,10.59538015,18.75227415,18.27845211,32,29.8072882
LwrMain,Yukon (CA),1988,269355.68,17168.32301,216.07812,80.78125,204.5216974,1059.332535,10.70529927,18.74654879,18.38401713,32,25.91709549
LwrMain,Yukon (CA),1989,208530.67,9914.195987,81.625,44.03125,177.457979,1126.475783,11.58902609,19.43190068,18.97688335,40,56.47314205
LwrMain,Yukon (CA),1990,282935.08,17649.45861,129.96875,67.15625,204.1200628,1103.36803,11.19605418,20.02486804,19.77349219,47,65.10130322
LwrMain,Yukon (CA),1991,370481.4701,16255.23324,224.09375,58.125,271.172363,1082.164271,10.09962002,20.21043207,20.01123462,34,58.51373788
LwrMain,Yukon (CA),1992,255366.19,16499.39993,151.10938,56,219.7016427,1033.262317,10.26595012,20.26738512,19.72251505,40,64.19139151
LwrMain,Yukon (CA),1993,283309.74,13788.4975,155.73438,62.859375,207.6205212,1087.563028,10.66693999,20.01045033,19.49231392,45,60.91720364
LwrMain,Yukon (CA),1994,212561.5201,14636.31796,71.25,50.234375,157.0177091,1181.009051,12.7571716,19.49042314,18.64995021,39,37.46165202
LwrMain,Yukon (CA),1995,248606.1,15450.50152,143.98438,64.0625,86.66776735,1157.263983,10.43214082,19.35126634,18.18083872,33,27.63858876
LwrMain,Yukon (CA),1996,252925.2594,15757.02594,107.015625,60.15625,207.3355172,1059.774943,9.671891753,18.82871948,18.59886109,40,39.88911678
LwrMain,Yukon (CA),1997,260515.86,21145.42928,192.5,77.375,155.5401035,1167.715804,11.6427178,18.42180718,18.24484742,36,29.2170248
LwrMain,Yukon (CA),1998,254124.66,14842.55277,60.046875,39.65625,74.21580804,1122.965316,10.6097282,19.06719666,18.33788486,26,24.12207963
LwrMain,Yukon (CA),1999,435536.6,14611.29462,112.59375,41.4375,240.325615,1089.740483,11.79903323,19.37595571,19.00879322,44,52.61115767
LwrMain,Yukon (CA),2000,268020.1501,20051.71784,146.23438,88.578125,141.9849238,1096.636741,10.92089878,18.16682233,17.32332445,12,5.871316794
LwrMain,Yukon (CA),2001,176951.97,15553.8652,188.25,73.671875,158.6530937,1138.376354,11.18244459,17.8504594,17.29314793,9,3.527795435
LwrMain,Yukon (CA),2002,309061.7001,18484.50066,204.10938,66.015625,152.6156241,1156.444075,12.03379363,20.21481393,19.73411522,22,37.74552726
LwrMain,Yukon (CA),2003,652721.5902,19699.96349,205.85938,56.53125,284.2322909,1064.183475,10.7481032,18.71538522,18.25426145,29,23.86532187
LwrMain,Yukon (CA),2004,324861.75,11926.49955,274.85938,28.1875,283.3858185,1119.947151,11.14707284,20.43320838,19.8677682,53,79.63698413
LwrMain,Yukon (CA),2005,341577.3001,20809.73441,86.84375,49.703125,215.5697418,1116.13369,11.31012934,18.82358081,18.3979441,38,30.23370767
LwrMain,Yukon (CA),2006,253852.43,13781.89875,88.171875,44.46875,123.4501978,1150.534041,10.62877896,18.78607813,18.19764204,20,16.99566233
LwrMain,Yukon (CA),2007,404181.1007,25568.17219,145.03125,63.71875,146.2218045,1159.124091,10.79694397,19.87811331,19.70171751,42,84.00605592
LwrMain,Yukon (CA),2008,467956.3279,26237.16467,161.32031,83.625,155.7980757,1132.864334,10.94691866,19.06555316,18.57950855,27,24.9389897
LwrMain,Yukon (CA),2009,548687.1833,19887.42899,136.01562,45.65625,125.5162362,1158.948715,12.06454665,19.47351558,19.07262285,30,44.62073709
LwrMain,Yukon (CA),2010,543880.1108,35377.83856,114.65625,64.46875,82.63163233,1150.379619,12.11806769,18.68686709,18.37748181,37,33.05016723
LwrMain,Yukon (CA),2011,569752.4279,39962.23841,158.39062,71.234375,92.05480509,1119.278657,9.969553376,18.17679656,17.72300584,27,13.59347759
LwrMain,Yukon (CA),2012,330378.9595,24575.27482,90.9375,60.625,122.3760035,1157.702475,10.89415842,18.04295453,17.64503945,22,10.01845496
LwrMain,Yukon (CA),2013,413769.4585,20094.76486,233.35938,52.1875,180.1108365,1107.454779,12.26271744,19.67910254,19.2973918,48,63.22423056
LwrMain,Yukon (CA),2014,535924.5346,35379.91826,182.75,58.5625,121.6714823,1126.990303,9.738229695,18.985452,18.47554235,9,11.54399783
LwrMain,Yukon (CA),2015,433012.5592,38699.99395,220.51562,68.3125,207.1004515,1133.05096,11.38627223,19.68954441,19.20011708,43,52.90647249
LwrMain,Yukon (CA),2016,470717.2787,30406.55082,478.53125,84.203125,136.4226853,1180.924864,11.07569969,19.241334,18.50575089,31,35.46269425
LwrMain,Yukon (CA),2017,435102.2991,27707.02065,121.078125,54.4375,166.9353147,1232.34181,12.46237352,19.545563,19.11327864,43,65.35721565
LwrMain,Yukon (CA),2018,489343.79,24729.69929,236.23438,71.65625,145.5989308,1090.145108,12.55682176,19.80649429,19.33371618,29,30.87922607
MidMain,Yukon (CA),1980,2595700.121,156099.5665,1377.6719,1283.7812,178.6004583,2048.771492,18.06190718,18.60230094,18.2927589,26,16.92509135
MidMain,Yukon (CA),1981,4035486.31,173368.2959,1563.8281,1421.2109,170.1556717,2023.871014,17.94111555,17.90347497,17.6007488,11,6.046320467
MidMain,Yukon (CA),1982,2500431.961,116941.0424,1218.9375,994.4375,177.5851,2035.547557,17.79621514,18.75221007,18.20606058,29,24.19031582
MidMain,Yukon (CA),1983,3146961.471,227977.2883,1311.8594,1157.9375,126.4305439,1977.756445,16.89686547,18.91086659,18.54585116,36,32.47800535
MidMain,Yukon (CA),1984,2794239.563,163064.5785,1183.9531,1052.3594,181.6465117,2039.890299,18.21241095,17.98931719,17.66685413,24,14.09767823
MidMain,Yukon (CA),1985,1688889.53,150766.7305,1676.6562,1402.2969,212.6305403,2016.032767,17.41244614,19.31386163,18.72274346,40,38.54774554
MidMain,Yukon (CA),1986,3814075.77,173113.6657,1939.3594,1563.5625,218.2308299,2032.379825,17.23719387,18.77684413,18.57309204,31,25.8232676
MidMain,Yukon (CA),1987,2382315.24,175630.7391,1710.8281,1395.6562,180.7484815,2030.700447,17.20994035,18.75227415,18.27845211,32,29.8072882
MidMain,Yukon (CA),1988,3137440.22,233999.3503,2457.1719,1736.8438,207.2206895,2019.089279,17.27730958,18.74654879,18.38401713,32,25.91709549
MidMain,Yukon (CA),1989,3064716.022,147662.0273,1199.5,1192.3438,244.988319,2051.968072,17.92552865,19.43190068,18.97688335,40,56.47314205
MidMain,Yukon (CA),1990,2475825.34,184782.555,1431.6875,1350.8906,308.8724912,2038.26942,18.01141866,20.02486804,19.77349219,47,65.10130322
MidMain,Yukon (CA),1991,3606262.169,241858.7433,1539.2031,1350.75,346.453686,2016.120443,17.86548843,20.21043207,20.01123462,34,58.51373788
MidMain,Yukon (CA),1992,3574316.2,154989.9969,1998.4844,1573.5938,235.5440932,2029.098201,17.24974628,20.26738512,19.72251505,40,64.19139151
MidMain,Yukon (CA),1993,2864062.678,189337.4561,1638.5938,1593.5312,203.2099737,2031.608983,17.26703984,20.01045033,19.49231392,45,60.91720364
MidMain,Yukon (CA),1994,2672771.688,149345.7682,1501.9531,1385.0938,246.6633303,2049.896205,17.94987284,19.49042314,18.64995021,39,37.46165202
MidMain,Yukon (CA),1995,2958161.43,147512.1224,988.25,963.96875,216.5047907,2091.171589,17.84608203,19.35126634,18.18083872,33,27.63858876
MidMain,Yukon (CA),1996,3070182.93,141977.6912,1298.2969,1094.1875,219.4206109,2009.697455,16.9491492,18.82871948,18.59886109,40,39.88911678
MidMain,Yukon (CA),1997,2006225.79,162026.2098,1406.4062,1198.3906,230.3991578,2042.390668,17.87433579,18.42180718,18.24484742,36,29.2170248
MidMain,Yukon (CA),1998,2292693.351,105422.7848,1010.5,928.71875,117.1962922,2020.276371,18.17509868,19.06719666,18.33788486,26,24.12207963
MidMain,Yukon (CA),1999,2060538.329,159185.3782,1428.4062,1117.9688,217.3805716,2038.431956,18.2137663,19.37595571,19.00879322,44,52.61115767
MidMain,Yukon (CA),2000,2606878.161,218860.9824,1941.9844,1747.0781,142.8394975,2020.455456,17.41864559,18.16682233,17.32332445,12,5.871316794
MidMain,Yukon (CA),2001,2301403.171,165504.4111,1970.5,1526.2188,167.5135829,2034.362777,17.66586134,17.8504594,17.29314793,9,3.527795435
MidMain,Yukon (CA),2002,3102900.031,160268.3546,1181.4688,1137.75,119.2802669,1986.062292,17.49944387,20.21481393,19.73411522,22,37.74552726
MidMain,Yukon (CA),2003,2182545.29,138573.2963,1204.4375,1006.4375,197.9508451,2063.583325,18.02995418,18.71538522,18.25426145,29,23.86532187
MidMain,Yukon (CA),2004,2110674.338,135341.5279,1274.5,1237.3594,218.000153,2050.59481,17.96556365,20.43320838,19.8677682,53,79.63698413
MidMain,Yukon (CA),2005,3397544.45,197679.3525,1423.1562,1434.2812,166.1083182,2036.079238,18.25648767,18.82358081,18.3979441,38,30.23370767
MidMain,Yukon (CA),2006,1989152.59,174447.8192,1438.7812,1324.7812,181.4688907,2033.226864,17.29784081,18.78607813,18.19764204,20,16.99566233
MidMain,Yukon (CA),2007,2910619.301,213726.5488,2033.2188,1741.5625,272.8288637,2042.900887,17.37268809,19.87811331,19.70171751,42,84.00605592
MidMain,Yukon (CA),2008,3352879.37,199678.2136,1681.1875,1521.9062,245.254037,2011.453123,17.38514438,19.06555316,18.57950855,27,24.9389897
MidMain,Yukon (CA),2009,3823151.814,155741.8917,1317.5938,1473.4219,240.1655157,2025.568106,17.78939365,19.47351558,19.07262285,30,44.62073709
MidMain,Yukon (CA),2010,3146227.48,166008.8592,1151.125,1096.75,173.6911049,2053.563984,18.52609679,18.68686709,18.37748181,37,33.05016723
MidMain,Yukon (CA),2011,2966050.14,209289.2602,1304.0391,1238.9609,213.212327,2026.284301,16.85617094,18.17679656,17.72300584,27,13.59347759
MidMain,Yukon (CA),2012,3244625.449,206177.1042,1676.6875,1461.9531,254.6194281,2026.009539,17.52128751,18.04295453,17.64503945,22,10.01845496
MidMain,Yukon (CA),2013,2939909.12,189724.2765,1446.2969,1371.0625,237.8503318,2047.415647,18.19043518,19.67910254,19.2973918,48,63.22423056
MidMain,Yukon (CA),2014,5603135.561,234883.8084,1456.1562,1356.9688,101.6526607,1968.744897,17.47768951,18.985452,18.47554235,9,11.54399783
MidMain,Yukon (CA),2015,4339219.21,220620.6548,1509.875,1282.9688,141.2028919,2047.154428,17.81019233,19.68954441,19.20011708,43,52.90647249
MidMain,Yukon (CA),2016,3425486.27,187269.3282,1287.4297,1071.0469,136.6563911,2093.746111,18.3464755,19.241334,18.50575089,31,35.46269425
MidMain,Yukon (CA),2017,3103742.69,211282.3096,1639.25,1168.6719,129.9889562,2009.050696,17.97010201,19.545563,19.11327864,43,65.35721565
MidMain,Yukon (CA),2018,3316403.4,138684.4894,1007.34375,984.3125,135.988271,1916.317564,19.253905,19.80649429,19.33371618,29,30.87922607
Pelly,Yukon (CA),1980,150289.3,13942.3019,109.71875,102.25,126.295767,2087.761897,18.15713097,18.60230094,18.2927589,26,16.92509135
Pelly,Yukon (CA),1981,199467.96,11621.46079,93,90.109375,128.6726612,2038.159605,17.32554634,17.90347497,17.6007488,11,6.046320467
Pelly,Yukon (CA),1982,281263.06,11025.7829,92.59375,92.421875,154.8200206,2174.871906,18.25830607,18.75221007,18.20606058,29,24.19031582
Pelly,Yukon (CA),1983,277996.89,17178.5627,112.40625,108.78125,164.4624661,2054.340043,17.69281463,18.91086659,18.54585116,36,32.47800535
Pelly,Yukon (CA),1984,433680.4401,17283.04745,101.125,87.390625,220.34787,1961.798737,18.85450079,17.98931719,17.66685413,24,14.09767823
Pelly,Yukon (CA),1985,385346.6002,17887.75711,141.10938,169.84375,231.7447628,1878.790698,16.48868346,19.31386163,18.72274346,40,38.54774554
Pelly,Yukon (CA),1986,323503.3801,15813.62468,135.23438,124.734375,172.803111,2028.556423,17.3165328,18.77684413,18.57309204,31,25.8232676
Pelly,Yukon (CA),1987,222052.41,14493.77217,154.23438,136.25,119.8459843,2000.443612,17.4346771,18.75227415,18.27845211,32,29.8072882
Pelly,Yukon (CA),1988,285958.5801,16854.02641,148.15625,163.34375,162.6961949,2011.949383,17.0416482,18.74654879,18.38401713,32,25.91709549
Pelly,Yukon (CA),1989,192925.2601,9921.204147,66.53125,74.46875,165.2885278,2206.786132,20.51704329,19.43190068,18.97688335,40,56.47314205
Pelly,Yukon (CA),1990,285692.8702,17755.52586,176.625,142.57812,200.7396135,1968.637925,18.43359252,20.02486804,19.77349219,47,65.10130322
Pelly,Yukon (CA),1991,350461.24,20586.20585,257.90625,188.48438,368.8148816,1866.238452,15.89291447,20.21043207,20.01123462,34,58.51373788
Pelly,Yukon (CA),1992,208980.8901,13322.77353,131.54688,121.8125,174.4209862,1903.425977,17.0495334,20.26738512,19.72251505,40,64.19139151
Pelly,Yukon (CA),1993,221351.86,16538.02317,115.53125,140.34375,131.125232,2039.689084,18.03498438,20.01045033,19.49231392,45,60.91720364
Pelly,Yukon (CA),1994,245227.1001,10171.16473,137.9375,86.4375,95.94685797,2142.544532,20.39271573,19.49042314,18.64995021,39,37.46165202
Pelly,Yukon (CA),1995,198263.3,15829.94263,182.21875,125.46875,133.0957232,2084.410726,16.61828259,19.35126634,18.18083872,33,27.63858876
Pelly,Yukon (CA),1996,342041.3303,18352.99313,155.98438,117.53125,139.1588044,2098.514965,17.43071708,18.82871948,18.59886109,40,39.88911678
Pelly,Yukon (CA),1997,146559.6799,15010.63486,154.65625,134.32812,94.4287915,2029.812698,16.81068265,18.42180718,18.24484742,36,29.2170248
Pelly,Yukon (CA),1998,137950.6197,11285.35363,71.15625,79.796875,40.78031795,2254.619536,18.92911092,19.06719666,18.33788486,26,24.12207963
Pelly,Yukon (CA),1999,139880.06,16315.20375,178.5625,103.78125,110.1750911,2089.886209,17.69744692,19.37595571,19.00879322,44,52.61115767
Pelly,Yukon (CA),2000,489334.04,21750.8106,185.57812,129.35938,94.1262376,1968.572049,17.54771172,18.16682233,17.32332445,12,5.871316794
Pelly,Yukon (CA),2001,347871.7704,11357.62454,138.39062,118.34375,103.2747305,2058.382867,17.56816295,17.8504594,17.29314793,9,3.527795435
Pelly,Yukon (CA),2002,316207.25,12959.84724,190.70312,120.71875,70.90840893,2110.720973,18.07164441,20.21481393,19.73411522,22,37.74552726
Pelly,Yukon (CA),2003,138228.06,9707.508028,67.53125,82.125,148.7329482,2159.306645,20.51704329,18.71538522,18.25426145,29,23.86532187
Pelly,Yukon (CA),2004,227423.2503,11474.50027,87.25781,84.28125,176.4478946,2190.494981,19.47074661,20.43320838,19.8677682,53,79.63698413
Pelly,Yukon (CA),2005,216265.7899,16237.7479,141.64062,161.17188,105.0640403,1980.988833,18.22925342,18.82358081,18.3979441,38,30.23370767
Pelly,Yukon (CA),2006,162888.89,12687.02211,97.59375,101.296875,139.4163164,2085.634196,17.36819472,18.78607813,18.19764204,20,16.99566233
Pelly,Yukon (CA),2007,270754.8,13821.24928,120.75,123.59375,327.618264,2006.297272,16.76562383,19.87811331,19.70171751,42,84.00605592
Pelly,Yukon (CA),2008,510476.13,21858.14987,187.53125,150.39062,109.1882228,1906.295699,17.0290113,19.06555316,18.57950855,27,24.9389897
Pelly,Yukon (CA),2009,215553.67,11577.98757,80.578125,82.96875,154.5962169,2132.62177,20.91478209,19.47351558,19.07262285,30,44.62073709
Pelly,Yukon (CA),2010,160392.6001,9386.924737,57.5,89.515625,130.6369949,2261.469907,20.61999446,18.68686709,18.37748181,37,33.05016723
Pelly,Yukon (CA),2011,249222.12,18423.9921,226.3125,174.03125,177.7180445,1998.474092,16.46892639,18.17679656,17.72300584,27,13.59347759
Pelly,Yukon (CA),2012,189849.32,14272.28921,136.46875,136.46875,200.1271463,1894.993207,16.32821714,18.04295453,17.64503945,22,10.01845496
Pelly,Yukon (CA),2013,181918.2799,14613.76691,131.09375,105.6875,189.9416596,2175.166096,20.51704329,19.67910254,19.2973918,48,63.22423056
Pelly,Yukon (CA),2014,296053.58,16394.79658,109.390625,108.15625,80.78005814,2070.518179,18.2515519,18.985452,18.47554235,9,11.54399783
Pelly,Yukon (CA),2015,367748.8301,15602.06731,206.71875,126.1875,87.72000646,2108.030196,18.7436182,19.68954441,19.20011708,43,52.90647249
Pelly,Yukon (CA),2016,296855.0001,12401.59242,126.796875,97.0625,78.1203166,2166.349102,18.23719927,19.241334,18.50575089,31,35.46269425
Pelly,Yukon (CA),2017,198879.7701,18236.45441,218.5625,161.125,89.18715525,2151.997595,18.11385939,19.545563,19.11327864,43,65.35721565
Pelly,Yukon (CA),2018,138178.4604,7428.748885,131.9375,108.09375,85.91863897,2051.623486,19.27856909,19.80649429,19.33371618,29,30.87922607
Stewart,Yukon (CA),1980,121536.7901,9297.519412,50.46875,39.984375,78.24862501,1339.375214,14.10019117,18.60230094,18.2927589,26,16.92509135
Stewart,Yukon (CA),1981,141248.21,9639.498226,63.203125,51.664062,104.6634365,1312.741441,12.51135446,17.90347497,17.6007488,11,6.046320467
Stewart,Yukon (CA),1982,210240.29,9231.407832,39.984375,39.03125,151.834646,1476.214656,15.23324335,18.75221007,18.20606058,29,24.19031582
Stewart,Yukon (CA),1983,165621.78,10768.71461,55.8125,39.484375,155.8096111,1435.199328,14.36130391,18.91086659,18.54585116,36,32.47800535
Stewart,Yukon (CA),1984,145283.86,9364.632156,41.359375,45.3125,178.3832497,1463.671951,14.87956439,17.98931719,17.66685413,24,14.09767823
Stewart,Yukon (CA),1985,119194.96,9904.775724,56.671875,51.234375,180.9345293,1393.4508,14.56705096,19.31386163,18.72274346,40,38.54774554
Stewart,Yukon (CA),1986,186660.3801,7080.151187,101.484375,53.53125,182.9517989,1464.701631,14.12701923,18.77684413,18.57309204,31,25.8232676
Stewart,Yukon (CA),1987,162336.67,9363.572374,61.46875,41.703125,190.3184053,1422.298526,14.17563562,18.75227415,18.27845211,32,29.8072882
Stewart,Yukon (CA),1988,132694.34,10200.22739,48.25,42.46875,219.0925631,1432.479331,13.18265509,18.74654879,18.38401713,32,25.91709549
Stewart,Yukon (CA),1989,106276.2201,5614.452502,35.65625,38.28125,159.5346305,1611.80378,15.63623212,19.43190068,18.97688335,40,56.47314205
Stewart,Yukon (CA),1990,162829.22,10607.5871,56.78125,43.0625,215.246093,1443.316271,14.43882035,20.02486804,19.77349219,47,65.10130322
Stewart,Yukon (CA),1991,183086.9505,8711.3429,64.625,47.734375,312.5606537,1416.860573,13.23768167,20.21043207,20.01123462,34,58.51373788
Stewart,Yukon (CA),1992,161371.5301,10305.10399,52.5625,40.71875,230.657995,1335.334062,12.98684967,20.26738512,19.72251505,40,64.19139151
Stewart,Yukon (CA),1993,155351.94,8485.224608,58.40625,48.140625,186.5363148,1527.618934,15.73683129,20.01045033,19.49231392,45,60.91720364
Stewart,Yukon (CA),1994,123658.12,7545.823094,34,34,146.7354901,1581.766764,15.56671297,19.49042314,18.64995021,39,37.46165202
Stewart,Yukon (CA),1995,127444.14,8904.936713,55.8125,39.1875,84.20528394,1448.688925,13.7171416,19.35126634,18.18083872,33,27.63858876
Stewart,Yukon (CA),1996,170838.4698,9811.286929,52.671875,42.265625,207.3315947,1360.334305,12.32024516,18.82871948,18.59886109,40,39.88911678
Stewart,Yukon (CA),1997,154861.1,11689.98342,57.515625,50.15625,147.9101711,1474.019883,13.9996391,18.42180718,18.24484742,36,29.2170248
Stewart,Yukon (CA),1998,112244.59,7248.473818,32.34375,32.28125,56.99456632,1390.405169,15.06938476,19.06719666,18.33788486,26,24.12207963
Stewart,Yukon (CA),1999,230990.51,9280.508292,47.6875,35.828125,220.0444477,1429.244521,15.12360811,19.37595571,19.00879322,44,52.61115767
Stewart,Yukon (CA),2000,115096,11176.94556,57.84375,48.890625,131.3939887,1388.046383,13.69760558,18.16682233,17.32332445,12,5.871316794
Stewart,Yukon (CA),2001,99546.91998,9257.667238,81.921875,56.9375,163.2258031,1439.662249,14.39931119,17.8504594,17.29314793,9,3.527795435
Stewart,Yukon (CA),2002,185551.2001,11338.6398,88.140625,46,132.1000973,1466.226112,14.27233503,20.21481393,19.73411522,22,37.74552726
Stewart,Yukon (CA),2003,304711.1302,10918.39112,56.75,46.71875,251.2658635,1388.959009,14.96083051,18.71538522,18.25426145,29,23.86532187
Stewart,Yukon (CA),2004,139265.4,6222.491108,47.078125,30.125,264.0200758,1511.502756,15.13923965,20.43320838,19.8677682,53,79.63698413
Stewart,Yukon (CA),2005,218838.5199,13086.09401,41.578125,40.015625,192.8401614,1487.839335,14.88531318,18.82358081,18.3979441,38,30.23370767
Stewart,Yukon (CA),2006,134851.8701,8135.513947,48.890625,36.375,136.5209879,1543.690596,14.36259494,18.78607813,18.19764204,20,16.99566233
Stewart,Yukon (CA),2007,148453.4401,11682.94578,62.046875,43.414062,160.8875183,1576.019314,14.49506153,19.87811331,19.70171751,42,84.00605592
Stewart,Yukon (CA),2008,224315.1596,14986.17335,79.57031,46.8125,165.4053597,1478.160238,13.41640124,19.06555316,18.57950855,27,24.9389897
Stewart,Yukon (CA),2009,257688.7613,10782.36502,49.390625,44.039062,107.1383372,1425.661177,15.261051,19.47351558,19.07262285,30,44.62073709
Stewart,Yukon (CA),2010,221051.0902,15920.61001,36.609375,40.46875,94.51868338,1421.047731,15.07179999,18.68686709,18.37748181,37,33.05016723
Stewart,Yukon (CA),2011,232974.9096,17059.00888,71.5,55.15625,120.9708401,1270.116489,12.36961949,18.17679656,17.72300584,27,13.59347759
Stewart,Yukon (CA),2012,168586.3999,12198.40987,51.0625,50.0625,127.8711377,1302.312832,13.39643014,18.04295453,17.64503945,22,10.01845496
Stewart,Yukon (CA),2013,228992.0197,13556.73559,54.96875,39.578125,176.0762719,1582.773372,15.92865011,19.67910254,19.2973918,48,63.22423056
Stewart,Yukon (CA),2014,226705.8181,18020.5232,56.8125,40.3125,104.6291287,1404.499161,14.7093935,18.985452,18.47554235,9,11.54399783
Stewart,Yukon (CA),2015,276258.0199,18018.6219,59.578125,44.625,221.2286932,1423.507215,13.87527466,19.68954441,19.20011708,43,52.90647249
Stewart,Yukon (CA),2016,200288.6099,15418.8549,67.078125,45.015625,143.4776877,1552.01306,14.29936875,19.241334,18.50575089,31,35.46269425
Stewart,Yukon (CA),2017,141770.0098,13695.70849,63.234375,35.890625,156.5253286,1620.104357,15.90534244,19.545563,19.11327864,43,65.35721565
Stewart,Yukon (CA),2018,218255.6402,13062.74254,79.5,55.53125,116.6728491,1286.996228,15.03584351,19.80649429,19.33371618,29,30.87922607
Teslin,Yukon (CA),1980,1045761.29,70510.4783,912.8281,617.125,191.7994965,1636.005932,16.42970586,18.60230094,18.2927589,26,16.92509135
Teslin,Yukon (CA),1981,1490844.07,68347.28619,982.6719,806.1406,175.5892066,1708.713283,16.59524051,17.90347497,17.6007488,11,6.046320467
Teslin,Yukon (CA),1982,798349.0097,43052.89429,699.0156,444.03125,193.5237327,1628.931917,17.46414183,18.75221007,18.20606058,29,24.19031582
Teslin,Yukon (CA),1983,1375930.721,97184.07133,703.1094,545.84375,129.961476,1654.177117,16.59305182,18.91086659,18.54585116,36,32.47800535
Teslin,Yukon (CA),1984,1048280.371,62304.46476,661.5,520.125,210.3828413,1726.332313,18.49251113,17.98931719,17.66685413,24,14.09767823
Teslin,Yukon (CA),1985,876008.31,58238.43392,980.78125,535.5156,233.7702108,1882.234497,17.53198716,19.31386163,18.72274346,40,38.54774554
Teslin,Yukon (CA),1986,1713205.95,67305.56205,1149.7188,671.5156,227.1407625,1833.093905,17.21411729,18.77684413,18.57309204,31,25.8232676
Teslin,Yukon (CA),1987,1192364.21,73832.7429,1085.1406,667.8281,227.8555647,1846.383829,17.40870233,18.75227415,18.27845211,32,29.8072882
Teslin,Yukon (CA),1988,1052687.5,97921.94765,1274.0781,815.0469,239.3446394,1895.592554,17.56038535,18.74654879,18.38401713,32,25.91709549
Teslin,Yukon (CA),1989,1116028.34,53678.72573,771.34375,580.875,257.6200566,2023.177652,19.13018834,19.43190068,18.97688335,40,56.47314205
Teslin,Yukon (CA),1990,1023687.56,66269.78699,807.0469,611.875,309.1927504,1928.233872,19.05343697,20.02486804,19.77349219,47,65.10130322
Teslin,Yukon (CA),1991,1718890.979,94815.69238,793.4219,615.3125,359.5828924,1870.664306,18.77793095,20.21043207,20.01123462,34,58.51373788
Teslin,Yukon (CA),1992,1315655.49,53535.35779,1272.1406,778.375,238.1685812,1881.721968,17.14553117,20.26738512,19.72251505,40,64.19139151
Teslin,Yukon (CA),1993,1217927.53,74422.78759,987,800.5625,227.3655073,1946.394597,17.57814851,20.01045033,19.49231392,45,60.91720364
Teslin,Yukon (CA),1994,1333492.23,61919.70751,907.0469,604.8125,290.2549909,1895.162682,18.23012011,19.49042314,18.64995021,39,37.46165202
Teslin,Yukon (CA),1995,1363663.191,59974.4717,638.2031,488.59375,240.4800368,1965.249326,18.35375799,19.35126634,18.18083872,33,27.63858876
Teslin,Yukon (CA),1996,1396683.46,52339.11034,716.2969,488.40625,245.4396983,1835.998476,17.95237869,18.82871948,18.59886109,40,39.88911678
Teslin,Yukon (CA),1997,1108813.62,67736.13402,750.6406,502.90625,254.0179594,1892.163861,18.48464974,18.42180718,18.24484742,36,29.2170248
Teslin,Yukon (CA),1998,912007.8294,45766.60231,657.0781,459.625,128.1479633,1685.234757,17.50169527,19.06719666,18.33788486,26,24.12207963
Teslin,Yukon (CA),1999,848009.1996,61427.90283,818.8906,574.7969,233.6259054,1856.52809,18.51900942,19.37595571,19.00879322,44,52.61115767
Teslin,Yukon (CA),2000,1002627.27,77268.60642,1278.5156,876.21875,120.2744467,1643.509482,16.82778336,18.16682233,17.32332445,12,5.871316794
Teslin,Yukon (CA),2001,744298.3201,60063.47217,1239.6875,787.03125,135.7911138,1690.690994,17.22551983,17.8504594,17.29314793,9,3.527795435
Teslin,Yukon (CA),2002,1538714.75,70982.98396,690.0625,564.65625,120.9621128,1733.855816,17.62067088,20.21481393,19.73411522,22,37.74552726
Teslin,Yukon (CA),2003,1086653.15,59795.97594,677.53125,475.625,208.8052569,1727.593351,17.7586874,18.71538522,18.25426145,29,23.86532187
Teslin,Yukon (CA),2004,856166.4805,59486.63374,862.1406,639.84375,195.6098893,1713.615474,17.33457102,20.43320838,19.8677682,53,79.63698413
Teslin,Yukon (CA),2005,1489613.08,82959.32821,808.6406,654,193.5678236,1751.224212,17.79057677,18.82358081,18.3979441,38,30.23370767
Teslin,Yukon (CA),2006,783769.4,69191.45922,947.3906,684.1406,203.8310268,1707.242075,15.88921363,18.78607813,18.19764204,20,16.99566233
Teslin,Yukon (CA),2007,1270514.27,88618.29548,1145.6562,796.1719,258.855275,1923.8158,17.98410353,19.87811331,19.70171751,42,84.00605592
Teslin,Yukon (CA),2008,1098642.02,72286.33021,811.5781,620,214.9765503,1898.302981,17.46414876,19.06555316,18.57950855,27,24.9389897
Teslin,Yukon (CA),2009,1383614.13,59968.96732,786.0625,667.1875,209.5127576,1913.438577,16.84668963,19.47351558,19.07262285,30,44.62073709
Teslin,Yukon (CA),2010,1322341.75,54140.22849,742.9219,650.8594,148.5413804,1737.961895,17.93588668,18.68686709,18.37748181,37,33.05016723
Teslin,Yukon (CA),2011,1253012.81,76695.63271,681.8125,591.71875,208.7858608,1813.24031,15.96997503,18.17679656,17.72300584,27,13.59347759
Teslin,Yukon (CA),2012,1154772.8,62898.10203,1149.9531,785.2031,206.8494819,1650.310161,16.07737642,18.04295453,17.64503945,22,10.01845496
Teslin,Yukon (CA),2013,866376.4499,51605.95244,812.2344,653.78125,212.9176416,1962.610374,19.16832316,19.67910254,19.2973918,48,63.22423056
Teslin,Yukon (CA),2014,2066630.99,77698.8333,799.84375,597.1094,82.67362728,1790.662923,16.66672889,18.985452,18.47554235,9,11.54399783
Teslin,Yukon (CA),2015,1526224.99,70536.08975,672.7344,614.6719,95.60266344,1796.394235,17.23940175,19.68954441,19.20011708,43,52.90647249
Teslin,Yukon (CA),2016,1398244.039,64553.46354,735.9219,591.8125,80.91325257,2004.960211,18.35319185,19.241334,18.50575089,31,35.46269425
Teslin,Yukon (CA),2017,1081577.46,62155.18954,816.75,647.625,75.06372069,1865.536193,18.58296877,19.545563,19.11327864,43,65.35721565
Teslin,Yukon (CA),2018,931424.2701,40632.23408,677.7969,499.64062,119.1010753,1676.657517,18.9902422,19.80649429,19.33371618,29,30.87922607
UprLksMain,Yukon (CA),1980,295651.8101,11515.36824,173.28125,111.8125,219.7717792,1666.377212,16.34989278,18.60230094,18.2927589,26,16.92509135
UprLksMain,Yukon (CA),1981,427678.8601,14409.62191,210.9375,135.65625,237.2282959,1664.996385,15.33709573,17.90347497,17.6007488,11,6.046320467
UprLksMain,Yukon (CA),1982,328346.02,9530.509935,122.25,79.21094,179.3125433,1664.839448,15.75740225,18.75221007,18.20606058,29,24.19031582
UprLksMain,Yukon (CA),1983,423939.3194,20129.2273,140.32812,97.890625,130.0956434,1652.344453,15.59010014,18.91086659,18.54585116,36,32.47800535
UprLksMain,Yukon (CA),1984,273586.2101,14199.19419,127.796875,66.125,171.1980171,1685.439751,17.01778724,17.98931719,17.66685413,24,14.09767823
UprLksMain,Yukon (CA),1985,218622.4201,12758.62236,192.9375,84.25,231.5066307,1648.398028,15.6604979,19.31386163,18.72274346,40,38.54774554
UprLksMain,Yukon (CA),1986,271554.54,14890.98099,245.03125,133.79688,260.104872,1646.338114,15.44553115,18.77684413,18.57309204,31,25.8232676
UprLksMain,Yukon (CA),1987,280310.6894,15807.20894,186.70312,82.6875,180.4812288,1661.655016,15.28213569,18.75227415,18.27845211,32,29.8072882
UprLksMain,Yukon (CA),1988,406292.1798,20553.94686,282.39062,159,265.9203528,1630.3727,15.04508536,18.74654879,18.38401713,32,25.91709549
UprLksMain,Yukon (CA),1989,385175.9501,15024.08849,132.28125,82.15625,307.2234324,1616.682763,16.38697283,19.43190068,18.97688335,40,56.47314205
UprLksMain,Yukon (CA),1990,203202.4601,16141.76559,160.21875,103.3125,447.7202302,1676.767344,17.25749613,20.02486804,19.77349219,47,65.10130322
UprLksMain,Yukon (CA),1991,353595.77,23704.05855,150.5625,109.15625,348.5670176,1676.340663,15.79343758,20.21043207,20.01123462,34,58.51373788
UprLksMain,Yukon (CA),1992,372407.72,13743.3234,260.32812,142.51562,250.0832006,1611.059836,15.2026725,20.26738512,19.72251505,40,64.19139151
UprLksMain,Yukon (CA),1993,363972.3494,15379.79651,212.20312,125.046875,191.3354396,1665.423009,15.22541781,20.01045033,19.49231392,45,60.91720364
UprLksMain,Yukon (CA),1994,306424.71,12360.47941,154.51562,87.15625,236.2627812,1692.391154,16.37819895,19.49042314,18.64995021,39,37.46165202
UprLksMain,Yukon (CA),1995,284512.8399,11514.12777,139.71875,96.33594,230.548958,1686.183117,15.66016304,19.35126634,18.18083872,33,27.63858876
UprLksMain,Yukon (CA),1996,305153.0501,11882.27555,134.20312,95.40625,220.4037199,1675.354551,15.3579049,18.82871948,18.59886109,40,39.88911678
UprLksMain,Yukon (CA),1997,191307.6301,13804.485,161.39062,96.11719,251.4984232,1676.855584,15.87814593,18.42180718,18.24484742,36,29.2170248
UprLksMain,Yukon (CA),1998,300450.7699,8533.884477,135,89.390625,155.031544,1676.236092,15.87993068,19.06719666,18.33788486,26,24.12207963
UprLksMain,Yukon (CA),1999,274760.48,13213.62171,178.21875,107.8125,285.5443358,1666.995308,16.71756567,19.37595571,19.00879322,44,52.61115767
UprLksMain,Yukon (CA),2000,255389.67,18987.78013,325.21875,205.15625,210.9847617,1634.221811,15.21640334,18.16682233,17.32332445,12,5.871316794
UprLksMain,Yukon (CA),2001,208465.58,15073.50665,268.42188,161.01562,238.144678,1624.839927,15.685443,17.8504594,17.29314793,9,3.527795435
UprLksMain,Yukon (CA),2002,275566.4898,11817.30987,116.671875,85.890625,157.3255099,1676.85186,16.48133705,20.21481393,19.73411522,22,37.74552726
UprLksMain,Yukon (CA),2003,212924.9899,9548.468092,119.984375,71.640625,220.0526283,1683.149578,16.40865107,18.71538522,18.25426145,29,23.86532187
UprLksMain,Yukon (CA),2004,196656.8097,10960.05654,200.625,114.328125,280.1057623,1692.187498,16.44585301,20.43320838,19.8677682,53,79.63698413
UprLksMain,Yukon (CA),2005,279260.06,14281.74343,188,122.65625,192.3177381,1665.224691,16.52011297,18.82358081,18.3979441,38,30.23370767
UprLksMain,Yukon (CA),2006,236643.2898,15286.65507,213.53125,130.92188,225.8170565,1629.691104,15.03381302,18.78607813,18.19764204,20,16.99566233
UprLksMain,Yukon (CA),2007,379458.4201,21798.86303,220.60938,126.15625,520.7080147,1840.643547,15.70529423,19.87811331,19.70171751,42,84.00605592
UprLksMain,Yukon (CA),2008,377446.3801,18644.74288,162.17188,109.21875,509.7728649,1845.212267,16.43212791,19.06555316,18.57950855,27,24.9389897
UprLksMain,Yukon (CA),2009,562513.4479,15866.44566,158.15625,110.375,496.12572,1854.755059,16.13640789,19.47351558,19.07262285,30,44.62073709
UprLksMain,Yukon (CA),2010,355641.8601,17341.93817,180.60938,119.375,289.334495,1666.523113,16.29237195,18.68686709,18.37748181,37,33.05016723
UprLksMain,Yukon (CA),2011,380712.43,18753.19152,147.625,118.91406,302.5591086,1672.668404,15.80948031,18.17679656,17.72300584,27,13.59347759
UprLksMain,Yukon (CA),2012,400715.289,24667.03248,265.26562,155.92188,618.2908988,1842.758914,15.91017567,18.04295453,17.64503945,22,10.01845496
UprLksMain,Yukon (CA),2013,473598.8201,23492.23802,165.20312,106.921875,410.187573,1657.260847,17.27282013,19.67910254,19.2973918,48,63.22423056
UprLksMain,Yukon (CA),2014,654546.4299,25640.17553,163.70312,117.78125,249.2505542,1649.558985,15.55219445,18.985452,18.47554235,9,11.54399783
UprLksMain,Yukon (CA),2015,517770.2201,25653.91487,140.95312,113.96875,421.8384948,1777.341995,15.43033133,19.68954441,19.20011708,43,52.90647249
UprLksMain,Yukon (CA),2016,599535.4101,19948.40372,132.14062,95.734375,496.7097452,1836.360465,16.38923269,19.241334,18.50575089,31,35.46269425
UprLksMain,Yukon (CA),2017,342773.45,24795.41288,179.89062,122.60156,344.7115525,1678.668634,17.10535566,19.545563,19.11327864,43,65.35721565
UprLksMain,Yukon (CA),2018,700230.9798,17488.04289,134.71875,94.5625,290.4197866,1624.963834,17.73577939,19.80649429,19.33371618,29,30.87922607
White-Donjek,Yukon (CA),1980,194581.29,11880.33562,297.07812,51.234375,64.42302159,1666.377212,16.34989278,18.60230094,18.2927589,26,16.92509135
White-Donjek,Yukon (CA),1981,237135.7406,17479.34573,172.84375,40.421875,56.87455451,1664.996385,15.33709573,17.90347497,17.6007488,11,6.046320467
White-Donjek,Yukon (CA),1982,584295.7503,16753.54269,166.78125,32.015625,130.3124872,1664.839448,15.75740225,18.75221007,18.20606058,29,24.19031582
White-Donjek,Yukon (CA),1983,446013.9496,24709.94026,231.59375,56.90625,69.46123971,1652.344453,15.59010014,18.91086659,18.54585116,36,32.47800535
White-Donjek,Yukon (CA),1984,284129.2793,15330.76523,258.875,70.21875,102.724739,1685.439751,17.01778724,17.98931719,17.66685413,24,14.09767823
White-Donjek,Yukon (CA),1985,352164.7201,20197.23296,155.15625,69.84375,127.0466718,1648.398028,15.6604979,19.31386163,18.72274346,40,38.54774554
White-Donjek,Yukon (CA),1986,288919.2501,18841.52723,142.125,63.8125,89.98043432,1646.338114,15.44553115,18.77684413,18.57309204,31,25.8232676
White-Donjek,Yukon (CA),1987,520648.46,18073.88486,51.171875,30.53125,71.12911684,1661.655016,15.28213569,18.75227415,18.27845211,32,29.8072882
White-Donjek,Yukon (CA),1988,282094.34,22669.2221,230.01562,85.84375,117.4198011,1630.3727,15.04508536,18.74654879,18.38401713,32,25.91709549
White-Donjek,Yukon (CA),1989,214091.1601,12079.8629,75.8125,25.46875,111.519048,1616.682763,16.38697283,19.43190068,18.97688335,40,56.47314205
White-Donjek,Yukon (CA),1990,524199.9801,19261.68908,127.25,59,124.0277783,1676.767344,17.25749613,20.02486804,19.77349219,47,65.10130322
White-Donjek,Yukon (CA),1991,268075,20643.37447,279.59375,70.5625,127.0374484,1676.340663,15.79343758,20.21043207,20.01123462,34,58.51373788
White-Donjek,Yukon (CA),1992,298024.06,20480.22667,154.1875,62.0625,103.2230993,1611.059836,15.2026725,20.26738512,19.72251505,40,64.19139151
White-Donjek,Yukon (CA),1993,270056.74,15534.45086,110.984375,74,87.68111644,1665.423009,15.22541781,20.01045033,19.49231392,45,60.91720364
White-Donjek,Yukon (CA),1994,233839.39,11911.86053,142.59375,34.125,81.64050211,1692.391154,16.37819895,19.49042314,18.64995021,39,37.46165202
White-Donjek,Yukon (CA),1995,256409.05,18314.38131,173.51562,57.34375,83.02942018,1686.183117,15.66016304,19.35126634,18.18083872,33,27.63858876
White-Donjek,Yukon (CA),1996,229624.7901,14575.13059,386.51562,49.15625,89.27986337,1675.354551,15.3579049,18.82871948,18.59886109,40,39.88911678
White-Donjek,Yukon (CA),1997,358991.5495,18635.72954,437.23438,79.625,97.15933241,1676.855584,15.87814593,18.42180718,18.24484742,36,29.2170248
White-Donjek,Yukon (CA),1998,127578.05,8465.448166,52.390625,17.390625,63.04099757,1676.236092,15.87993068,19.06719666,18.33788486,26,24.12207963
White-Donjek,Yukon (CA),1999,187572.79,17504.35586,97.171875,33.40625,99.57202178,1666.995308,16.71756567,19.37595571,19.00879322,44,52.61115767
White-Donjek,Yukon (CA),2000,334057.46,24229.1383,334.9375,151.14062,64.65439572,1634.221811,15.21640334,18.16682233,17.32332445,12,5.871316794
White-Donjek,Yukon (CA),2001,246492.72,17115.14921,199.79688,86.359375,116.7984915,1624.839927,15.685443,17.8504594,17.29314793,9,3.527795435
White-Donjek,Yukon (CA),2002,197594.45,11235.35395,366.04688,55.921875,73.6412064,1676.85186,16.48133705,20.21481393,19.73411522,22,37.74552726
White-Donjek,Yukon (CA),2003,191706.1901,16810.70534,102.28125,40.78125,104.5398778,1683.149578,16.40865107,18.71538522,18.25426145,29,23.86532187
White-Donjek,Yukon (CA),2004,168490.9901,11765.91268,71.140625,27.625,132.1902899,1692.187498,16.44585301,20.43320838,19.8677682,53,79.63698413
White-Donjek,Yukon (CA),2005,215137.42,23322.25993,122.546875,60.21875,77.7623095,1665.224691,16.52011297,18.82358081,18.3979441,38,30.23370767
White-Donjek,Yukon (CA),2006,202639.49,16310.96164,94.96875,38.25,66.67612641,1629.691104,15.03381302,18.78607813,18.19764204,20,16.99566233
White-Donjek,Yukon (CA),2007,209880.9596,15827.24519,111.171875,39.265625,83.62271275,1840.643547,15.70529423,19.87811331,19.70171751,42,84.00605592
White-Donjek,Yukon (CA),2008,520630.1001,21341.99981,815.5469,69.3125,114.3632382,1845.212267,16.43212791,19.06555316,18.57950855,27,24.9389897
White-Donjek,Yukon (CA),2009,226807.3499,14059.06875,30.609375,25.8125,117.9372994,1854.755059,16.13640789,19.47351558,19.07262285,30,44.62073709
White-Donjek,Yukon (CA),2010,342670.0821,19915.7835,322.45312,43.03125,123.3399533,1666.523113,16.29237195,18.68686709,18.37748181,37,33.05016723
White-Donjek,Yukon (CA),2011,279202.07,21338.10882,220.75,96.765625,122.8830615,1672.668404,15.80948031,18.17679656,17.72300584,27,13.59347759
White-Donjek,Yukon (CA),2012,399907.39,22152.28129,161.25,67.875,85.33416576,1842.758914,15.91017567,18.04295453,17.64503945,22,10.01845496
White-Donjek,Yukon (CA),2013,393854.13,25685.00626,174.60938,68.46875,78.27212398,1657.260847,17.27282013,19.67910254,19.2973918,48,63.22423056
White-Donjek,Yukon (CA),2014,309163.1401,17722.09395,180.76562,35.6875,35.78820594,1649.558985,15.55219445,18.985452,18.47554235,9,11.54399783
White-Donjek,Yukon (CA),2015,423390.5801,19149.38987,394.03125,58.34375,43.60357478,1777.341995,15.43033133,19.68954441,19.20011708,43,52.90647249
White-Donjek,Yukon (CA),2016,142749.62,11302.07001,146.32812,49.5625,28.45733281,1836.360465,16.38923269,19.241334,18.50575089,31,35.46269425
White-Donjek,Yukon (CA),2017,354469.1498,20969.98322,203.48438,66.3125,50.39049876,1678.668634,17.10535566,19.545563,19.11327864,43,65.35721565
White-Donjek,Yukon (CA),2018,293545.4499,11825.25948,209.23438,65.515625,43.27500667,1624.963834,17.73577939,19.80649429,19.33371618,29,30.87922607
Chena,Yukon (US),1980,162118.54,11464.62287,206.96875,75.28125,58.28922938,1336.519562,10.38138297,18.59312229,17.97402818,18,12.27592034
Chena,Yukon (US),1981,187628.5601,15440.80217,214.125,82.0625,78.61605855,1271.840006,11.79064476,18.20561807,17.82072408,26,15.02542406
Chena,Yukon (US),1982,156679.08,12343.83007,177.625,76.71875,112.4091168,1311.629641,12.51407999,17.95396541,17.53213178,28,8.968996462
Chena,Yukon (US),1983,246486.2801,10413.16086,243.75,57.601562,50.67616475,1335.178548,9.709646389,17.98239521,17.5934083,17,7.428979239
Chena,Yukon (US),1984,177608.56,12574.32183,210.10938,93.34375,145.9537242,1296.057031,11.27074329,17.67949099,17.45738363,20,6.847021299
Chena,Yukon (US),1985,207061.4399,14145.87777,191.35938,110.6875,86.19133365,1243.232006,12.27611806,18.09758024,17.50215558,23,7.156003078
Chena,Yukon (US),1986,418176.4801,12556.94434,532.7969,66.78125,40.8627606,1311.593397,10.16400972,18.60901782,18.14185848,31,24.43749155
Chena,Yukon (US),1987,166771.27,9327.421251,170.26562,49.90625,75.72389962,1321.935091,11.22378141,18.75582466,18.05890616,36,24.25033667
Chena,Yukon (US),1988,133623.42,12676.15595,170.90625,79.59375,70.77089612,1285.579742,11.52459486,18.79832124,18.55773036,29,23.03945582
Chena,Yukon (US),1989,137574.5801,9111.783356,183.625,49.6875,116.4748005,1351.973502,12.64889025,18.46986433,17.66415503,19,10.38457495
Chena,Yukon (US),1990,319750.78,13446.99125,307.9375,99.703125,196.1416554,1334.38024,12.25858847,18.9225445,18.502635,25,23.41675208
Chena,Yukon (US),1991,304015.49,9553.534081,384.51562,84.28125,121.2597377,1316.862727,10.91200049,18.99283982,18.7386573,26,28.09590533
Chena,Yukon (US),1992,192330.84,11302.3634,176.79688,75,127.8581194,1269.972799,13.09305339,17.89635532,17.74205472,20,8.12146872
Chena,Yukon (US),1993,275148.01,11367.07474,350.95312,80.40625,146.8235247,1337.059882,11.9387332,18.05102955,17.76308845,21,12.58604031
Chena,Yukon (US),1994,183834.05,10622.75987,167,48.171875,127.323335,1369.943985,13.86740335,18.07887469,17.47387848,13,5.875714299
Chena,Yukon (US),1995,304803.65,14375.31119,328.79688,79.9375,50.4619691,1332.339551,9.972946159,17.83967371,17.30598995,20,5.813603611
Chena,Yukon (US),1996,230911.68,10160.74268,234.70312,63.78125,144.8066667,1314.302382,10.51698355,19.08881805,18.69994812,27,24.01335193
Chena,Yukon (US),1997,165730.13,7252.282567,300.54688,53.53125,60.33361647,1372.024347,10.12701718,18.82709934,18.2948658,29,28.35927105
Chena,Yukon (US),1998,244566.05,14305.35947,278.45312,59.234375,21.13000482,1157.935803,9.828465008,19.1730997,18.720222,29,34.75678479
Chena,Yukon (US),1999,246661.31,10476.84776,230.39062,42.96875,103.4287564,1403.447623,13.34258754,18.77574542,18.35069932,29,21.3068312
Chena,Yukon (US),2000,396643.5599,15299.97628,488.07812,108.328125,78.69021074,1238.022662,12.21089566,18.11309886,17.82993846,21,8.837706635
Chena,Yukon (US),2001,200408.42,9885.772832,257.65625,63.65625,44.12942246,1299.070528,9.836753252,18.65812243,17.8004268,24,14.53243874
Chena,Yukon (US),2002,455728.2798,14919.13461,645.7656,85.28125,32.8244096,1139.28176,11.1253097,19.26873702,18.61430657,27,24.15510109
Chena,Yukon (US),2003,344586.76,16195.76974,502.625,52.8125,75.99412,1307.218288,11.33356132,18.64121369,18.05628908,30,21.4723062
Chena,Yukon (US),2004,213611.09,7999.763597,188.40625,40.171875,100.3040251,1224.516334,13.71459851,19.10711058,18.94017015,33,40.78939868
Chena,Yukon (US),2005,216146.7901,14961.3552,245.78125,61.484375,94.08487618,1184.189757,13.77839464,18.53213328,18.39258768,30,20.6621089
Chena,Yukon (US),2006,227968.9001,10840.81882,283.01562,69.0625,73.9043662,1294.030902,11.4472463,19.11915636,18.73924728,19,17.82043773
Chena,Yukon (US),2007,291326.08,13144.3979,293.40625,59.171875,48.66838,1386.26299,9.942626155,19.47705048,19.19417545,32,38.89878282
Chena,Yukon (US),2008,365443.9801,13810.97242,530.7656,62.4375,65.53874034,1359.273538,10.58208141,18.59803564,18.13780596,26,14.05335224
Chena,Yukon (US),2009,280066.9299,11107.39592,305.20312,44.40625,89.38549552,1369.61395,13.09549407,18.81263267,18.23257108,27,23.81996739
Chena,Yukon (US),2010,197698.4501,8911.474408,175.34375,45.359375,48.88560167,1379.577638,11.10814502,18.90531576,18.13457339,29,22.32125096
Chena,Yukon (US),2011,173679.0501,12895.50145,287.875,79.28125,92.34609558,1111.074202,11.44394739,17.81681975,17.37465747,14,4.218763811
Chena,Yukon (US),2012,244087.56,10601.69033,240.20312,53.828125,107.8155373,1372.648989,12.55277224,18.24276702,17.56104741,15,5.764495866
Chena,Yukon (US),2013,299555.12,8718.50691,245.15625,43.46875,99.92453666,1214.492678,14.26685543,18.98200549,18.29750734,22,18.49050291
Chena,Yukon (US),2014,422729.33,19952.38059,399.96875,99.671875,44.31690957,1134.651369,9.706817396,17.65727213,17.30593417,15,4.290095326
Chena,Yukon (US),2015,368367.06,16582.14066,506.76562,60.625,75.7443002,1309.924407,11.71770551,19.09563866,18.36544764,32,30.59391102
Chena,Yukon (US),2016,337739.55,20252.28281,481.95312,83.828125,45.13129989,1332.565965,10.19464502,19.521824,19.2682534,38,57.13278283
Chena,Yukon (US),2017,298533.1599,12080.8798,220.67188,58.640625,101.9562355,1416.227181,14.24313419,19.34433963,18.71574256,34,32.84090808
Chena,Yukon (US),2018,341693.8801,16496.44625,317.40625,100.4375,109.4174357,1310.31487,13.96326703,18.41264014,18.2825527,20,17.21815824
EFAndreafsky,Yukon (US),1980,60235.91996,5914.007649,42.734375,42.734375,76.6348183,1476.322763,14.36685631,18.59312229,17.97402818,18,12.27592034
EFAndreafsky,Yukon (US),1981,72845.51001,3951.040527,96.55469,22.765625,151.2813113,1627.154331,15.4699749,18.20561807,17.82072408,26,15.02542406
EFAndreafsky,Yukon (US),1982,125709.75,6074.02316,125.953125,53.5,139.3887277,1444.765873,15.17444899,17.95396541,17.53213178,28,8.968996462
EFAndreafsky,Yukon (US),1983,113221.8701,3672.155791,89.97656,25.984375,32.59069254,1812.235298,14.50180334,17.98239521,17.5934083,17,7.428979239
EFAndreafsky,Yukon (US),1984,101092.98,2890.824772,37.625,14.796875,67.97224458,1607.661397,14.89359405,17.67949099,17.45738363,20,6.847021299
EFAndreafsky,Yukon (US),1985,105952.57,4306.621711,167.03125,49.1875,79.23608049,1429.345379,17.69404773,18.09758024,17.50215558,23,7.156003078
EFAndreafsky,Yukon (US),1986,69732.22998,3663.991776,105.765625,54.375,9.759165026,1768.459581,14.38920934,18.60901782,18.14185848,31,24.43749155
EFAndreafsky,Yukon (US),1987,73016.76993,2406.828947,40.929688,27.71875,165.4341847,1571.245812,15.72182804,18.75582466,18.05890616,36,24.25033667
EFAndreafsky,Yukon (US),1988,92786.25,3301.74379,27.265625,19.40625,252.392986,1720.60012,17.20616545,18.79832124,18.55773036,29,23.03945582
EFAndreafsky,Yukon (US),1989,95073.48999,5187.174342,92.84375,59.75,175.890938,1391.80408,14.36712324,18.46986433,17.66415503,19,10.38457495
EFAndreafsky,Yukon (US),1990,113170.67,5999.960329,74.21875,29.296875,304.2511933,1714.52573,17.52890011,18.9225445,18.502635,25,23.41675208
EFAndreafsky,Yukon (US),1991,54539.84,2982.160792,27.671875,18.21875,201.754391,1735.064468,15.84777981,18.99283982,18.7386573,26,28.09590533
EFAndreafsky,Yukon (US),1992,85748.74004,2820.785098,69.9375,25.21875,173.5061836,1480.318971,16.53691494,17.89635532,17.74205472,20,8.12146872
EFAndreafsky,Yukon (US),1993,119558.27,4680.130791,171.9375,45.3125,102.2652259,1601.18366,15.87497081,18.05102955,17.76308845,21,12.58604031
EFAndreafsky,Yukon (US),1994,166827.85,4871.572434,136.73438,40.40625,164.6097004,1529.046502,16.17597128,18.07887469,17.47387848,13,5.875714299
EFAndreafsky,Yukon (US),1995,45063.23,2555.556382,45.804688,15.515625,18.51386542,1927.598947,17.67292814,17.83967371,17.30598995,20,5.813603611
EFAndreafsky,Yukon (US),1996,54877.05,3244.132159,63.039062,31.578125,79.0624067,1564.70903,13.90956735,19.08881805,18.69994812,27,24.01335193
EFAndreafsky,Yukon (US),1997,94337.45998,3412.176512,45.578125,17.71875,119.9106925,1814.656106,17.53950867,18.82709934,18.2948658,29,28.35927105
EFAndreafsky,Yukon (US),1998,100097.8,5861.337367,107.90625,45.125,71.99691059,1466.567886,15.8409493,19.1730997,18.720222,29,34.75678479
EFAndreafsky,Yukon (US),1999,94223.90004,4256.26408,63.015625,31.203125,51.38454815,1662.740877,15.64981715,18.77574542,18.35069932,29,21.3068312
EFAndreafsky,Yukon (US),2000,92436.68,3723.480132,83.96875,43,76.81947936,1490.744234,13.41116176,18.11309886,17.82993846,21,8.837706635
EFAndreafsky,Yukon (US),2001,121777.83,3975.58579,77.1875,33.71875,86.72053041,1457.517689,15.0964929,18.65812243,17.8004268,24,14.53243874
EFAndreafsky,Yukon (US),2002,85913.4,2876.785987,41.109375,9.25,47.43993614,1862.549753,18.93706754,19.26873702,18.61430657,27,24.15510109
EFAndreafsky,Yukon (US),2003,111924.19,4084.394803,56.796875,32.6875,71.72566304,1617.256979,16.30000498,18.64121369,18.05628908,30,21.4723062
EFAndreafsky,Yukon (US),2004,131446.81,2871.400392,70.46875,29.46875,29.81847738,1975.804338,18.36237763,19.10711058,18.94017015,33,40.78939868
EFAndreafsky,Yukon (US),2005,128594.73,4650.533881,117.859375,27.421875,70.7814735,1741.155165,16.6023706,18.53213328,18.39258768,30,20.6621089
EFAndreafsky,Yukon (US),2006,85196.20997,3307.845395,104.28125,29.171875,38.14258351,1741.411384,16.07836697,19.11915636,18.73924728,19,17.82043773
EFAndreafsky,Yukon (US),2007,110009.37,5323.265132,80.828125,26.5,32.66435661,1906.992783,17.29839807,19.47705048,19.19417545,32,38.89878282
EFAndreafsky,Yukon (US),2008,38338.39,2883.20915,29.054688,25.8125,127.0719746,1564.541358,15.37727797,18.59803564,18.13780596,26,14.05335224
EFAndreafsky,Yukon (US),2009,87527.15998,3736.918816,54.609375,19.40625,267.7336736,1622.539184,15.32104247,18.81263267,18.23257108,27,23.81996739
EFAndreafsky,Yukon (US),2010,128459.7201,4241.189737,107.9375,35.0625,69.22463165,1510.335895,14.85107232,18.90531576,18.13457339,29,22.32125096
EFAndreafsky,Yukon (US),2011,96398.70999,4366.146777,75.8125,31.984375,78.70976919,1468.591019,13.87509414,17.81681975,17.37465747,14,4.218763811
EFAndreafsky,Yukon (US),2012,128125.65,6029.773659,143.79688,40.859375,55.5008006,1581.315675,17.31911621,18.24276702,17.56104741,15,5.764495866
EFAndreafsky,Yukon (US),2013,72500.39004,3693.534145,135.03125,29.5,68.0991502,1528.956598,18.28019112,18.98200549,18.29750734,22,18.49050291
EFAndreafsky,Yukon (US),2014,57420.78012,3293.973884,43.515625,18.578125,24.77422886,1950.56549,18.33744441,17.65727213,17.30593417,15,4.290095326
EFAndreafsky,Yukon (US),2015,123775.3799,4764.957761,85.390625,29.5625,52.17226917,1796.347311,18.10507397,19.09563866,18.36544764,32,30.59391102
EFAndreafsky,Yukon (US),2016,105245.02,6023.057515,47.6875,23.96875,4.90318762,2122.689421,17.77836111,19.521824,19.2682534,38,57.13278283
EFAndreafsky,Yukon (US),2017,143075.1401,5260.236579,116.14844,23.1875,37.68694503,1946.317156,16.47807051,19.34433963,18.71574256,34,32.84090808
EFAndreafsky,Yukon (US),2018,69347.67002,4028.198092,82.9375,32.875,70.32525548,1613.966919,15.07167566,18.41264014,18.2825527,20,17.21815824
Gisasa,Yukon (US),1980,53029.56003,3443.543594,13.109375,16.265625,68.32240573,1422.011473,15.36977316,18.59312229,17.97402818,18,12.27592034
Gisasa,Yukon (US),1981,54310.90002,2818.534079,34.328125,15.515625,188.897623,1415.800603,13.35034927,18.20561807,17.82072408,26,15.02542406
Gisasa,Yukon (US),1982,75569.50997,4025.007236,55.625,35.65625,165.3806689,1329.664651,12.63604691,17.95396541,17.53213178,28,8.968996462
Gisasa,Yukon (US),1983,84979.84,2823.552567,48.5,9.2578125,62.45691108,1613.701021,17.40834301,17.98239521,17.5934083,17,7.428979239
Gisasa,Yukon (US),1984,115303.05,3051.927647,18.21875,7.53125,117.0793666,1603.315688,14.60570222,17.67949099,17.45738363,20,6.847021299
Gisasa,Yukon (US),1985,72667.20998,3847.024868,59.765625,17.8125,261.9688327,1421.877571,17.23817721,18.09758024,17.50215558,23,7.156003078
Gisasa,Yukon (US),1986,92736.75002,4515.838814,39.953125,17,131.7009395,1412.689402,14.01322266,18.60901782,18.14185848,31,24.43749155
Gisasa,Yukon (US),1987,45633.85998,2751.71783,23.703125,19.546875,197.9931747,1423.130339,14.62537164,18.75582466,18.05890616,36,24.25033667
Gisasa,Yukon (US),1988,67312.08,3100.970784,11.078125,10.03125,270.5034942,1572.257204,15.77898003,18.79832124,18.55773036,29,23.03945582
Gisasa,Yukon (US),1989,68007.65998,4099.320855,41.015625,24.65625,200.8463843,1354.96888,12.64743492,18.46986433,17.66415503,19,10.38457495
Gisasa,Yukon (US),1990,94388.85003,4418.766841,31.0625,10.4375,359.2920212,1619.644179,16.88114585,18.9225445,18.502635,25,23.41675208
Gisasa,Yukon (US),1991,41871.42995,2385.312303,15.890625,10.03125,230.6801279,1571.02602,13.60289325,18.99283982,18.7386573,26,28.09590533
Gisasa,Yukon (US),1992,51079.86,1915.436604,33.34375,16.1875,235.4598505,1389.491258,15.41505055,17.89635532,17.74205472,20,8.12146872
Gisasa,Yukon (US),1993,116689.5899,3864.926118,37.28125,22.171875,128.5657509,1456.723671,17.70396609,18.05102955,17.76308845,21,12.58604031
Gisasa,Yukon (US),1994,151344.7999,3849.466908,87.46875,25.25,196.1303701,1420.375323,15.56066786,18.07887469,17.47387848,13,5.875714299
Gisasa,Yukon (US),1995,36689.75998,1851.348092,17.484375,11.8359375,50.24499637,1583.963254,16.4112325,17.83967371,17.30598995,20,5.813603611
Gisasa,Yukon (US),1996,49355.01,2217.14353,28.1875,13.15625,129.5770321,1410.858815,12.84147687,19.08881805,18.69994812,27,24.01335193
Gisasa,Yukon (US),1997,66896.99994,3097.823091,23.179688,8.3125,168.8131742,1653.764186,17.23817721,18.82709934,18.2948658,29,28.35927105
Gisasa,Yukon (US),1998,71500.57002,4731.662564,68.03125,31.359375,97.07990037,1405.973314,14.52073793,19.1730997,18.720222,29,34.75678479
Gisasa,Yukon (US),1999,44718.51997,3049.192041,34.8125,16.3125,86.44301777,1472.634179,14.66631202,18.77574542,18.35069932,29,21.3068312
Gisasa,Yukon (US),2000,59792.84002,2283.595948,24.9375,12.40625,173.7726191,1445.713394,12.77113136,18.11309886,17.82993846,21,8.837706635
Gisasa,Yukon (US),2001,85366.60996,2338.29421,22.59375,12.078125,131.3956511,1399.443198,15.34759726,18.65812243,17.8004268,24,14.53243874
Gisasa,Yukon (US),2002,69066.17997,1990.009145,19.46875,8.875,84.92822055,1580.370448,17.4932701,19.26873702,18.61430657,27,24.15510109
Gisasa,Yukon (US),2003,56790.42,2566.19704,38.34375,14.21875,106.1106619,1511.965465,17.14051581,18.64121369,18.05628908,30,21.4723062
Gisasa,Yukon (US),2004,95467.97005,2065.180523,24.203125,7.71875,171.4885908,1625.988432,15.66952381,19.10711058,18.94017015,33,40.78939868
Gisasa,Yukon (US),2005,75845.07,3376.550526,36.40625,11.6875,162.3315517,1680.122795,16.92788162,18.53213328,18.39258768,30,20.6621089
Gisasa,Yukon (US),2006,62667.56004,3047.873422,63.382812,14.546875,61.46103913,1558.392897,14.23591972,19.11915636,18.73924728,19,17.82043773
Gisasa,Yukon (US),2007,71215.70998,4136.22263,34.21875,14.875,56.93364412,1727.183898,15.48382204,19.47705048,19.19417545,32,38.89878282
Gisasa,Yukon (US),2008,47778.95001,2405.808234,16.734375,10.03125,212.0234309,1533.181367,14.96180703,18.59803564,18.13780596,26,14.05335224
Gisasa,Yukon (US),2009,60414.6199,2755.031776,16.875,7.4375,371.9005334,1575.303578,16.02163249,18.81263267,18.23257108,27,23.81996739
Gisasa,Yukon (US),2010,91744.53004,3202.542567,31.484375,13.625,103.1311887,1569.653623,16.74816516,18.90531576,18.13457339,29,22.32125096
Gisasa,Yukon (US),2011,56539.32,3405.311711,35.09375,15.125,193.282904,1487.950477,13.63931409,17.81681975,17.37465747,14,4.218763811
Gisasa,Yukon (US),2012,96114.12998,4802.270784,63.828125,14.796875,74.45193599,1506.39604,15.94059185,18.24276702,17.56104741,15,5.764495866
Gisasa,Yukon (US),2013,72654.71,3775.54125,90.58594,9.1875,106.160185,1583.979432,18.42469078,18.98200549,18.29750734,22,18.49050291
Gisasa,Yukon (US),2014,55084.95002,3195.784539,41.546875,24.484375,13.65039855,1592.033363,15.09273582,17.65727213,17.30593417,15,4.290095326
Gisasa,Yukon (US),2015,92453.86991,3505.896643,32.609375,7.625,54.12772949,1731.669427,18.16694098,19.09563866,18.36544764,32,30.59391102
Gisasa,Yukon (US),2016,71891.59002,4276.590522,51.296875,21.21875,39.74964412,1730.8775,13.42077935,19.521824,19.2682534,38,57.13278283
Gisasa,Yukon (US),2017,96305.78,3568.353422,35.414062,11.28125,120.0825125,1775.075193,16.20284139,19.34433963,18.71574256,34,32.84090808
Gisasa,Yukon (US),2018,69842.49999,3266.236712,35.5625,16.28125,125.1508543,1470.950145,16.86762596,18.41264014,18.2825527,20,17.21815824
Salcha,Yukon (US),1980,252359.94,13944.48385,127.46875,98.953125,70.86827466,1579.62164,14.11988217,18.59312229,17.97402818,18,12.27592034
Salcha,Yukon (US),1981,186756.0697,18389.12289,159.35938,124.75,101.7789128,1375.771661,13.0207192,18.20561807,17.82072408,26,15.02542406
Salcha,Yukon (US),1982,142615.72,12945.86013,145.78125,105.125,119.4116704,1391.705287,12.57692433,17.95396541,17.53213178,28,8.968996462
Salcha,Yukon (US),1983,214365.1,13177.37869,131.42188,106.9375,68.56014377,1559.921965,13.37900968,17.98239521,17.5934083,17,7.428979239
Salcha,Yukon (US),1984,201519.88,14957.37915,217,127.90625,137.1081035,1338.684811,11.84351977,17.67949099,17.45738363,20,6.847021299
Salcha,Yukon (US),1985,230273.52,15054.52092,101.25,97.796875,107.3256672,1394.086774,14.08957021,18.09758024,17.50215558,23,7.156003078
Salcha,Yukon (US),1986,460444.86,15735.20526,179.625,102.40625,50.64460741,1568.707609,12.9087137,18.60901782,18.14185848,31,24.43749155
Salcha,Yukon (US),1987,208772.48,10267.7023,113.078125,75.8125,73.309231,1641.201349,14.7873306,18.75582466,18.05890616,36,24.25033667
Salcha,Yukon (US),1988,174838.52,13887.82072,159.78125,139.6875,82.84934574,1440.840097,12.46005041,18.79832124,18.55773036,29,23.03945582
Salcha,Yukon (US),1989,224327.29,9423.98033,98.6875,87.53125,147.3423198,1453.063759,14.9771078,18.46986433,17.66415503,19,10.38457495
Salcha,Yukon (US),1990,402666.53,14596.9729,196.1875,131.78125,220.9168884,1341.816302,15.51837421,18.9225445,18.502635,25,23.41675208
Salcha,Yukon (US),1991,292634.2901,10018.75901,150.92188,98.03125,118.4599274,1478.741196,14.16463541,18.99283982,18.7386573,26,28.09590533
Salcha,Yukon (US),1992,220240.61,12695.9034,179.70312,94.625,137.7736429,1397.205688,12.88529674,17.89635532,17.74205472,20,8.12146872
Salcha,Yukon (US),1993,334191.81,12502.41895,130.1875,104.515625,165.6852504,1413.660761,15.80236298,18.05102955,17.76308845,21,12.58604031
Salcha,Yukon (US),1994,191612.09,9150.887435,85.765625,104.34375,128.6503959,1546.740232,15.71682516,18.07887469,17.47387848,13,5.875714299
Salcha,Yukon (US),1995,395655.3301,15509.50658,155.8125,115.96875,64.14032632,1548.640402,14.26526172,17.83967371,17.30598995,20,5.813603611
Salcha,Yukon (US),1996,207351.9,8984.733073,120.984375,84.5,153.3600259,1372.938457,11.73570814,19.08881805,18.69994812,27,24.01335193
Salcha,Yukon (US),1997,188462.46,7446.635989,155.9375,91.71875,74.19218416,1635.977747,15.29633405,18.82709934,18.2948658,29,28.35927105
Salcha,Yukon (US),1998,187856.39,13497.44856,149.17188,94.515625,23.91144265,1401.694004,11.90369434,19.1730997,18.720222,29,34.75678479
Salcha,Yukon (US),1999,178902.28,11097.43,149.15625,70.6875,94.78150077,1593.628331,14.9617806,18.77574542,18.35069932,29,21.3068312
Salcha,Yukon (US),2000,336901.38,15075.42412,208.51562,127.25,87.62277708,1377.130763,13.62338019,18.11309886,17.82993846,21,8.837706635
Salcha,Yukon (US),2001,257345.04,10904.34125,188.28125,99.0625,63.79110176,1510.280092,12.09407107,18.65812243,17.8004268,24,14.53243874
Salcha,Yukon (US),2002,515856.9201,16621.34777,239.26562,120.625,34.32515993,1391.136105,13.33761659,19.26873702,18.61430657,27,24.15510109
Salcha,Yukon (US),2003,436119.11,18011.17776,221.25,97.21875,114.6821567,1419.0907,11.45848194,18.64121369,18.05628908,30,21.4723062
Salcha,Yukon (US),2004,191958.31,8934.655557,89.9375,55.421875,114.2484605,1658.359939,15.39673435,19.10711058,18.94017015,33,40.78939868
Salcha,Yukon (US),2005,285072.31,15487.07138,104.328125,111.75,127.7571648,1522.108713,15.2930014,18.53213328,18.39258768,30,20.6621089
Salcha,Yukon (US),2006,253209.14,13799.6879,124.984375,83.140625,81.15813082,1525.91182,13.95322292,19.11915636,18.73924728,19,17.82043773
Salcha,Yukon (US),2007,344627.0799,14894.65968,165.51562,79.96875,62.06931669,1604.710741,13.36103736,19.47705048,19.19417545,32,38.89878282
Salcha,Yukon (US),2008,245811.7299,13672.30288,241.35938,88.40625,85.09554763,1462.108883,10.03086243,18.59803564,18.13780596,26,14.05335224
Salcha,Yukon (US),2009,255926.86,12237.97901,133.67188,80.25,112.5058982,1612.194705,15.7080857,18.81263267,18.23257108,27,23.81996739
Salcha,Yukon (US),2010,205519.2099,12451.27809,94.984375,82.53125,64.45449435,1654.204486,16.20473919,18.90531576,18.13457339,29,22.32125096
Salcha,Yukon (US),2011,205116.45,15557.30928,154.42188,106.78125,91.60646043,1468.414345,12.80175549,17.81681975,17.37465747,14,4.218763811
Salcha,Yukon (US),2012,256765.96,12724.10791,75.03125,76.28125,115.7107706,1530.251525,14.83575094,18.24276702,17.56104741,15,5.764495866
Salcha,Yukon (US),2013,249256.4801,9952.815199,115.03125,67.78125,143.5317528,1513.039373,17.32178692,18.98200549,18.29750734,22,18.49050291
Salcha,Yukon (US),2014,376214.28,17889.48526,173.6875,133.48438,41.62792407,1368.488781,11.62488643,17.65727213,17.30593417,15,4.290095326
Salcha,Yukon (US),2015,412267.7999,15988.53434,196.625,106.140625,84.77905493,1507.930545,12.96200259,19.09563866,18.36544764,32,30.59391102
Salcha,Yukon (US),2016,290801.9,20408.00411,235.10938,122.4375,50.23473021,1516.740073,11.92460763,19.521824,19.2682534,38,57.13278283
Salcha,Yukon (US),2017,410731.13,14217.71257,101.796875,75.5,134.0871404,1632.053994,15.88369003,19.34433963,18.71574256,34,32.84090808
Salcha,Yukon (US),2018,477853.0296,18120.98329,183.875,132.8125,137.7043279,1394.749167,14.49759013,18.41264014,18.2825527,20,17.21815824