Year,Population,Subrigion,RiverBasin,logspawners,logrecruits,spawn.error,rec.error,SummerSST,WinterSST,MarineCompetitorsIndex,IceConcentrationIndex,BodySize,Uwind,RiverIceBreakup,max5dprcp_stand,maxq_spawn,mean_swe_icu,mean_swe_rear,medq_rear,mnprcp_rear_stand,maxDaily_spawn_stand,maxDaily_migrate,cdd_rear
1983,Aniak,Kuskokwim,Kuskokwim,9.105149485,10.02572756,0.121836655,0.319869465,-0.660522792,0.28175755,-1.3445648,-0.126869775,1.492710201,-0.049611727,1.675664633,-0.649793307,0.196711006,-1.426712831,-0.338869349,-1.402671196,-1.605746299,-1.299385748,0.819732697,-1.150093086
1984,Aniak,Kuskokwim,Kuskokwim,8.830778734,9.320682285,0.461662366,0.525560082,0.985020665,0.82020212,-1.489833947,-0.126869775,1.212412137,0.410774907,0.406154474,0.759260798,-1.584175888,-0.338869349,-0.106949297,1.028077872,-0.20000525,-1.150093086,-0.022202236,-1.67523089
1985,Aniak,Kuskokwim,Kuskokwim,8.471459789,9.904205076,0.482078575,0.345393372,-0.404228084,0.258006668,-1.27917655,-1.125804589,1.568583764,-0.335565368,0.867794532,-0.355227574,0.867600116,-0.106949297,-1.469852685,0.272875424,-0.506860488,-1.67523089,-1.682641954,-0.927091293
1986,Aniak,Kuskokwim,Kuskokwim,8.1834175,9.81052866,0.121857615,0.419320327,-0.805099294,-0.346118634,-1.295741835,0.044119074,1.127390713,0.533319712,0.059924431,-0.219894543,0.469547606,-1.469852685,0.26257826,-0.061666079,-1.052563403,-0.927091293,-0.215850394,-2.019745252
1987,Aniak,Kuskokwim,Kuskokwim,8.924234952,9.559105752,0.117734876,0.441595387,1.462123121,-0.168182843,-1.11856755,-0.333856261,0.801156433,2.009610415,0.059924431,-0.562836096,-1.396181338,0.26257826,2.098644263,-0.531065188,-0.551652361,-2.019745252,-1.219385729,1.188996386
1988,Aniak,Kuskokwim,Kuskokwim,8.755848516,10.67763768,0.113492457,0.235257286,1.242629705,-0.450256782,-1.123159668,-0.315857452,0.871173652,0.183154663,-0.517125642,0.286613588,-0.805357647,2.098644263,0.683210097,1.721293443,0.655589126,1.188996386,0.03832771,0.762575791
1989,Aniak,Kuskokwim,Kuskokwim,9.457242426,10.27205754,0.116492176,0.456619482,0.719525634,-0.319203977,-1.163538411,0.035119662,0.499952344,1.905602694,-0.286305613,0.05555828,0.439523073,0.683210097,3.434627747,-0.309614802,0.817046074,0.762575791,-0.829329241,1.527254191
1990,Aniak,Kuskokwim,Kuskokwim,9.21372088,10.03850168,0.099891336,0.495931119,-0.652636801,-0.535051202,-0.409177252,0.755072677,0.002418195,1.412793001,1.560254619,-1.622196063,0.434973902,3.434627747,0.481461549,0.567669421,-1.631509891,1.527254191,-0.012984539,0.309672284
1991,Aniak,Kuskokwim,Kuskokwim,8.931957083,9.621671719,0.092987058,0.446951929,0.561805814,0.268640913,0.239678913,-0.459848028,0.202147697,1.764180422,-0.9787657,-0.450713602,-0.216240078,0.481461549,0.689954358,-1.046363203,-0.527007708,0.309672284,0.076228505,1.187794876
1992,Aniak,Kuskokwim,Kuskokwim,9.441825416,9.681025657,0.102863814,0.526031025,1.313603624,-0.840046133,0.662912275,-0.44184922,0.338248855,1.299144904,-0.401715627,-0.180858276,-0.399799077,0.689954358,0.163845034,0.901264403,-0.32941519,1.187794876,0.37883035,-0.314740555
1993,Aniak,Kuskokwim,Kuskokwim,9.799278209,9.863246539,0.089637855,0.505074608,-0.40817108,0.768520328,0.87285227,0.521087951,0.328891266,-1.330623288,-0.517125642,0.919495682,0.714065649,0.163845034,0.932706976,1.494164841,-0.461813826,-0.314740555,1.395896597,0.801275429
1994,Aniak,Kuskokwim,Kuskokwim,9.996653368,8.760688962,0.097038377,0.503023007,0.088646354,-0.837131325,0.379401207,-0.92781748,0.36030738,-0.487292726,-0.170895598,0.011922287,0.472732026,0.932706976,-0.958422934,1.597792114,1.418300485,0.801275429,-1.38355906,0.032029931
1995,Aniak,Kuskokwim,Kuskokwim,9.949137085,9.508673733,0.118939397,0.466111642,0.055788058,-0.972404924,0.133278485,0.431093828,0.352492657,0.651356856,-0.9787657,-1.448570224,0.255509157,-0.958422934,-0.681773888,-0.080593462,-0.830212036,0.032029931,0.159708114,-0.904785335
1996,Aniak,Kuskokwim,Kuskokwim,9.534297889,9.221938331,0.233744401,0.546233419,-0.019128857,-0.690993441,-0.261924091,0.773071539,0.187642788,1.976581097,-0.517125642,-0.46392405,-0.690946055,-0.681773888,0.049585917,-1.704562963,-1.231298496,-0.904785335,1.470411052,0.857166951
1997,Aniak,Kuskokwim,Kuskokwim,9.509324988,10.0303923,0.112216478,0.34420431,-1.949882321,-1.612129615,-0.384439504,0.935060923,-0.67726679,-0.790827155,0.867794532,-0.759474911,0.693594231,0.049585917,-0.451793416,0.138017817,0.601486545,0.857166951,0.648277683,-1.235914492
1998,Aniak,Kuskokwim,Kuskokwim,9.18487786,10.67739725,0.116168413,0.314003609,-0.505431635,1.750688392,-0.105968147,0.692076793,-1.058183776,-0.194070259,-0.055485584,0.363390367,-0.685941967,-0.451793416,-0.834572014,-0.32286397,0.302616063,-1.235914492,-0.971021689,-0.372855558
1999,Aniak,Kuskokwim,Kuskokwim,8.730326882,10.02138612,0.300168723,0.457285033,-1.341346682,-0.934909891,-0.116923799,-1.125804589,-0.106185171,0.43946759,0.636974503,-0.908466011,-0.57676185,-0.834572014,-0.333793168,-0.332327662,0.052887493,-0.372855558,0.022747729,-1.236264689
2000,Aniak,Kuskokwim,Kuskokwim,8.309964961,10.4778265,0.120298356,0.481827958,-2.227206339,1.238742079,0.226912612,-0.369853905,-0.13581215,-0.705744345,0.406154474,2.792201647,-1.229909191,-0.333793168,1.180799275,0.284231854,2.582978245,-1.236264689,1.584953714,0.842754861
2001,Aniak,Kuskokwim,Kuskokwim,9.257830937,10.66465267,0.21774768,0.413249998,0.488203232,0.27622058,0.395191846,-1.089806972,-0.128795344,0.153704485,-0.9787657,0.436962603,-0.611676778,1.180799275,-0.738472686,-1.12443866,-0.14831931,0.842754861,-1.519306721,0.291875521
2002,Aniak,Kuskokwim,Kuskokwim,9.675997242,10.44691248,0.096588713,0.412285989,0.24373751,1.040137648,0.358632698,-0.945816289,-0.315433857,0.742252827,-0.9787657,0.618378343,-0.588703389,-0.738472686,-0.435323164,-0.02570405,-0.210989894,0.291875521,1.878364155,-0.811661119
2003,Aniak,Kuskokwim,Kuskokwim,10.02285094,10.58926336,0.107429527,0.354545766,-0.019128857,-0.734980547,0.342849731,-1.125804589,0.251120119,0.914348523,-0.170895598,1.22670706,0.223892342,-0.435323164,0.164107186,-1.767496512,0.028296532,-0.811661119,0.034513576,0.71785293
2004,Aniak,Kuskokwim,Kuskokwim,10.2622276,9.744430507,0.104137786,0.575834878,0.622265079,-0.846140732,0.15124071,-0.270860377,-0.472618992,-0.311288039,1.444844604,0.288969563,-1.449065493,0.164107186,-0.000241861,-0.830827699,0.597526346,0.71785293,0.32361089,0.708994579
2005,Aniak,Kuskokwim,Kuskokwim,10.37075404,9.289216528,0.099359111,0.318542124,0.758955589,-1.121271254,-0.073680463,0.404095588,-0.448089009,-2.127747297,-0.863355685,0.368900109,-0.265257292,-0.000241861,-0.345719803,-0.26087679,0.204374621,0.708994579,1.62142766,-0.385263761
2006,Aniak,Kuskokwim,Kuskokwim,10.31007105,8.568600411,0.108413068,0.43389285,1.593556304,-1.085155005,0.394201158,1.844001615,-0.773056323,1.042119424,0.29074446,-0.267727875,2.892208984,-0.345719803,-0.744844446,-0.19794324,0.428325923,-0.385263761,0.986785343,-0.066667902
2007,Aniak,Kuskokwim,Kuskokwim,10.04842552,8.812232225,0.089110067,0.334090641,-0.003356875,-0.754324274,0.221592639,2.086985746,-1.723885667,-1.128539204,-0.170895598,-0.299291568,-0.288230681,-0.744844446,1.450640725,0.183916722,-0.635426004,-0.066667902,0.992155065,0.494286298
2008,Aniak,Kuskokwim,Kuskokwim,9.712017194,9.260184581,0.104401246,0.416504565,2.224435585,-0.842695959,0.244546513,1.924996468,-0.940204655,0.910072248,0.752384517,-0.815611465,-1.256862996,1.450640725,0.972314613,-1.120653183,-0.992182979,0.494286298,-1.577920778,1.780132029
2009,Aniak,Kuskokwim,Kuskokwim,9.493952382,9.864664544,0.197036526,0.252134771,0.702439321,-1.793482516,0.450328684,0.440093232,-0.397059713,-0.441855231,0.059924431,-0.697146169,-0.449043822,0.972314613,-0.40407601,0.732337657,-0.614930154,1.780132029,0.325942665,-0.226464444
2010,Aniak,Kuskokwim,Kuskokwim,8.387694591,9.111585361,0.255416543,0.30425344,-0.674980442,-1.389752462,0.776374563,2.806938732,-1.486390459,0.035055439,0.521564488,-0.616302904,0.464884741,-0.40407601,0.358898375,0.430919076,-0.819487111,-0.226464444,-0.157317134,-0.348919224
2011,Aniak,Kuskokwim,Kuskokwim,8.31216441,9.048050122,0.118997361,0.31566814,1.229486386,0.400999704,0.869724829,1.394030972,-1.519215157,-0.677629351,2.137304691,0.570309756,-0.533089803,0.358898375,0.530591711,1.593533604,1.167711903,-0.348919224,-0.724651433,-0.905331723
2012,Aniak,Kuskokwim,Kuskokwim,8.486710886,9.329276417,0.109719248,0.349966268,1.901109954,1.026358554,1.287236284,-1.107805781,-0.855110859,0.789675236,-0.9787657,-0.064802718,1.419187238,0.530591711,0.344275079,-1.196835901,-0.898497694,-0.905331723,-1.290840563,0.941599661
2013,Aniak,Kuskokwim,Kuskokwim,8.308439508,9.872025802,0.08739532,0.354746129,0.666952361,1.57609109,1.459631122,-1.116805185,-0.372254211,1.930878401,-0.747945671,-1.684317281,1.678262485,0.344275079,-1.29689495,-1.027909004,-0.536559168,0.941599661,1.227247535,0.184002189
1985,Carmacks,Yukon (CA),Yukon,8.295893558,9.062744797,0.189503767,0.362340899,0.048822006,0.258006668,-1.27917655,-1.125804589,0.503640325,-0.335565368,0.736646271,0.693389618,-0.448959139,0.6820772,0.836161028,2.040056362,0.335875493,-1.556788221,-0.359244882,-1.470000471
1986,Carmacks,Yukon (CA),Yukon,8.74730929,10.01280866,0.182087454,0.279004725,-0.291208909,-0.346118634,-1.295741835,0.044119074,0.223767349,0.533319712,-0.851150873,-0.77222713,0.417075693,0.836161028,-0.378983111,-0.143528251,-0.526840657,-1.470000471,-1.034022367,0.438589976
1987,Carmacks,Yukon (CA),Yukon,8.478465389,9.434905922,0.175393758,0.368862503,1.274494666,-0.168182843,-1.11856755,-0.333856261,2.133267458,2.009610415,-1.248100159,-0.978814316,0.699999334,-0.378983111,0.318684805,2.241761582,0.963914186,0.438589976,-0.58847819,-1.085550532
1988,Carmacks,Yukon (CA),Yukon,8.505272292,9.84552683,0.146923889,0.310446041,0.683777694,-0.450256782,-1.123159668,-0.315857452,1.229346002,0.183154663,-1.049625516,-0.201599691,0.425531689,0.318684805,0.251102252,-1.274082415,-0.82802821,-1.085550532,-0.296037085,0.227941704
1989,Carmacks,Yukon (CA),Yukon,8.333567398,9.87731176,0.192149243,0.328467309,2.252950972,-0.319203977,-1.163538411,0.035119662,2.077117343,1.905602694,-0.851150873,0.153558367,-1.11287225,0.251102252,2.234416383,0.121344439,1.032142236,0.227941704,0.800609648,-0.677081589
1990,Carmacks,Yukon (CA),Yukon,7.857603098,8.817518596,0.375963346,0.516904733,-0.481175159,-0.535051202,-0.409177252,0.755072677,0.605303195,1.412793001,0.538171628,1.772254644,-0.765119428,2.234416383,3.777688743,0.974105294,1.732024246,-0.677081589,1.397185183,-1.094791116
1991,Carmacks,Yukon (CA),Yukon,8.643127017,10.84485744,0.171788009,0.145347447,0.10173498,0.268640913,0.239678913,-0.459848028,0.519564766,1.764180422,-1.248100159,-0.468242033,0.391472892,3.777688743,0.428875761,0.623095144,-0.173664001,-1.094791116,1.974449605,-1.337337477
1992,Carmacks,Yukon (CA),Yukon,8.863456955,8.894566116,0.204705391,0.455268574,0.042750026,-0.840046133,0.662912275,-0.44184922,-1.061892755,1.299144904,-0.851150873,0.071896244,-0.478085347,0.428875761,-0.681488526,0.094785389,1.410237021,-1.337337477,-1.065689143,-0.817919878
1993,Carmacks,Yukon (CA),Yukon,8.555929139,9.878883437,0.15982108,0.261662774,0.348951334,0.768520328,0.87285227,0.521087951,-0.821515928,-1.330623288,-0.65267623,-0.503557236,-0.319535425,-0.681488526,0.680980129,-0.580675861,-0.958215652,-0.817919878,0.743147686,1.109362529
1994,Carmacks,Yukon (CA),Yukon,8.627874447,9.441677559,0.144306977,0.210670254,-1.117865699,-0.837131325,0.379401207,-0.92781748,0.891616251,-0.487292726,0.339696985,1.467947277,1.297204002,0.680980129,0.771770761,-0.927738067,0.353045876,1.109362529,0.26471576,1.705519581
1995,Carmacks,Yukon (CA),Yukon,8.974152995,8.566340453,0.181176605,0.389943213,-0.053534238,-0.972404924,0.133278485,0.431093828,1.664572407,0.651356856,-0.255726944,-0.079927607,-0.864947157,0.771770761,0.79229102,-0.729980792,-0.364832326,1.705519581,0.316801053,-1.033733765
1996,Carmacks,Yukon (CA),Yukon,9.164184784,8.990346111,0.108569773,0.330470619,-1.531627807,-0.690993441,-0.261924091,0.773071539,0.837133129,1.976581097,-0.255726944,-1.1577916,-0.067499771,0.79229102,-0.39131968,-0.48448903,-0.626208924,-1.033733765,-0.333776767,0.991370582
1997,Carmacks,Yukon (CA),Yukon,9.630263488,9.687449806,0.129667628,0.212305263,-1.987026354,-1.612129615,-0.384439504,0.935060923,0.225062571,-0.790827155,0.538171628,-1.386252282,-0.756193655,-0.39131968,-1.193183761,-1.524598861,-1.875725854,0.991370582,-0.511355832,1.181894987
1998,Carmacks,Yukon (CA),Yukon,8.462801468,9.472940266,0.194516066,0.247880071,-0.154155632,1.750688392,-0.105968147,0.692076793,-0.535231891,-0.194070259,-0.057252301,-1.275065828,-0.401981385,-1.193183761,-0.532004043,-0.514637141,-0.127263691,1.181894987,-0.029436598,1.139581969
1999,Carmacks,Yukon (CA),Yukon,8.613395756,9.068028253,0.180849534,0.318592747,-0.091700974,-0.934909891,-0.116923799,-1.125804589,0.356816741,0.43946759,0.538171628,1.000059265,-0.635460825,-0.532004043,-0.931258841,2.033596053,2.003258732,1.139581969,0.887017246,0.056986753
2000,Carmacks,Yukon (CA),Yukon,8.631347593,10.59580378,0.130429675,0.095667085,-0.227019399,1.238742079,0.226912612,-0.369853905,-0.850920667,-0.705744345,1.332070201,-0.33588273,2.369001551,-0.931258841,-0.572203237,0.966927172,-0.583946387,0.056986753,-1.665568422,0.594506869
2001,Carmacks,Yukon (CA),Yukon,8.814828827,9.695012641,0.202959534,0.142624235,0.063568245,0.27622058,0.395191846,-1.089806972,0.194985907,0.153704485,-0.851150873,0.768630641,-0.518251327,-0.572203237,-1.062810586,-0.925225701,0.064172306,0.594506869,-1.676630904,0.00549319
2002,Carmacks,Yukon (CA),Yukon,8.56488007,8.942108712,0.170463036,0.369968917,-0.07175018,1.040137648,0.358632698,-0.945816289,-0.660071922,0.742252827,-0.255726944,-1.087603225,-0.506976666,-1.062810586,1.339252649,-0.795301699,-1.727992002,0.00549319,1.319977083,-0.466155837
2003,Carmacks,Yukon (CA),Yukon,9.016189082,10.01896033,0.140558246,0.064116093,-0.678948243,-0.734980547,0.342849731,-1.125804589,0.890226185,0.914348523,-1.248100159,-0.179267766,-0.894073365,1.339252649,0.140830815,-0.730698604,-1.141115282,-0.466155837,-0.330992949,-0.798149499
2004,Carmacks,Yukon (CA),Yukon,8.750789797,9.234496646,0.140026173,0.118905097,0.580554024,-0.846140732,0.15124071,-0.270860377,1.170287885,-0.311288039,1.133595558,0.757512445,-0.837934948,0.140830815,-0.977545687,-0.141374814,1.745026379,-0.798149499,1.635398443,0.190254554
2005,Carmacks,Yukon (CA),Yukon,9.36683392,9.722786818,0.093670754,0.097431044,0.957016822,-1.121271254,-0.073680463,0.404095588,0.356061511,-2.127747297,-0.255726944,-0.652954438,1.861759207,-0.977545687,0.122032539,-0.948195691,-0.451447315,0.190254554,-0.306895476,1.493745126
2006,Carmacks,Yukon (CA),Yukon,9.751332384,9.072159856,0.063272185,0.119026964,0.94920999,-1.085155005,0.394201158,1.844001615,0.025928011,1.042119424,-0.255726944,-1.047132493,-0.561235973,0.122032539,-0.1012149,0.471636777,0.016321625,1.493745126,-0.154895959,1.318773268
2007,Carmacks,Yukon (CA),Yukon,8.580341099,9.219694667,0.034870729,0.065154281,-0.19579207,-0.754324274,0.221592639,2.086985746,-1.462195681,-1.128539204,-0.255726944,1.077710278,-0.311431725,-0.1012149,-0.346125019,1.849836138,0.941718449,1.318773268,1.25900993,-0.592384973
2008,Carmacks,Yukon (CA),Yukon,9.007395496,8.958353007,0.154222638,0.145247939,2.095079476,-0.842695959,0.244546513,1.924996468,-0.120712933,0.910072248,-1.248100159,0.075615693,1.898284449,-0.346125019,0.330953191,-0.997006918,-0.515707107,-0.592384973,-0.165415257,1.247303228
2009,Carmacks,Yukon (CA),Yukon,9.473441399,9.764832419,0.020896338,0.071965608,-0.169769296,-1.793482516,0.450328684,0.440093232,0.070055154,-0.441855231,0.339696985,0.029172519,-1.026785522,0.330953191,0.215062387,-1.298488028,-0.758172093,1.247303228,0.250178927,-0.137001202
2010,Carmacks,Yukon (CA),Yukon,8.767296434,9.512260722,0.05649344,0.080513123,0.1225532,-1.389752462,0.776374563,2.806938732,-1.068487635,0.035055439,-0.851150873,0.008956474,-1.092906719,0.215062387,-0.174624336,0.897299392,0.467502585,-0.137001202,-0.448678234,-0.751777211
2011,Carmacks,Yukon (CA),Yukon,9.108702595,9.980382559,0.067258977,0.074725068,0.656020069,0.400999704,0.869724829,1.394030972,-0.95706175,-0.677629351,1.92749413,-0.03607948,1.068657301,-0.174624336,0.04434953,0.312282475,0.106813184,-0.751777211,-1.120236507,-0.620428258
2012,Carmacks,Yukon (CA),Yukon,8.722306243,9.739710818,0.05849744,0.079662266,0.68464512,1.026358554,1.287236284,-1.107805781,-0.114277247,0.789675236,-0.65267623,-0.303107292,-0.424530707,0.04434953,0.436726215,-0.513919329,0.288731746,-0.620428258,-1.053532303,-0.210057624
2013,Carmacks,Yukon (CA),Yukon,8.762873879,9.65116721,0.034608181,0.139411478,1.047229106,1.57609109,1.459631122,-1.116805185,-0.680329879,1.930878401,-0.255726944,3.943944099,-0.405034939,0.436726215,-1.424762022,0.332381216,1.780070538,-0.210057624,0.622301911,0.168402958
2014,Carmacks,Yukon (CA),Yukon,9.603075163,10.03941462,0.067634459,0.271659385,3.023225086,0.90910377,1.50121983,-1.125804589,-1.036513689,1.793548982,-2.438948018,0.450088391,3.245841267,-1.424762022,-1.320680266,0.427132422,0.368191764,0.168402958,-0.422611096,1.480403139
2015,Carmacks,Yukon (CA),Yukon,9.85418548,9.378716648,0.015035608,0.694390668,0.498148572,1.636480907,1.489113037,-0.432849816,-0.544410373,0.15123721,-0.454201587,0.060793878,0.892020943,-1.320680266,-1.291597486,-0.21602728,-0.061178215,1.480403139,0.612471109,1.774362689
1986,Chena,Yukon (US),Yukon,9.280985212,9.473089178,0.139321188,0.188317987,-0.291208909,-0.346118634,-1.295741835,0.044119074,0.223767349,0.533319712,-0.660156962,-1.08712336,1.782744854,-1.21058133,-0.281200042,-1.030379272,-1.053861646,-0.065329947,-0.238890739,0.348037702
1987,Chena,Yukon (US),Yukon,8.959183074,9.236203032,0.129455721,0.236647819,1.274494666,-0.168182843,-1.11856755,-0.333856261,2.133267458,2.009610415,-0.116498287,-1.473921023,-1.077275226,-0.281200042,-0.413244746,0.552850873,0.057842674,0.348037702,0.836164897,0.699503679
1988,Chena,Yukon (US),Yukon,8.370547611,10.24063813,0.178567043,0.139321188,0.683777694,-0.450256782,-1.123159668,-0.315857452,1.229346002,0.183154663,-1.203815637,-1.427815484,-1.072221276,-0.413244746,0.80519948,-1.042045178,-1.125448559,0.699503679,-0.269378893,0.6710053
1989,Chena,Yukon (US),Yukon,8.126518169,10.45743014,0.129455721,0.119571337,2.252950972,-0.319203977,-1.163538411,0.035119662,2.077117343,1.905602694,-0.116498287,0.697973316,-0.971882678,0.80519948,2.929079717,1.625280976,0.313742593,0.6710053,-1.176666228,0.712985594
1990,Chena,Yukon (US),Yukon,8.735525186,9.214830277,0.217405594,0.178567043,-0.481175159,-0.535051202,-0.409177252,0.755072677,0.605303195,1.412793001,1.980470886,0.5143604,0.008822341,2.929079717,0.932763616,0.80283458,-0.978797291,0.712985594,0.669170536,0.311977301
1991,Chena,Yukon (US),Yukon,8.262042844,9.778151061,0.129455721,0.119571337,0.10173498,0.268640913,0.239678913,-0.459848028,0.519564766,1.764180422,-1.281481162,-0.788872285,0.612949414,0.932763616,1.108673314,0.30786684,-0.398225438,0.311977301,0.530030652,-0.613107938
1992,Chena,Yukon (US),Yukon,8.826734598,8.769351708,0.129455721,0.217405594,0.042750026,-0.840046133,0.662912275,-0.44184922,-1.061892755,1.299144904,-0.427160387,0.177509781,-1.025749921,1.108673314,1.614281947,0.596181382,-0.376742735,-0.613107938,-1.11067871,0.748709415
1993,Chena,Yukon (US),Yukon,9.409273195,9.924319062,0.029993253,0.109669413,0.348951334,0.768520328,0.87285227,0.521087951,-0.821515928,-1.330623288,-0.893153537,-0.888020148,0.34817385,1.614281947,1.094416219,-1.122873243,-0.623838468,0.748709415,-0.125876307,0.905348599
1994,Chena,Yukon (US),Yukon,9.388402872,8.583916823,0.039984014,0.236647819,-1.117865699,-0.837131325,0.379401207,-0.92781748,0.891616251,-0.487292726,0.660156962,0.523557329,-1.103037799,1.094416219,-0.954671024,0.571183011,0.621923853,0.905348599,-0.030854041,1.310674214
1995,Chena,Yukon (US),Yukon,9.505544086,9.210640327,0.139321188,0.158989959,-0.053534238,-0.972404924,0.133278485,0.431093828,1.664572407,0.651356856,-0.271829337,-0.338677816,0.173382612,-0.954671024,1.560513478,-0.290427499,-0.777217744,1.310674214,-0.9912251,-0.014417453
1996,Chena,Yukon (US),Yukon,9.07612303,9.457981395,0.14916638,0.14916638,-1.531627807,-0.690993441,-0.261924091,0.773071539,0.837133129,1.976581097,-1.825139837,-1.099272279,-0.568925866,1.560513478,-0.691497628,-0.837058538,-1.742760842,-0.014417453,1.071605125,1.492962391
1997,Chena,Yukon (US),Yukon,9.478533768,9.412627941,0.049968792,0.168790611,-1.987026354,-1.612129615,-0.384439504,0.935060923,0.225062571,-0.790827155,-0.427160387,-0.179346867,-0.04948248,-0.691497628,-1.736647158,-0.532911695,0.598701464,1.492962391,0.422623672,-2.098451655
1998,Chena,Yukon (US),Yukon,8.50795061,10.02707593,0.109669413,0.109669413,-0.154155632,1.750688392,-0.105968147,0.692076793,-0.535231891,-0.194070259,-0.038832762,-0.154897569,-0.223780812,-1.736647158,0.457398185,-1.400355158,-0.672277993,-2.098451655,-0.410558163,1.119805167
1999,Chena,Yukon (US),Yukon,8.799058379,9.046055178,0.059946105,0.217405594,-0.091700974,-0.934909891,-0.116923799,-1.125804589,0.356816741,0.43946759,0.970819062,1.595224495,-0.602947307,0.457398185,-0.202119607,2.085250997,0.928891788,1.119805167,0.172689625,-0.881340872
2000,Chena,Yukon (US),Yukon,8.785998208,9.250810305,0.1980422,0.207738466,-0.227019399,1.238742079,0.226912612,-0.369853905,-0.850920667,-0.705744345,0.815488012,-0.694616124,1.429957065,-0.202119607,-1.123493687,-0.297093731,-0.868501527,-0.881340872,-0.988216002,-0.309618916
2001,Chena,Yukon (US),Yukon,9.167015247,9.045111893,0.059946105,0.217405594,0.063568245,0.27622058,0.395191846,-1.089806972,0.194985907,0.153704485,-0.427160387,2.284675893,-0.387847939,-1.123493687,-1.424879922,0.856164437,0.802460952,-0.309618916,-0.89548234,-2.46570109
2002,Chena,Yukon (US),Yukon,9.076923259,8.850374304,0.255759924,0.265264515,-0.07175018,1.040137648,0.358632698,-0.945816289,-0.660071922,0.742252827,-1.126150112,0.98778092,2.673958297,-1.424879922,-0.273996096,-0.875389373,1.226274995,-2.46570109,0.973730453,-0.25747188
2003,Chena,Yukon (US),Yukon,9.302463661,9.331672657,0.059946105,0.158989959,-0.678948243,-0.734980547,0.342849731,-1.125804589,0.890226185,0.914348523,-0.504825912,-0.540556,1.544717835,-0.273996096,0.374094342,-1.549512103,-1.494614015,-0.25747188,0.87773661,-0.844971932
2004,Chena,Yukon (US),Yukon,9.169726689,8.407155086,0.059946105,0.236647819,0.580554024,-0.846140732,0.15124071,-0.270860377,1.170287885,-0.311288039,0.504825912,-0.510967268,-0.934163254,0.374094342,0.208294809,-0.412919515,0.816477236,-0.844971932,1.957034256,-1.285963092
2005,Chena,Yukon (US),Yukon,8.360773272,8.715224042,0.489215506,0.207738466,0.957016822,-1.121271254,-0.073680463,0.404095588,0.356061511,-2.127747297,-0.660156962,-0.373016707,-0.481530168,0.208294809,-0.329707932,-0.008779189,-0.55144782,-1.285963092,0.683604941,-0.023025345
2006,Chena,Yukon (US),Yukon,7.983781069,8.633908991,0.049968792,0.217405594,0.94920999,-1.085155005,0.394201158,1.844001615,0.025928011,1.042119424,0.737822487,0.366289435,-0.187787113,-0.329707932,-1.002487251,-0.536244811,0.21328843,-0.023025345,-0.979628414,0.847394422
2007,Chena,Yukon (US),Yukon,8.239857411,8.393668705,0.059946105,0.178567043,-0.19579207,-0.754324274,0.221592639,2.086985746,-1.462195681,-1.128539204,-0.038832762,1.231160927,-0.105815123,-1.002487251,-0.552731516,-0.362089495,0.434576123,0.847394422,0.982403288,0.521247654
2008,Chena,Yukon (US),Yukon,8.076826031,7.434257382,0.059946105,0.265264515,2.095079476,-0.842695959,0.244546513,1.924996468,-0.120712933,0.910072248,-0.349494862,0.234907975,1.766719868,-0.552731516,0.083011568,-1.323693488,-0.462950239,0.521247654,-0.580224548,0.468693217
2009,Chena,Yukon (US),Yukon,8.563313127,9.294405747,0.039984014,0.059946105,-0.169769296,-1.793482516,0.450328684,0.440093232,0.070055154,-0.441855231,0.427160387,-0.726238388,-0.012749264,0.083011568,-0.996696225,-1.272863468,-1.191946608,0.468693217,0.186134424,0.516394797
2010,Chena,Yukon (US),Yukon,7.771067086,7.915713199,0.059946105,0.227042423,0.1225532,-1.389752462,0.776374563,2.806938732,-1.068487635,0.035055439,-1.281481162,-1.006517433,-1.037213707,-0.996696225,0.16193975,0.536185292,0.130660428,0.516394797,-0.153352927,-2.083353165
2011,Chena,Yukon (US),Yukon,7.832410927,8.911934336,0.43811163,0.129455721,0.656020069,0.400999704,0.869724829,1.394030972,-0.95706175,-0.677629351,2.912457186,-0.184930301,-0.149451319,0.16193975,0.574347664,-0.821226237,-0.63083308,-2.083353165,-1.28554892,0.432249423
2012,Chena,Yukon (US),Yukon,7.710653324,9.488805095,0.059946105,0.109669413,0.68464512,1.026358554,1.287236284,-1.107805781,-0.114277247,0.789675236,-0.970819062,0.462312962,-0.525536202,0.574347664,0.363977363,-1.37369023,-1.256007461,0.432249423,-1.164895954,-1.368518142
2013,Chena,Yukon (US),Yukon,7.572502985,8.655214489,0.069914477,0.207738466,1.047229106,1.57609109,1.459631122,-1.116805185,-0.680329879,1.930878401,-1.126150112,1.899615727,-0.486460812,0.363977363,-1.118495371,1.623614418,2.473384991,-1.368518142,0.577458582,-2.250316696
2014,Chena,Yukon (US),Yukon,8.880307359,8.579792333,0.00999975,0.31223328,3.023225086,0.90910377,1.50121983,-1.125804589,-1.036513689,1.793548982,-1.281481162,1.265269942,0.734859617,-1.118495371,-0.280656172,-0.458749862,1.354541418,-2.250316696,-1.407991765,0.001974181
2015,Chena,Yukon (US),Yukon,8.744806737,8.71078434,0.029993253,0.578148334,0.498148572,1.636480907,1.489113037,-0.432849816,-0.544410373,0.15123721,-0.038832762,0.907881777,1.57738331,-0.280656172,-1.096784114,0.778669488,2.572945757,0.001974181,0.406306708,0.361038575
2016,Chena,Yukon (US),Yukon,8.798605651,8.976135873,0.049968792,0.814341319,0.296905786,1.779703983,1.467772856,-0.477846871,-2.143562855,2.011604548,-0.038832762,0.450387851,1.381636757,-1.096784114,0.418141484,-0.564576298,-0.139775568,0.361038575,1.339438228,1.447528602
1994,EFAndreafsky,Yukon (US),Yukon,8.992930353,8.058010801,0.009942583,0.10763307,-1.117865699,-0.837131325,0.379401207,-0.92781748,0.891616251,-0.487292726,0.660156962,-1.784764192,1.405359768,0.950795201,-1.076950509,-1.390274887,-1.446355223,-0.845619209,-0.133232149,1.404277206
1995,EFAndreafsky,Yukon (US),Yukon,8.663887571,8.282483004,0.38525317,0.171468363,-0.053534238,-0.972404924,0.133278485,0.431093828,1.664572407,0.651356856,-0.271829337,-1.442900163,-0.993585769,-1.076950509,-0.236563479,-0.031840278,-0.815001083,1.404277206,-0.047995694,-0.71355296
1996,EFAndreafsky,Yukon (US),Yukon,7.982074875,7.601402335,0.38525317,0.186765248,-1.531627807,-0.690993441,-0.261924091,0.773071539,0.837133129,1.976581097,-1.825139837,-0.068298353,-0.538901236,-0.236563479,0.330392699,-1.20395263,-0.660921457,-0.71355296,0.896241915,0.748836167
1997,EFAndreafsky,Yukon (US),Yukon,8.031385331,8.338305731,0.38525317,0.06832487,-1.987026354,-1.612129615,-0.384439504,0.935060923,0.225062571,-0.790827155,-0.427160387,0.132362863,-0.99956305,0.330392699,-0.334629447,1.113843386,1.584710612,0.748836167,0.81878375,-1.02390978
1998,EFAndreafsky,Yukon (US),Yukon,8.287780027,8.76013937,0.38525317,0.056112664,-0.154155632,1.750688392,-0.105968147,0.692076793,-0.535231891,-0.194070259,-0.038832762,-0.072254209,0.644803867,-0.334629447,-0.62071994,-0.063554704,0.113021221,-1.02390978,-0.487799064,-0.081814412
1999,EFAndreafsky,Yukon (US),Yukon,8.118802997,8.560444233,0.004468253,0.053399948,-0.091700974,-0.934909891,-0.116923799,-1.125804589,0.356816741,0.43946759,0.970819062,-0.134511948,-0.539519561,-0.62071994,-0.267694321,0.934128302,-0.375487615,-0.081814412,0.056836501,-0.922243775
2000,EFAndreafsky,Yukon (US),Yukon,7.36264527,8.898092346,0.122006483,0.052437286,-0.227019399,1.238742079,0.226912612,-0.369853905,-0.850920667,-0.705744345,0.815488012,0.887585845,0.013274632,-0.267694321,-0.130272102,0.149196241,-0.144332299,-0.922243775,-1.24724398,-1.150670257
2001,EFAndreafsky,Yukon (US),Yukon,7.775275846,8.80267284,0.197960633,0.05632931,0.063568245,0.27622058,0.395191846,-1.089806972,0.194985907,0.153704485,-0.427160387,-0.361750147,-0.165631169,-0.130272102,-0.675469414,-1.920170099,-1.15182026,-1.150670257,-0.969543814,1.004991217
2002,EFAndreafsky,Yukon (US),Yukon,8.320204598,8.199464198,0.38525317,0.057386083,-0.07175018,1.040137648,0.358632698,-0.945816289,-0.660071922,0.742252827,-1.126150112,0.544334688,-1.1174595,-0.675469414,-0.338394243,0.061981568,-0.044565472,1.004991217,0.804846751,-0.407005396
2003,EFAndreafsky,Yukon (US),Yukon,8.368925175,8.992681751,0.38525317,0.039144622,-0.678948243,-0.734980547,0.342849731,-1.125804589,0.890226185,0.914348523,-0.504825912,1.224404378,-0.703585249,-0.338394243,-0.920047484,-0.210233928,-1.156758304,-0.407005396,0.715207901,1.88877998
2004,EFAndreafsky,Yukon (US),Yukon,8.977146485,7.089243155,0.006313068,0.25278805,0.580554024,-0.846140732,0.15124071,-0.270860377,1.170287885,-0.311288039,0.504825912,1.125052283,-0.342888069,-0.920047484,-0.351499177,-0.38334184,0.474526635,1.88877998,1.723053786,0.463896831
2005,EFAndreafsky,Yukon (US),Yukon,7.685703061,8.068716193,0.041782401,0.256004451,0.957016822,-1.121271254,-0.073680463,0.404095588,0.356061511,-2.127747297,-0.660156962,-0.386733433,0.907391414,-0.351499177,-0.804512565,-0.235341182,-0.756582508,0.463896831,0.533928155,0.525037715
2006,EFAndreafsky,Yukon (US),Yukon,8.782936356,8.33854488,0.38525317,0.121974374,0.94920999,-1.085155005,0.394201158,1.844001615,0.025928011,1.042119424,0.737822487,0.47763201,0.549167586,-0.804512565,-0.880547937,-0.461306472,1.091352952,0.525037715,-1.019195675,1.379376499
2007,EFAndreafsky,Yukon (US),Yukon,8.438149984,8.495969555,0.38525317,0.048592344,-0.19579207,-0.754324274,0.221592639,2.086985746,-1.462195681,-1.128539204,-0.038832762,-2.019023726,-0.069582663,-0.880547937,0.429788134,-0.519449588,-1.145930871,1.379376499,0.737770678,-0.607643482
2008,EFAndreafsky,Yukon (US),Yukon,8.3854887,7.341483852,0.38525317,0.112411284,2.095079476,-0.842695959,0.244546513,1.924996468,-0.120712933,0.910072248,-0.349494862,-0.305534882,-1.435491343,0.429788134,2.382110436,-1.06123771,-0.363165705,-0.607643482,-0.646233179,-0.37334939
2009,EFAndreafsky,Yukon (US),Yukon,8.23270601,9.067508723,0.38525317,0.059124667,-0.169769296,-1.793482516,0.450328684,0.440093232,0.070055154,-0.441855231,0.427160387,1.120349218,-0.761296798,2.382110436,-0.373107455,0.262839604,0.099199578,-0.37334939,0.069391226,-0.862168808
2010,EFAndreafsky,Yukon (US),Yukon,7.881182202,7.370230642,0.38525317,0.186649663,0.1225532,-1.389752462,0.776374563,2.806938732,-1.068487635,0.035055439,-1.281481162,0.003505209,0.645628318,-0.373107455,-0.241457932,0.002517018,0.213772508,-0.862168808,-0.449461077,-1.171741117
1996,George,Kuskokwim,Kuskokwim,9.015582682,8.544578503,0.046859554,0.075512284,-0.019128857,-0.690993441,-0.261924091,0.773071539,0.187642788,1.976581097,-0.517125642,1.308283075,-0.499934248,-0.192142183,0.219462413,-1.712754822,-1.953362199,-0.210804814,1.152583227,2.444995346
1997,George,Kuskokwim,Kuskokwim,8.908193538,7.692673067,0.046067996,0.109756118,-1.949882321,-1.612129615,-0.384439504,0.935060923,-0.67726679,-0.790827155,0.867794532,-0.890342407,-0.329593038,0.219462413,-1.090847364,2.296584648,1.169878694,2.444995346,1.925189305,-1.328896333
1998,George,Kuskokwim,Kuskokwim,8.584161005,8.694328693,0.200686044,0.072388286,-0.505431635,1.750688392,-0.105968147,0.692076793,-1.058183776,-0.194070259,-0.055485584,-0.496942488,1.164790267,-1.090847364,-0.748415589,0.730549701,-0.639730419,-1.328896333,-0.718568494,-0.618174944
1999,George,Kuskokwim,Kuskokwim,8.466562375,8.634547402,0.095157051,0.063948176,-1.341346682,-0.934909891,-0.116923799,-1.125804589,-0.106185171,0.43946759,0.636974503,-0.626658017,-0.611116203,-0.748415589,-0.610284912,-0.153164463,-1.064047936,-0.618174944,-0.191451416,-0.787548281
2000,George,Kuskokwim,Kuskokwim,7.948286801,8.827135484,0.045694551,0.054378489,-2.227206339,1.238742079,0.226912612,-0.369853905,-0.13581215,-0.705744345,0.406154474,1.348459373,-0.432699215,-0.610284912,0.865367482,0.351930141,1.477678888,-0.787548281,1.258926535,-0.720162984
2001,George,Kuskokwim,Kuskokwim,8.181915787,8.076954794,0.044207022,0.079101972,0.488203232,0.27622058,0.395191846,-1.089806972,-0.128795344,0.153704485,-0.9787657,-0.038723206,-0.20657916,0.865367482,-0.340555053,-1.15368679,-0.51820081,-0.720162984,-1.623120347,-0.056710922
2002,George,Kuskokwim,Kuskokwim,7.961240013,8.509724236,0.042551894,0.072845897,0.24373751,1.040137648,0.358632698,-0.945816289,-0.315433857,0.742252827,-0.9787657,0.56004824,-0.969077021,-0.340555053,-0.201562416,0.350318994,0.122012371,-0.056710922,1.531333656,-0.896885326
2003,George,Kuskokwim,Kuskokwim,8.053175435,9.203194388,0.052910059,0.066700648,-0.019128857,-0.734980547,0.342849731,-1.125804589,0.251120119,0.914348523,-0.170895598,3.814641451,-0.354571356,-0.201562416,1.232299128,-1.511361439,-0.400122866,-0.896885326,-0.180527808,1.632702262
2004,George,Kuskokwim,Kuskokwim,8.476032427,8.323090103,0.036368627,0.088140452,0.622265079,-0.846140732,0.15124071,-0.270860377,-0.472618992,-0.311288039,1.444844604,-0.158440339,-1.183365153,1.232299128,0.050548065,-0.598646627,0.05434549,1.632702262,1.119449464,0.765516716
2005,George,Kuskokwim,Kuskokwim,8.452063624,8.191732215,0.037375586,0.083782931,0.758955589,-1.121271254,-0.073680463,0.404095588,-0.448089009,-2.127747297,-0.863355685,0.239155266,-0.788969708,0.050548065,-0.652617678,-0.268361479,-0.218417296,0.765516716,1.292789551,-0.715090614
2006,George,Kuskokwim,Kuskokwim,8.173107048,8.067057863,0.035603522,0.081702984,1.593556304,-1.085155005,0.394201158,1.844001615,-0.773056323,1.042119424,0.29074446,-0.176653904,0.754994498,-0.652617678,-1.138753653,-0.446393229,0.726028215,-0.715090614,0.703577097,1.533999923
2007,George,Kuskokwim,Kuskokwim,8.186669522,8.130234773,0.034922915,0.077767147,-0.003356875,-0.754324274,0.221592639,2.086985746,-1.723885667,-1.128539204,-0.170895598,-1.466309416,-0.637784847,-1.138753653,0.254538694,-0.021855978,-1.05168881,1.533999923,0.708562436,0.047771391
2008,George,Kuskokwim,Kuskokwim,8.065008643,8.404659944,0.033706053,0.065721198,2.224435585,-0.842695959,0.244546513,1.924996468,-0.940204655,0.910072248,0.752384517,-0.876081302,-1.330981806,0.254538694,1.625365603,-1.526667336,-1.354085507,0.047771391,-1.316883841,1.103272115
2009,George,Kuskokwim,Kuskokwim,8.053730618,7.849603985,0.034605213,0.089149517,0.702439321,-1.793482516,0.450328684,0.440093232,-0.397059713,-0.441855231,0.059924431,0.243971028,-1.482917945,1.625365603,-0.642051496,-0.4625047,-0.596707524,1.103272115,1.562571973,-0.038986578
2010,George,Kuskokwim,Kuskokwim,7.238963486,7.080975106,0.037123057,0.10773201,-0.674980442,-1.389752462,0.776374563,2.806938732,-1.486390459,0.035055439,0.521564488,-0.439299813,0.419758429,-0.642051496,1.125854148,-0.659064642,-0.598107739,-0.038986578,-0.306184415,-0.421796424
2011,George,Kuskokwim,Kuskokwim,7.430938825,8.02178592,0.037215528,0.079992661,1.229486386,0.400999704,0.869724829,1.394030972,-1.519215157,-0.677629351,2.137304691,-0.064203292,-0.512705149,1.125854148,0.248407608,1.172003997,1.654368011,-0.421796424,-0.885349196,-0.554143376
2012,George,Kuskokwim,Kuskokwim,7.722154941,8.471827206,0.039326436,0.183704455,1.901109954,1.026358554,1.287236284,-1.107805781,-0.855110859,0.789675236,-0.9787657,0.555757016,1.691026355,0.248407608,0.093279237,-0.522922715,-0.624912226,-0.554143376,-1.411008577,0.147976217
2013,George,Kuskokwim,Kuskokwim,7.033236183,8.414844157,0.038234657,0.269496035,0.666952361,1.57609109,1.459631122,-1.116805185,-0.372254211,1.930878401,-0.747945671,-1.858532536,2.034525947,0.093279237,-1.268850463,-0.637314156,-0.542327761,0.147976217,0.926826185,0.734128171
1995,Gisasa,Yukon (US),Yukon,8.30647216,8.417372856,0.003209868,0.061598979,-0.053534238,-0.972404924,0.133278485,0.431093828,1.664572407,0.651356856,-0.271829337,-0.999731218,-1.047572882,-1.168911265,-0.204501042,-0.308328205,-1.247847383,0.690336237,-1.035292804,-1.233522458
1996,Gisasa,Yukon (US),Yukon,7.668561108,7.608374474,0.073266054,0.126048535,-1.531627807,-0.690993441,-0.261924091,0.773071539,0.837133129,1.976581097,-1.825139837,-0.253283169,-0.474746795,-0.204501042,0.272478228,-1.033347753,-0.158757232,-1.233522458,1.041258609,1.342184934
1997,Gisasa,Yukon (US),Yukon,8.333510709,7.818430272,0.140614244,0.079920482,-1.987026354,-1.612129615,-0.384439504,0.935060923,0.225062571,-0.790827155,-0.427160387,-0.057391715,-0.742762478,0.272478228,-0.599556656,2.41634203,1.861726216,1.342184934,0.38796037,-1.066981687
1998,Gisasa,Yukon (US),Yukon,7.778211475,8.066207568,0.046457334,0.043307786,-0.154155632,1.750688392,-0.105968147,0.692076793,-0.535231891,-0.194070259,-0.038832762,-1.197023484,1.657671485,-0.599556656,-0.728865304,0.164103887,-0.218896697,-1.066981687,-0.450763484,-0.361764303
1999,Gisasa,Yukon (US),Yukon,7.890582535,7.392647521,0.011975619,0.074404295,-0.091700974,-0.934909891,-0.116923799,-1.125804589,0.356816741,0.43946759,0.970819062,-0.555579906,-0.120179991,-0.728865304,0.332768367,-0.420589297,-1.165669167,-0.361764303,0.136363854,-0.641978122
2000,Gisasa,Yukon (US),Yukon,7.646831391,8.28878581,0.007640767,0.066024988,-0.227019399,1.238742079,0.226912612,-0.369853905,-0.850920667,-0.705744345,0.815488012,0.532637039,-0.648685227,0.332768367,-0.182392763,-0.469703524,-1.0980267,-0.641978122,-1.03226369,-1.069660486
2001,Gisasa,Yukon (US),Yukon,8.054204897,8.428799041,0.031133223,0.039966556,0.063568245,0.27622058,0.395191846,-1.089806972,0.194985907,0.153704485,-0.427160387,-0.16098006,-0.774121597,-0.182392763,-0.747280134,-0.949151935,-1.528732544,-1.069660486,-0.938913198,0.278502919
2002,Gisasa,Yukon (US),Yukon,7.668093709,7.355641103,0.082142682,0.062558552,-0.07175018,1.040137648,0.358632698,-0.945816289,-0.660071922,0.742252827,-1.126150112,-0.683339104,-0.941370089,-0.747280134,-0.489773027,-0.14929166,-0.816191242,0.278502919,0.942732911,-0.617258583
2003,Gisasa,Yukon (US),Yukon,7.555905094,7.878534196,0.002615058,0.063572079,-0.678948243,-0.734980547,0.342849731,-1.125804589,0.890226185,0.914348523,-0.504825912,0.962470858,0.068810806,-0.489773027,0.305002279,-1.122221117,-1.43577205,-0.617258583,0.846100552,1.053635048
2004,Gisasa,Yukon (US),Yukon,7.484930283,7.033506484,0.002245926,0.208472635,0.580554024,-0.846140732,0.15124071,-0.270860377,1.170287885,-0.311288039,0.504825912,0.127475768,-0.687988623,0.305002279,0.193683541,-0.528172843,0.185930345,1.053635048,1.932577289,1.209009907
2005,Gisasa,Yukon (US),Yukon,8.06022424,7.762596049,0.004737813,0.245915804,0.957016822,-1.121271254,-0.073680463,0.404095588,0.356061511,-2.127747297,-0.660156962,-0.433254607,-0.03488326,0.193683541,-1.03256198,-0.100177432,-0.220527364,1.209009907,0.650677591,0.164402119
2006,Gisasa,Yukon (US),Yukon,8.049746291,8.001355026,0.012447651,0.110881096,0.94920999,-1.085155005,0.394201158,1.844001615,0.025928011,1.042119424,0.737822487,-0.069513101,1.408889326,-1.03256198,-1.087599847,-0.051063205,1.125376929,0.164402119,-1.023618981,2.022265553
2007,Gisasa,Yukon (US),Yukon,7.33432935,7.77443551,0.005874623,0.078065025,-0.19579207,-0.754324274,0.221592639,2.086985746,-1.462195681,-1.128539204,-0.038832762,-1.066795839,-0.151957204,-1.087599847,0.797769341,-0.776082752,-1.014535653,2.022265553,0.870423648,-0.165731041
2008,Gisasa,Yukon (US),Yukon,7.482681828,6.618738984,0.011254568,0.204776958,2.095079476,-0.842695959,0.244546513,1.924996468,-0.120712933,0.910072248,-0.349494862,-0.529121882,-1.08771252,0.797769341,2.741336157,-1.164319026,-0.582669245,-0.165731041,-0.621558427,0.535476008
2009,Gisasa,Yukon (US),Yukon,7.58171964,7.556427969,0.002548416,0.320401456,-0.169769296,-1.793482516,0.450328684,0.440093232,0.070055154,-0.441855231,0.427160387,0.804030764,-1.080186338,2.741336157,-0.525993382,-0.238165023,-0.029256157,0.535476008,0.48334397,0.343686722
2010,Gisasa,Yukon (US),Yukon,7.388946098,6.961296046,0.074063952,0.167537824,0.1225532,-1.389752462,0.776374563,2.806938732,-1.068487635,0.035055439,-1.281481162,-0.694023929,-0.298299635,-0.525993382,0.569947685,-0.013642841,0.221497791,0.343686722,-0.191847414,-0.311029851
1991,Goodnews,Kuskokwim,Kuskokwim,7.640123173,7.822406267,0.38525317,0.38525317,0.561805814,0.268640913,0.239678913,-0.459848028,0.202147697,1.764180422,-0.9787657,-0.718237679,0.355175527,0.646147918,0.770281262,-0.579378018,-0.619767111,-1.057601157,0.050229401,-1.299466355
1992,Goodnews,Kuskokwim,Kuskokwim,7.275864601,7.763242373,0.38525317,0.38525317,1.313603624,-0.840046133,0.662912275,-0.44184922,0.338248855,1.299144904,-0.401715627,-0.000313067,-1.382743648,0.770281262,-0.066378352,2.192123459,0.256023497,-1.299466355,0.357843732,0.492625771
1993,Goodnews,Kuskokwim,Kuskokwim,7.664815785,8.440222813,0.38525317,0.38525317,-0.40817108,0.768520328,0.87285227,0.521087951,0.328891266,-1.330623288,-0.517125642,0.673865646,0.596010769,-0.066378352,0.198335668,0.944713319,0.620642071,0.492625771,1.391757301,-0.871092698
1994,Goodnews,Kuskokwim,Kuskokwim,8.026496939,7.950093257,0.38525317,0.38525317,0.088646354,-0.837131325,0.379401207,-0.92781748,0.36030738,-0.487292726,-0.170895598,-0.680015939,0.200817805,0.198335668,-0.844875302,0.09122217,0.151632503,-0.871092698,-1.433738999,1.223986513
1995,Goodnews,Kuskokwim,Kuskokwim,8.450625947,9.182502304,0.38525317,0.38525317,0.055788058,-0.972404924,0.133278485,0.431093828,0.352492657,0.651356856,-0.9787657,-0.60613345,-0.259465765,-0.844875302,-0.465132388,-0.673168254,-0.150215336,1.223986513,0.135091819,-0.343973423
1996,Goodnews,Kuskokwim,Kuskokwim,7.983098941,7.85932373,0.38525317,0.38525317,-0.019128857,-0.690993441,-0.261924091,0.773071539,0.187642788,1.976581097,-0.517125642,-0.939874985,-0.616999134,-0.465132388,0.078064751,-0.87012775,-0.528775941,-0.343973423,1.46750606,0.547924625
1997,Goodnews,Kuskokwim,Kuskokwim,7.971430998,7.865510359,0.38525317,0.38525317,-1.949882321,-1.612129615,-0.384439504,0.935060923,-0.67726679,-0.790827155,0.867794532,-0.985980795,0.268233105,0.078064751,-0.702273934,0.63520554,-0.37003378,0.547924625,0.63175436,-0.646948524
1998,Goodnews,Kuskokwim,Kuskokwim,8.175547596,8.549315889,0.38525317,0.38525317,-0.505431635,1.750688392,-0.105968147,0.692076793,-1.058183776,-0.194070259,-0.055485584,-1.666959083,0.205467134,-0.702273934,-0.279934903,-0.239388412,-0.475660536,-0.646948524,-0.581301203,0.195238745
1999,Goodnews,Kuskokwim,Kuskokwim,8.216898581,8.069813617,0.38525317,0.38525317,-1.341346682,-0.934909891,-0.116923799,-1.125804589,-0.106185171,0.43946759,0.636974503,-0.211604724,-0.400805366,-0.279934903,-0.552660557,-0.162011467,-0.076264169,0.195238745,-0.004137264,-0.682273354
2000,Goodnews,Kuskokwim,Kuskokwim,7.889833751,8.835003807,0.38525317,0.38525317,-2.227206339,1.238742079,0.226912612,-0.369853905,-0.13581215,-0.705744345,0.406154474,0.183596168,0.063197667,-0.552660557,-0.503780305,-0.63565216,-0.813135872,-0.682273354,1.583946078,-0.62660445
2001,Goodnews,Kuskokwim,Kuskokwim,8.585038738,8.623527113,0.38525317,0.38525317,0.488203232,0.27622058,0.395191846,-1.089806972,-0.128795344,0.153704485,-0.9787657,0.010111661,0.745719162,-0.503780305,-0.495101919,-0.959228474,0.248019287,-0.62660445,-1.571735268,0.085638638
2002,Goodnews,Kuskokwim,Kuskokwim,8.01466637,8.026488772,0.38525317,0.38525317,0.24373751,1.040137648,0.358632698,-0.945816289,-0.315433857,0.742252827,-0.9787657,-0.90684753,0.167807599,-0.495101919,-0.882969697,0.353834831,-0.165768557,0.085638638,1.882216754,0.389944137
2003,Goodnews,Kuskokwim,Kuskokwim,7.717796211,8.197128964,0.38525317,0.38525317,-0.019128857,-0.734980547,0.342849731,-1.125804589,0.251120119,0.914348523,-0.170895598,1.075954218,-0.734627187,-0.882969697,-0.052434495,-1.517280379,-0.021264396,0.389944137,0.00782348,1.426344754
2004,Goodnews,Kuskokwim,Kuskokwim,8.397959103,7.880895044,0.38525317,0.38525317,0.622265079,-0.846140732,0.15124071,-0.270860377,-0.472618992,-0.311288039,1.444844604,-0.849276557,-0.263185228,-0.052434495,-0.10427294,0.281147398,0.59539958,1.426344754,0.301709582,1.53275188
2005,Goodnews,Kuskokwim,Kuskokwim,8.472405009,8.730227738,0.38525317,0.38525317,0.758955589,-1.121271254,-0.073680463,0.404095588,-0.448089009,-2.127747297,-0.863355685,0.141374211,0.203142499,-0.10427294,-0.009854411,-1.374250269,-0.075361914,1.53275188,1.621024201,-0.68058349
2006,Goodnews,Kuskokwim,Kuskokwim,8.427706025,8.449423857,0.38525317,0.38525317,1.593556304,-1.085155005,0.394201158,1.844001615,-0.773056323,1.042119424,0.29074446,1.096382302,2.155395711,-0.009854411,-0.622895081,-0.555930459,0.415518958,-0.68058349,0.975869273,0.24424937
2007,Goodnews,Kuskokwim,Kuskokwim,8.272315148,9.115449964,0.38525317,0.38525317,-0.003356875,-0.754324274,0.221592639,2.086985746,-1.723885667,-1.128539204,-0.170895598,-0.366531905,0.955868832,-0.622895081,0.437684487,-0.222975121,-1.003939726,0.24424937,0.981327942,-0.563674333
2008,Goodnews,Kuskokwim,Kuskokwim,7.706612914,7.543894446,0.38525317,0.38525317,2.224435585,-0.842695959,0.244546513,1.924996468,-0.940204655,0.910072248,0.752384517,-0.576432915,-2.103389641,0.437684487,1.125597276,-0.227664633,-0.345173196,-0.563674333,-1.631320245,-0.611531752
2009,Goodnews,Kuskokwim,Kuskokwim,7.419979924,7.532447479,0.38525317,0.38525317,0.702439321,-1.793482516,0.450328684,0.440093232,-0.397059713,-0.441855231,0.059924431,0.261866355,0.185010086,1.125597276,0.750170911,0.403074705,0.737574646,-0.611531752,0.304079982,-1.448638412
1980,Holitna,Kuskokwim,Kuskokwim,9.552427746,8.407326012,0.71649508,1.48672177,-1.11791027,0,-2.018020252,0.017120837,1.728552738,-0.302185813,0.867794532,-0.886784499,0.051771725,-1.404168662,-0.866198841,-0.702420094,0.468060396,-0.984603433,-1.287939104,-1.075133848
1981,Holitna,Kuskokwim,Kuskokwim,8.910504294,9.278279202,0.64987874,1.000080225,0.402771662,0,-1.771016707,-0.423850384,1.807115208,0.415989797,0.059924431,0.557137732,-1.126759774,-0.866198841,0.031922808,1.033178014,2.285863442,-1.075133848,-1.138241971,-0.358233718
1982,Holitna,Kuskokwim,Kuskokwim,8.741966431,10.21862247,0.149589597,1.19095917,-0.191306327,1.378255399,-1.404131795,0.017120837,1.666088125,-1.067292888,0.29074446,0.713937482,1.582558084,0.031922808,-1.561193212,-1.208636295,-1.353473291,-0.358233718,-0.588161431,0.262058519
1983,Holitna,Kuskokwim,Kuskokwim,9.308324192,9.896321288,0.146179993,1.098004134,-0.660522792,0.28175755,-1.3445648,-0.126869775,1.492710201,-0.049611727,1.675664633,0.47400384,-0.395245365,-1.561193212,0.061915695,-1.56290632,-1.451432398,0.262058519,0.548482649,-0.251552811
1984,Holitna,Kuskokwim,Kuskokwim,9.401708306,8.917568081,0.63472832,1.695098984,0.985020665,0.82020212,-1.489833947,-0.126869775,1.212412137,0.410774907,0.406154474,0.815385097,-1.508053606,0.061915695,0.536289332,0.33113833,1.186562291,-0.251552811,-0.233183709,-0.904044946
1985,Holitna,Kuskokwim,Kuskokwim,9.117759163,9.961488136,0.728522439,1.130320696,-0.404228084,0.258006668,-1.27917655,-1.125804589,1.568583764,-0.335565368,0.867794532,-0.186512441,0.802294729,0.536289332,-1.175586929,-0.215705168,0.452817801,-0.904044946,-0.840844713,-0.65591463
1986,Holitna,Kuskokwim,Kuskokwim,8.879856971,10.99764748,0.144698541,0.595798527,-0.805099294,-0.346118634,-1.295741835,0.044119074,1.127390713,0.533319712,0.059924431,0.07321395,1.491934184,-1.175586929,0.138939967,1.273691609,-0.388680212,-0.65591463,-0.412969871,-1.521541523
1987,Holitna,Kuskokwim,Kuskokwim,9.997715659,9.547674852,0.557763022,0.873358488,1.462123121,-0.168182843,-1.11856755,-0.333856261,0.801156433,2.009610415,0.059924431,-1.113263269,-0.608688519,0.138939967,0.931965148,-0.146367915,-0.998698545,-1.521541523,-1.344668724,-0.837484913
1988,Holitna,Kuskokwim,Kuskokwim,9.87171968,10.33529287,0.714131749,0.802093176,1.242629705,-0.450256782,-1.123159668,-0.315857452,0.871173652,0.183154663,-0.517125642,-0.663285661,-0.648248797,0.931965148,0.103909184,2.849759779,0.063646528,-0.837484913,0.182627243,-1.548100643
1989,Holitna,Kuskokwim,Kuskokwim,10.13604294,10.0554007,1.050937713,0.836006774,0.719525634,-0.319203977,-1.163538411,0.035119662,0.499952344,1.905602694,-0.286305613,-0.562089119,1.49810671,0.103909184,2.334420793,0.822457596,-0.954359928,-1.548100643,-0.982533809,0.804858997
1990,Holitna,Kuskokwim,Kuskokwim,10.12233952,9.205126997,0.617385721,1.098213581,-0.652636801,-0.535051202,-0.409177252,0.755072677,0.002418195,1.412793001,1.560254619,-1.80649805,0.054857988,2.334420793,-0.05950315,0.220361148,-1.808607303,0.804858997,0.441372123,0.216671619
1991,Holitna,Kuskokwim,Kuskokwim,9.803831188,10.47244324,0.485867015,0.652365046,0.561805814,0.268640913,0.239678913,-0.459848028,0.202147697,1.764180422,-0.9787657,-0.893377795,0.348894664,-0.05950315,0.277213003,-0.298313918,-1.127026499,0.216671619,0.156334366,0.934487589
1992,Holitna,Kuskokwim,Kuskokwim,9.923218013,9.25412386,0.146163685,1.362673129,1.313603624,-0.840046133,0.662912275,-0.44184922,0.338248855,1.299144904,-0.401715627,-0.676804492,0.078005004,0.277213003,0.733740839,0.793747813,-0.599121963,0.934487589,0.24025755,-0.019292506
1993,Holitna,Kuskokwim,Kuskokwim,9.856447946,10.27265426,0.156875978,0.31232659,-0.40817108,0.768520328,0.87285227,0.521087951,0.328891266,-1.330623288,-0.517125642,-0.107714126,1.564882215,0.733740839,1.814728893,1.055658364,-0.814876414,-0.019292506,1.083402771,-1.0626965
1994,Holitna,Kuskokwim,Kuskokwim,9.86897372,7.703001203,0.328649094,0.676603255,0.088646354,-0.837131325,0.379401207,-0.92781748,0.36030738,-0.487292726,-0.170895598,0.299398869,-0.077009606,1.814728893,-1.034076357,0.898837086,0.51481839,-1.0626965,-1.497089968,0.368490769
1995,Holitna,Kuskokwim,Kuskokwim,9.944362842,10.83173101,0.145903146,0.151290738,0.055788058,-0.972404924,0.133278485,0.431093828,0.352492657,0.651356856,-0.9787657,-0.376258665,-0.189938813,-1.034076357,-0.37677602,-0.869533793,-0.437680358,0.368490769,-0.064295122,-0.210804814
1996,Holitna,Kuskokwim,Kuskokwim,9.775116743,8.767835069,0.256658677,0.749026873,-0.019128857,-0.690993441,-0.261924091,0.773071539,0.187642788,1.976581097,-0.517125642,-0.97754435,-1.035013687,-0.37677602,0.208836531,-1.829150537,-1.399301802,-0.210804814,1.152583227,2.444995346
1997,Holitna,Kuskokwim,Kuskokwim,10.02339485,8.70466026,0.166702178,0.717114657,-1.949882321,-1.612129615,-0.384439504,0.935060923,-0.67726679,-0.790827155,0.867794532,-0.195809962,1.655716563,0.208836531,-0.965184242,0.353076983,1.153629549,2.444995346,1.925189305,-1.328896333
1998,Holitna,Kuskokwim,Kuskokwim,9.363823075,10.28999794,0.38292352,0.662636718,-0.505431635,1.750688392,-0.105968147,0.692076793,-1.058183776,-0.194070259,-0.055485584,-0.624458754,-0.564358562,-0.965184242,-0.26060544,0.010453536,0.046958228,-1.328896333,-0.718568494,-0.618174944
1999,Holitna,Kuskokwim,Kuskokwim,9.037005639,9.704099144,0.157547115,0.820854442,-1.341346682,-0.934909891,-0.116923799,-1.125804589,-0.106185171,0.43946759,0.636974503,-0.521960055,-0.112501673,-0.26060544,-0.450428731,-1.072128579,-0.472232881,-0.618174944,-0.191451416,-0.787548281
2000,Holitna,Kuskokwim,Kuskokwim,8.824569032,10.85899662,0.11367269,0.471738447,-2.227206339,1.238742079,0.226912612,-0.369853905,-0.13581215,-0.705744345,0.406154474,1.055112176,-0.649160625,-0.450428731,0.462419759,0.174316879,0.65850716,-0.787548281,1.258926535,-0.720162984
2001,Holitna,Kuskokwim,Kuskokwim,10.03028181,8.961618346,0.119135348,0.793263921,0.488203232,0.27622058,0.395191846,-1.089806972,-0.128795344,0.153704485,-0.9787657,0.722349896,-1.05507435,0.462419759,-0.540899232,-0.94347556,0.132468371,-0.720162984,-1.623120347,-0.056710922
2002,Holitna,Kuskokwim,Kuskokwim,9.209230777,10.2293978,0.158337247,0.430439836,0.24373751,1.040137648,0.358632698,-0.945816289,-0.315433857,0.742252827,-0.9787657,0.66982121,-0.216452571,-0.540899232,-0.637596967,-0.353837976,-0.602858564,-0.056710922,1.531333656,-0.896885326
2003,Holitna,Kuskokwim,Kuskokwim,9.580675987,10.50237091,0.291214872,0.857408675,-0.019128857,-0.734980547,0.342849731,-1.125804589,0.251120119,0.914348523,-0.170895598,1.431002762,0.370498503,-0.637596967,0.529893883,-1.492756522,-0.172788783,-0.896885326,-0.180527808,1.632702262
2004,Holitna,Kuskokwim,Kuskokwim,10.28008149,9.392978529,0.111056626,0.804870412,0.622265079,-0.846140732,0.15124071,-0.270860377,-0.472618992,-0.311288039,1.444844604,-0.119938235,-1.365033359,0.529893883,-0.17655391,-1.126569243,0.446076428,1.632702262,1.119449464,0.765516716
2005,Holitna,Kuskokwim,Kuskokwim,10.20691196,9.71792802,0.146055389,0.611001456,0.758955589,-1.121271254,-0.073680463,0.404095588,-0.448089009,-2.127747297,-0.863355685,0.257187322,-1.165899242,-0.17655391,-0.057011293,-0.043987128,-0.172135884,0.765516716,1.292789551,-0.715090614
2006,Holitna,Kuskokwim,Kuskokwim,9.951046647,9.352491291,0.137600599,0.731568992,1.593556304,-1.085155005,0.394201158,1.844001615,-0.773056323,1.042119424,0.29074446,0.138778636,2.255293348,-0.057011293,-0.958450463,0.01099506,-0.161348643,-0.715090614,0.703577097,1.533999923
2007,Holitna,Kuskokwim,Kuskokwim,9.825297654,8.992020718,0.4756828,1.071027661,-0.003356875,-0.754324274,0.221592639,2.086985746,-1.723885667,-1.128539204,-0.170895598,-0.462666342,-0.44897444,-0.958450463,1.361007283,0.217652662,-0.891305712,1.533999923,0.708562436,0.047771391
2008,Holitna,Kuskokwim,Kuskokwim,9.678533212,10.08550569,0.464454731,0.569201902,2.224435585,-0.842695959,0.244546513,1.924996468,-0.940204655,0.910072248,0.752384517,-0.022976327,-0.666275355,1.361007283,2.925876968,-0.475719866,-0.540857912,0.047771391,-1.316883841,1.103272115
2009,Holitna,Kuskokwim,Kuskokwim,9.620289487,8.61312248,0.465480572,0.732435065,0.702439321,-1.793482516,0.450328684,0.440093232,-0.397059713,-0.441855231,0.059924431,-0.634634789,-0.604339649,2.925876968,-0.036707041,0.508002407,-0.333142149,1.103272115,1.562571973,-0.038986578
2010,Holitna,Kuskokwim,Kuskokwim,8.768966861,8.298533221,0.146442284,0.604882227,-0.674980442,-1.389752462,0.776374563,2.806938732,-1.486390459,0.035055439,0.521564488,-0.568690318,0.695117238,-0.036707041,1.047823758,-0.43157145,-0.058102695,-0.038986578,-0.306184415,-0.421796424
2011,Holitna,Kuskokwim,Kuskokwim,8.961055715,9.551072536,0.328662615,0.38495792,1.229486386,0.400999704,0.869724829,1.394030972,-1.519215157,-0.677629351,2.137304691,0.753990756,-1.101859311,1.047823758,0.471970474,1.873621268,1.664209959,-0.421796424,-0.885349196,-0.554143376
2012,Holitna,Kuskokwim,Kuskokwim,9.25873791,9.824210335,0.340991447,0.379685498,1.901109954,1.026358554,1.287236284,-1.107805781,-0.855110859,0.789675236,-0.9787657,-0.149730007,1.538789265,0.471970474,0.126179572,-0.577829718,-0.574520306,-0.554143376,-1.411008577,0.147976217
2013,Holitna,Kuskokwim,Kuskokwim,8.585265379,8.448587098,0.147473288,0.704065994,0.666952361,1.57609109,1.459631122,-1.116805185,-0.372254211,1.930878401,-0.747945671,-1.414439018,1.412743509,0.126179572,-1.303417495,-0.302647496,-0.054044364,0.147976217,0.926826185,0.734128171
1993,Holokuk,Kuskokwim,Kuskokwim,6.762660739,6.738751256,0.177522764,1.011142803,-0.40817108,0.768520328,0.87285227,0.521087951,0.328891266,-1.330623288,-0.517125642,0.854324964,0.924998972,0.156941221,1.486540515,1.28084709,-0.839249862,-0.019292506,1.083402771,-1.0626965
1994,Holokuk,Kuskokwim,Kuskokwim,7.279763661,5.650473815,0.921272423,1.099241214,0.088646354,-0.837131325,0.379401207,-0.92781748,0.36030738,-0.487292726,-0.170895598,0.0749332,-0.457251797,1.486540515,-0.949890976,1.114670311,0.647147269,-1.0626965,-1.497089968,0.368490769
1995,Holokuk,Kuskokwim,Kuskokwim,8.233301844,4.87640958,1.050408172,1.090494848,0.055788058,-0.972404924,0.133278485,0.431093828,0.352492657,0.651356856,-0.9787657,-1.203399789,-0.324969232,-0.949890976,-0.590195637,-0.385075119,-0.859499815,0.368490769,-0.064295122,-0.210804814
1996,Holokuk,Kuskokwim,Kuskokwim,8.563137639,3.927197633,0.863988259,1.56219702,-0.019128857,-0.690993441,-0.261924091,0.773071539,0.187642788,1.976581097,-0.517125642,-0.174341091,-0.362008369,-0.590195637,0.261853121,-1.753956336,-1.599336202,-0.210804814,1.152583227,2.444995346
1997,Holokuk,Kuskokwim,Kuskokwim,8.560645121,7.471380723,0.806669332,0.713680142,-1.949882321,-1.612129615,-0.384439504,0.935060923,-0.67726679,-0.790827155,0.867794532,-0.724581742,-0.228911759,0.261853121,-0.451074819,1.480259225,1.085328383,2.444995346,1.925189305,-1.328896333
1998,Holokuk,Kuskokwim,Kuskokwim,8.070511013,9.066639466,0.741869497,0.1849901,-0.505431635,1.750688392,-0.105968147,0.692076793,-1.058183776,-0.194070259,-0.055485584,0.566403203,-0.120236592,-0.451074819,-0.849971885,0.140458944,0.407542333,-1.328896333,-0.718568494,-0.618174944
1999,Holokuk,Kuskokwim,Kuskokwim,6.102873535,6.316797011,0.636674457,0.918790578,-1.341346682,-0.934909891,-0.116923799,-1.125804589,-0.106185171,0.43946759,0.636974503,-0.843569091,-0.421433756,-0.849971885,-0.222279877,-0.343530925,0.035053317,-0.618174944,-0.191451416,-0.787548281
2000,Holokuk,Kuskokwim,Kuskokwim,4.841191915,5.252169613,0.731767343,1.230791027,-2.227206339,1.238742079,0.226912612,-0.369853905,-0.13581215,-0.705744345,0.406154474,2.559285896,-0.887882336,-0.222279877,1.76918108,0.204852446,2.546903393,-0.787548281,1.258926535,-0.720162984
2001,Holokuk,Kuskokwim,Kuskokwim,5.619679091,8.760262825,0.231462299,0.243453675,0.488203232,0.27622058,0.395191846,-1.089806972,-0.128795344,0.153704485,-0.9787657,0.157924164,-0.694139296,1.76918108,-0.668605632,-1.099635269,-0.122737864,-0.720162984,-1.623120347,-0.056710922
2002,Holokuk,Kuskokwim,Kuskokwim,7.476037951,6.953926164,0.115754651,0.892102876,0.24373751,1.040137648,0.358632698,-0.945816289,-0.315433857,0.742252827,-0.9787657,1.057144023,-1.139015621,-0.668605632,-0.309043098,0.362720386,-0.038014647,-0.056710922,1.531333656,-0.896885326
2003,Holokuk,Kuskokwim,Kuskokwim,8.016195666,6.918088507,0.105774773,0.918981466,-0.019128857,-0.734980547,0.342849731,-1.125804589,0.251120119,0.914348523,-0.170895598,0.882345301,0.432500906,-0.309043098,0.591578247,-1.612706074,0.043170577,-0.896885326,-0.180527808,1.632702262
2004,Holokuk,Kuskokwim,Kuskokwim,7.889765301,8.843797577,0.14237113,0.181914398,0.622265079,-0.846140732,0.15124071,-0.270860377,-0.472618992,-0.311288039,1.444844604,0.103140304,-1.442247927,0.591578247,-0.002974684,-0.999929202,0.481852137,1.632702262,1.119449464,0.765516716
2005,Holokuk,Kuskokwim,Kuskokwim,7.670505576,6.174357246,0.14058219,0.697090845,0.758955589,-1.121271254,-0.073680463,0.404095588,-0.448089009,-2.127747297,-0.863355685,0.543399027,-0.426318034,-0.002974684,-0.562756282,-0.518016543,0.065655318,0.765516716,1.292789551,-0.715090614
2006,Holokuk,Kuskokwim,Kuskokwim,7.726303673,5.539628699,0.134855272,0.837095461,1.593556304,-1.085155005,0.394201158,1.844001615,-0.773056323,1.042119424,0.29074446,-0.321831404,2.590537883,-0.562756282,-0.982293767,0.358565967,-0.01842965,-0.715090614,0.703577097,1.533999923
2007,Holokuk,Kuskokwim,Kuskokwim,7.347835729,5.29727995,0.192580754,0.643087786,-0.003356875,-0.754324274,0.221592639,2.086985746,-1.723885667,-1.128539204,-0.170895598,-0.373684958,-0.345320444,-0.982293767,1.105949302,0.163308251,-1.080705754,1.533999923,0.708562436,0.047771391
2008,Holokuk,Kuskokwim,Kuskokwim,7.453685959,5.257473559,0.127485066,0.774007916,2.224435585,-0.842695959,0.244546513,1.924996468,-0.940204655,0.910072248,0.752384517,-0.796252144,-1.227339681,1.105949302,1.490328868,-0.920995232,-0.537343651,0.047771391,-1.316883841,1.103272115
2009,Holokuk,Kuskokwim,Kuskokwim,7.581123273,5.868933617,0.117119067,0.471895601,0.702439321,-1.793482516,0.450328684,0.440093232,-0.397059713,-0.441855231,0.059924431,-0.706673237,-0.723851963,1.490328868,-0.435476905,0.479044131,-0.460349266,1.103272115,1.562571973,-0.038986578
2010,Holokuk,Kuskokwim,Kuskokwim,6.670991871,5.33967691,0.129006286,0.650970604,-0.674980442,-1.389752462,0.776374563,2.806938732,-1.486390459,0.035055439,0.521564488,-0.770844673,0.29411302,-0.435476905,0.592808873,0.022057989,-0.707590177,-0.038986578,-0.306184415,-0.421796424
2011,Holokuk,Kuskokwim,Kuskokwim,5.457337052,5.825804689,0.19769119,0.737153422,1.229486386,0.400999704,0.869724829,1.394030972,-1.519215157,-0.677629351,2.137304691,0.829305199,-0.42713208,0.592808873,0.372271795,1.59242855,1.627381105,-0.421796424,-0.885349196,-0.554143376
2012,Holokuk,Kuskokwim,Kuskokwim,5.115464441,6.187850935,0.229427346,0.917163294,1.901109954,1.026358554,1.287236284,-1.107805781,-0.855110859,0.789675236,-0.9787657,0.187217336,1.40772848,0.372271795,0.31159703,-1.004083621,-0.645024261,-0.554143376,-1.411008577,0.147976217
2013,Holokuk,Kuskokwim,Kuskokwim,4.514146987,6.91162858,0.193321928,0.524464959,0.666952361,1.57609109,1.459631122,-1.116805185,-0.372254211,1.930878401,-0.747945671,-1.679138367,1.734975129,0.31159703,-1.155442387,-0.626031449,-0.328102116,0.147976217,0.926826185,0.734128171
1980,Kisaralik,Kuskokwim,Kuskokwim,8.98380156,5.522512939,0.827896527,1.509692935,-1.11791027,0,-2.018020252,0.017120837,1.728552738,-0.302185813,0.867794532,-0.954123198,-0.392316743,-1.084684252,-0.122121233,-0.212624753,-0.419244651,0.015366045,-1.215305255,0.119770747
1981,Kisaralik,Kuskokwim,Kuskokwim,7.694791745,7.6948664,0.742989717,1.050302431,0.402771662,0,-1.771016707,-0.423850384,1.807115208,0.415989797,0.059924431,1.061339994,-0.091908722,-0.122121233,0.784700948,1.144884942,1.991590302,0.119770747,-1.345581953,-0.900932526
1982,Kisaralik,Kuskokwim,Kuskokwim,6.375248923,9.781613318,0.256562181,0.305618465,-0.191306327,1.378255399,-1.404131795,0.017120837,1.666088125,-1.067292888,0.29074446,-0.234936367,0.557382043,0.784700948,-1.168541976,-1.108800399,-1.238091087,-0.900932526,-1.116420426,0.216937708
1983,Kisaralik,Kuskokwim,Kuskokwim,6.388129068,6.874395852,0.598117106,0.750430327,-0.660522792,0.28175755,-1.3445648,-0.126869775,1.492710201,-0.049611727,1.675664633,-0.148648199,1.816383101,-1.168541976,-0.231872636,-1.108800399,-1.175461827,0.216937708,0.804470442,-1.557292773
1984,Kisaralik,Kuskokwim,Kuskokwim,6.097044196,6.260228834,0.48425191,1.078070696,0.985020665,0.82020212,-1.489833947,-0.126869775,1.212412137,0.410774907,0.406154474,0.841003365,-0.74564654,-0.231872636,-0.49512414,2.069380104,-0.682917419,-1.557292773,-0.080545896,-0.181793063
1985,Kisaralik,Kuskokwim,Kuskokwim,6.018313474,7.773216995,0.25788485,0.924234357,-0.404228084,0.258006668,-1.27917655,-1.125804589,1.568583764,-0.335565368,0.867794532,0.066462171,0.944732676,-0.49512414,-1.263137024,-0.309459226,-0.302448496,-0.181793063,-0.423891435,0.006037064
1986,Kisaralik,Kuskokwim,Kuskokwim,7.362303911,8.881623917,0.470819428,0.659947114,-0.805099294,-0.346118634,-1.295741835,0.044119074,1.127390713,0.533319712,0.059924431,0.163376391,0.549376806,-1.263137024,0.093559033,-0.384368913,-1.032132919,0.006037064,-0.284102937,-1.355324157
1987,Kisaralik,Kuskokwim,Kuskokwim,8.683546398,7.993263616,0.346145945,0.750421595,1.462123121,-0.168182843,-1.11856755,-0.333856261,0.801156433,2.009610415,0.059924431,0.660794151,-1.840990925,0.093559033,2.892057432,-0.777188004,-0.426761274,-1.355324157,-1.338988693,0.047509837
1988,Kisaralik,Kuskokwim,Kuskokwim,8.412013163,8.901637261,0.250284964,0.843035561,1.242629705,-0.450256782,-1.123159668,-0.315857452,0.871173652,0.183154663,-0.517125642,0.006712336,-1.489662438,2.892057432,0.722604944,2.358969992,0.253955039,0.047509837,-0.016918663,-0.402307151
1989,Kisaralik,Kuskokwim,Kuskokwim,7.111556528,9.744299597,0.239602774,0.558729837,0.719525634,-0.319203977,-1.163538411,0.035119662,0.499952344,1.905602694,-0.286305613,-0.017544249,-0.005188399,0.722604944,3.63165121,0.472524824,1.086519117,-0.402307151,-0.928973201,0.038986823
1990,Kisaralik,Kuskokwim,Kuskokwim,7.76609623,7.493030199,0.186922943,1.255020848,-0.652636801,-0.535051202,-0.409177252,0.755072677,0.002418195,1.412793001,1.560254619,-1.709445783,0.584509797,3.63165121,0.502808614,-0.501301108,-1.691420982,0.038986823,-0.070856534,-0.558914464
1991,Kisaralik,Kuskokwim,Kuskokwim,7.602686877,7.616345059,0.190465962,1.04688942,0.561805814,0.268640913,0.239678913,-0.459848028,0.202147697,1.764180422,-0.9787657,-0.684362672,-1.183250631,0.502808614,0.65250716,-0.842962363,-0.699370589,-0.558914464,0.022921498,-1.433991532
1992,Kisaralik,Kuskokwim,Kuskokwim,8.155525196,6.007354919,0.355717894,1.3160982,1.313603624,-0.840046133,0.662912275,-0.44184922,0.338248855,1.299144904,-0.401715627,0.112653321,-0.557085428,0.65250716,0.036158676,1.857440502,-0.245991988,-1.433991532,0.341007334,0.552648394
1993,Kisaralik,Kuskokwim,Kuskokwim,8.692168412,9.136891064,0.232556051,0.367133745,-0.40817108,0.768520328,0.87285227,0.521087951,0.328891266,-1.330623288,-0.517125642,1.048670016,0.638765588,0.036158676,0.665444466,1.735940643,-0.328249019,0.552648394,1.410116371,-0.964005339
1994,Kisaralik,Kuskokwim,Kuskokwim,8.855730045,7.413127304,0.235721758,1.065383956,0.088646354,-0.837131325,0.379401207,-0.92781748,0.36030738,-0.487292726,-0.170895598,0.338555133,0.342582332,0.665444466,-0.881619536,0.710043344,1.536675797,-0.964005339,-1.511562694,1.394398617
1995,Kisaralik,Kuskokwim,Kuskokwim,8.967586117,9.673499887,0.234733673,1.095411541,0.055788058,-0.972404924,0.133278485,0.431093828,0.352492657,0.651356856,-0.9787657,-1.29591134,-0.583991035,-0.881619536,-0.590899793,-0.493079313,-0.904732023,1.394398617,0.110672719,-0.928880067
1996,Kisaralik,Kuskokwim,Kuskokwim,7.800447336,10.03612018,0.460468849,0.485870604,-0.019128857,-0.690993441,-0.261924091,0.773071539,0.187642788,1.976581097,-0.517125642,-0.503078208,-0.558419587,-0.590899793,0.082483227,-0.872195412,-1.013687158,-0.928880067,1.488443695,0.2232609
1997,Kisaralik,Kuskokwim,Kuskokwim,8.047621835,7.736854907,0.23060965,0.907350318,-1.949882321,-1.612129615,-0.384439504,0.935060923,-0.67726679,-0.790827155,0.867794532,-0.612766688,-0.158839093,0.082483227,-0.610737583,0.498103742,0.067876067,0.2232609,0.624242158,0.285257557
1998,Kisaralik,Kuskokwim,Kuskokwim,7.862272538,7.639148193,0.216040499,0.904471221,-0.505431635,1.750688392,-0.105968147,0.692076793,-1.058183776,-0.194070259,-0.055485584,-0.234759086,-0.62245921,-0.610737583,-0.658090579,0.121728241,0.009327671,0.285257557,-0.437884856,0.365974732
1999,Kisaralik,Kuskokwim,Kuskokwim,8.149463622,9.088142336,0.391994984,0.672985298,-1.341346682,-0.934909891,-0.116923799,-1.125804589,-0.106185171,0.43946759,0.636974503,-0.702102783,-1.395381882,-0.658090579,-0.560341504,0.280682943,-0.130898861,0.365974732,-0.033295864,0.206266429
2000,Kisaralik,Kuskokwim,Kuskokwim,8.64026051,11.02483003,0.480890457,0.229415496,-2.227206339,1.238742079,0.226912612,-0.369853905,-0.13581215,-0.705744345,0.406154474,3.008308421,-0.360074643,-0.560341504,0.554594193,0.253276959,2.255968244,0.206266429,1.60884745,-1.29895527
2001,Kisaralik,Kuskokwim,Kuskokwim,9.687586596,5.882010086,0.61175194,1.476860869,0.488203232,0.27622058,0.395191846,-1.089806972,-0.128795344,0.153704485,-0.9787657,0.719525215,0.337690274,0.554594193,-0.782280197,-0.874022477,-0.092298919,-1.29895527,-1.654256497,1.346232786
2002,Kisaralik,Kuskokwim,Kuskokwim,9.045208294,9.520253496,0.242615839,0.653517825,0.24373751,1.040137648,0.358632698,-0.945816289,-0.315433857,0.742252827,-0.9787657,0.540251073,-0.537517765,-0.782280197,-0.60759421,-0.466586862,-0.307140956,1.346232786,1.917271563,0.86432958
2003,Kisaralik,Kuskokwim,Kuskokwim,8.30828614,9.456270576,0.249357458,0.544303263,-0.019128857,-0.734980547,0.342849731,-1.125804589,0.251120119,0.914348523,-0.170895598,0.739840803,0.228289536,-0.60759421,-0.017107112,-1.457769917,0.225287507,0.86432958,-0.020927963,1.322518296
2004,Kisaralik,Kuskokwim,Kuskokwim,9.865889525,5.836458855,0.166611319,1.317721187,0.622265079,-0.846140732,0.15124071,-0.270860377,-0.472618992,-0.311288039,1.444844604,0.393758568,-0.447684405,-0.017107112,-0.056479164,-0.952586295,0.524897515,1.322518296,0.282962321,0.3098478
2005,Kisaralik,Kuskokwim,Kuskokwim,10.04274051,7.16969076,0.176561499,1.531842816,0.758955589,-1.121271254,-0.073680463,0.404095588,-0.448089009,-2.127747297,-0.863355685,0.158998281,0.544929894,-0.056479164,-0.213625996,-0.138171803,0.070953766,0.3098478,1.64718775,-0.068446135
2006,Kisaralik,Kuskokwim,Kuskokwim,9.619796064,8.358459915,0.169141164,0.541150219,1.593556304,-1.085155005,0.394201158,1.844001615,-0.773056323,1.042119424,0.29074446,-0.378949273,1.379001299,-0.213625996,-0.668231781,-0.615492704,0.492316513,-0.068446135,0.980071092,1.140801562
2007,Kisaralik,Kuskokwim,Kuskokwim,8.801026388,9.061316792,0.174533638,0.466694019,-0.003356875,-0.754324274,0.221592639,2.086985746,-1.723885667,-1.128539204,-0.170895598,-0.43513933,-0.208202827,-0.668231781,1.216224811,-0.491252247,-0.575860613,1.140801562,0.98571558,-0.457205955
2008,Kisaralik,Kuskokwim,Kuskokwim,8.500720631,8.793633263,0.185335694,0.520253326,2.224435585,-0.842695959,0.244546513,1.924996468,-0.940204655,0.910072248,0.752384517,-0.935812143,-1.17457867,1.216224811,0.667482148,-1.385600828,-1.137127947,-0.457205955,-1.715869808,-0.071411007
2009,Kisaralik,Kuskokwim,Kuskokwim,7.985698224,7.751928156,0.332778412,0.75133374,0.702439321,-1.793482516,0.450328684,0.440093232,-0.397059713,-0.441855231,0.059924431,-0.9410836,-1.068290542,0.667482148,-0.353934053,0.598592346,-0.705989038,-0.071411007,0.285413412,-0.977333286
2010,Kisaralik,Kuskokwim,Kuskokwim,7.107875777,8.067497905,0.248057729,0.567594802,-0.674980442,-1.389752462,0.776374563,2.806938732,-1.486390459,0.035055439,0.521564488,-0.766419017,1.769020534,-0.353934053,0.179437008,0.488968414,-0.873917332,-0.977333286,-0.163198573,-1.574585311
2011,Kisaralik,Kuskokwim,Kuskokwim,7.907487095,8.603433576,0.259921947,0.508598029,1.229486386,0.400999704,0.869724829,1.394030972,-1.519215157,-0.677629351,2.137304691,-0.36172681,-0.312044926,0.179437008,0.617536007,1.524001041,0.683663825,-1.574585311,-0.81893908,-1.638057197
2012,Kisaralik,Kuskokwim,Kuskokwim,8.49465124,8.375621029,0.220108657,0.735444366,1.901109954,1.026358554,1.287236284,-1.107805781,-0.855110859,0.789675236,-0.9787657,-0.291518639,0.568944468,0.617536007,0.345005376,-0.664823473,-1.005900187,-1.638057197,-1.414099836,-0.932985521
2013,Kisaralik,Kuskokwim,Kuskokwim,7.641560175,7.087692585,0.158091478,0.899499079,0.666952361,1.57609109,1.459631122,-1.116805185,-0.372254211,1.930878401,-0.747945671,-1.565947332,0.726597781,0.345005376,-1.135760057,-1.279631027,-0.652124913,-0.932985521,1.232837618,1.117446148
1980,Kogrukluk,Kuskokwim,Kuskokwim,9.846478409,9.088348845,0.44892654,0.172736286,-1.11791027,0,-2.018020252,0.017120837,1.728552738,-0.302185813,0.867794532,-0.679320509,0.5280925,-1.198491911,-0.618492562,-0.614701771,0.302415171,-0.8339623,-1.194149005,0.195182299
1981,Kogrukluk,Kuskokwim,Kuskokwim,9.686350063,9.801907743,0.049670679,0.174841121,0.402771662,0,-1.771016707,-0.423850384,1.807115208,0.415989797,0.059924431,0.929077906,-1.063445222,-0.618492562,0.686886096,0.924675077,2.60111411,0.195182299,-1.030426091,-1.556939532
1982,Kogrukluk,Kuskokwim,Kuskokwim,9.467478189,9.32136116,0.049569116,0.142180639,-0.191306327,1.378255399,-1.404131795,0.017120837,1.666088125,-1.067292888,0.29074446,0.072940305,0.986471102,0.686886096,-1.517684969,-1.17257924,-1.733422571,-1.556939532,-1.041198377,-0.30504213
1983,Kogrukluk,Kuskokwim,Kuskokwim,9.038326567,10.22562059,0.318176884,0.136278534,-0.660522792,0.28175755,-1.3445648,-0.126869775,1.492710201,-0.049611727,1.675664633,0.283287096,0.735313728,-1.517684969,-0.4076275,-1.58316663,-2.062889151,-0.30504213,0.814335151,0.385566441
1984,Kogrukluk,Kuskokwim,Kuskokwim,8.532646866,9.16160053,0.048781845,0.150051064,0.985020665,0.82020212,-1.489833947,-0.126869775,1.212412137,0.410774907,0.406154474,1.52146914,-1.626745965,-0.4076275,-0.056980344,0.817792011,-0.029154077,0.385566441,-0.040568954,-2.062619934
1985,Kogrukluk,Kuskokwim,Kuskokwim,8.388164038,10.10698316,0.049109126,0.102073612,-0.404228084,0.258006668,-1.27917655,-1.125804589,1.568583764,-0.335565368,0.867794532,0.369189294,0.515632996,-0.056980344,-1.268325957,0.28468013,0.558994656,-2.062619934,-1.726586098,-0.483396352
1986,Kogrukluk,Kuskokwim,Kuskokwim,8.665014521,9.6355276,0.365435084,0.084175245,-0.805099294,-0.346118634,-1.295741835,0.044119074,1.127390713,0.533319712,0.059924431,1.510748642,1.140575497,-1.268325957,-0.2622311,0.473680675,-0.431944105,-0.483396352,-0.237200069,-0.234403942
1987,Kogrukluk,Kuskokwim,Kuskokwim,9.40792847,9.511111023,0.216326343,0.068122928,1.462123121,-0.168182843,-1.11856755,-0.333856261,0.801156433,2.009610415,0.059924431,-0.824664799,-0.803762924,-0.2622311,1.382958693,0.110017558,-1.2601087,-0.234403942,-1.256193871,-0.153907317
1988,Kogrukluk,Kuskokwim,Kuskokwim,8.97912768,9.407252033,0.04968492,0.080410852,1.242629705,-0.450256782,-1.123159668,-0.315857452,0.871173652,0.183154663,-0.517125642,-0.817093525,-0.487029212,1.382958693,0.245981406,1.988291935,0.501878325,-0.153907317,0.020893395,-1.329560796
1989,Kogrukluk,Kuskokwim,Kuskokwim,9.509682981,10.44496715,0.19574953,0.057573691,0.719525634,-0.319203977,-1.163538411,0.035119662,0.499952344,1.905602694,-0.286305613,-0.543774597,1.446816995,0.245981406,3.097559125,0.327694047,-0.501170061,-1.329560796,-0.860128949,0.480933038
1990,Kogrukluk,Kuskokwim,Kuskokwim,9.189953149,9.673797969,0.048118295,0.070021487,-0.652636801,-0.535051202,-0.409177252,0.755072677,0.002418195,1.412793001,1.560254619,-1.609923674,-0.007010418,3.097559125,0.747536232,0.627488014,-1.494899698,0.480933038,-0.031209268,-0.874726757
1991,Kogrukluk,Kuskokwim,Kuskokwim,8.900011822,10.14786494,0.045208501,0.053328573,0.561805814,0.268640913,0.239678913,-0.459848028,0.202147697,1.764180422,-0.9787657,-1.01972534,0.573995937,0.747536232,0.813033278,-0.640770811,-0.815974804,-0.874726757,0.059378015,-1.438370516
1992,Kogrukluk,Kuskokwim,Kuskokwim,8.868352732,9.340262297,0.042670795,0.103399128,1.313603624,-0.840046133,0.662912275,-0.44184922,0.338248855,1.299144904,-0.401715627,-0.454442263,-0.246364051,0.813033278,0.638619617,0.967688995,0.083582389,-1.438370516,0.366641141,-0.604464781
1993,Kogrukluk,Kuskokwim,Kuskokwim,9.339005288,9.937537362,0.04390699,0.081768576,-0.40817108,0.768520328,0.87285227,0.521087951,0.328891266,-1.330623288,-0.517125642,0.270477042,0.907779497,0.638619617,1.630375328,1.331352111,-0.258882398,-0.604464781,1.399374284,0.080549865
1994,Kogrukluk,Kuskokwim,Kuskokwim,9.422090822,8.793693654,0.084428322,0.099404629,0.088646354,-0.837131325,0.379401207,-0.92781748,0.36030738,-0.487292726,-0.170895598,-0.218167078,0.643506855,1.630375328,-0.924832563,1.109765266,1.493157741,0.080549865,-1.422896129,1.423171794
1995,Kogrukluk,Kuskokwim,Kuskokwim,9.906389814,9.148927214,0.048930149,0.078665079,0.055788058,-0.972404924,0.133278485,0.431093828,0.352492657,0.651356856,-0.9787657,-0.952710606,0.310706835,-0.924832563,-0.235790292,-0.743743522,-0.540844368,1.423171794,0.144143545,0.443681621
1996,Kogrukluk,Kuskokwim,Kuskokwim,9.458571513,9.321853832,0.046964168,0.064527639,-0.019128857,-0.690993441,-0.261924091,0.773071539,0.187642788,1.976581097,-0.517125642,-0.792242242,-1.03393587,-0.235790292,0.252690652,-1.656159943,-0.997431974,0.443681621,1.47503656,0.259704925
1997,Kogrukluk,Kuskokwim,Kuskokwim,9.557910732,9.717847161,0.045661348,0.051880164,-1.949882321,-1.612129615,-0.384439504,0.935060923,-0.67726679,-0.790827155,0.867794532,-0.758805194,1.989789073,0.252690652,-0.77915443,-0.064645014,1.091038642,0.259704925,0.640239043,0.581926854
1998,Kogrukluk,Kuskokwim,Kuskokwim,9.00510083,9.652461645,0.194246822,0.053858391,-0.505431635,1.750688392,-0.105968147,0.692076793,-1.058183776,-0.194070259,-0.055485584,-0.717161479,-0.949998158,-0.77915443,-0.26686402,0.081341614,0.294187799,0.581926854,-0.571431567,0.254768791
1999,Kogrukluk,Kuskokwim,Kuskokwim,8.632853231,10.02097847,0.04923149,0.047750953,-1.341346682,-0.934909891,-0.116923799,-1.125804589,-0.106185171,0.43946759,0.636974503,-0.69889537,-0.263413899,-0.26686402,-0.502139919,-0.621219031,-0.297818782,0.254768791,0.00507342,0.044943038
2000,Kogrukluk,Kuskokwim,Kuskokwim,8.120303079,10.45652097,0.041820635,0.040654435,-2.227206339,1.238742079,0.226912612,-0.369853905,-0.13581215,-0.705744345,0.406154474,1.689888225,-1.083773887,-0.502139919,0.455350223,-0.273197339,0.883634797,0.044943038,1.591343638,-1.170379802
2001,Kogrukluk,Kuskokwim,Kuskokwim,8.937510982,10.00824422,0.041431824,0.052714233,0.488203232,0.27622058,0.395191846,-1.089806972,-0.128795344,0.153704485,-0.9787657,0.607642318,-0.744088456,0.455350223,-0.645453886,-1.066999625,0.03123051,-1.170379802,-1.560734847,0.816174141
2002,Kogrukluk,Kuskokwim,Kuskokwim,9.182606945,9.936755638,0.036017153,0.063201477,0.24373751,1.040137648,0.358632698,-0.945816289,-0.315433857,0.742252827,-0.9787657,0.810007245,-0.181771337,-0.645453886,-0.589789737,-0.095927863,-0.243683487,0.816174141,1.889273776,0.552883702
2003,Kogrukluk,Kuskokwim,Kuskokwim,9.411282701,9.826149222,0.035900314,0.07838213,-0.019128857,-0.734980547,0.342849731,-1.125804589,0.251120119,0.914348523,-0.170895598,1.489467093,-0.076521336,-0.589789737,0.1600553,-1.713511833,-0.039379436,0.552883702,0.017020509,0.135744061
2004,Kogrukluk,Kuskokwim,Kuskokwim,9.847600953,9.857762709,0.033358791,0.069712611,0.622265079,-0.846140732,0.15124071,-0.270860377,-0.472618992,-0.311288039,1.444844604,-0.072454625,-1.39493359,0.1600553,-0.512708139,-1.579256273,0.770824158,0.135744061,0.31057108,1.346128335
2005,Kogrukluk,Kuskokwim,Kuskokwim,10.05800575,9.330627992,0.034154632,0.076243683,0.758955589,-1.121271254,-0.073680463,0.404095588,-0.448089009,-2.127747297,-0.863355685,0.553257666,-0.988688197,-0.512708139,-0.301881437,-0.17804534,-0.034791595,1.346128335,1.628379429,0.348395211
2006,Kogrukluk,Kuskokwim,Kuskokwim,9.80414038,9.611707481,0.034518011,0.069576339,1.593556304,-1.085155005,0.394201158,1.844001615,-0.773056323,1.042119424,0.29074446,-0.057769887,2.541613852,-0.301881437,-0.980316588,-0.090714054,-0.017430682,0.348395211,0.983961078,1.805387499
2007,Kogrukluk,Kuskokwim,Kuskokwim,9.340395941,9.55550774,0.045210172,0.071266952,-0.003356875,-0.754324274,0.221592639,2.086985746,-1.723885667,-1.128539204,-0.170895598,-0.461170118,-0.533916314,-0.980316588,1.2400171,0.323783691,-1.030286002,1.805387499,0.989413515,-0.302203669
2008,Kogrukluk,Kuskokwim,Kuskokwim,9.175451669,8.047436,0.035730251,0.109379601,2.224435585,-0.842695959,0.244546513,1.924996468,-0.940204655,0.910072248,0.752384517,-0.591983298,-0.799828344,1.2400171,1.855462211,-0.133727971,-0.900605678,-0.302203669,-1.620251796,0.437147802
2009,Kogrukluk,Kuskokwim,Kuskokwim,9.138690237,8.172265134,0.036029783,0.091446288,0.702439321,-1.793482516,0.450328684,0.440093232,-0.397059713,-0.441855231,0.059924431,-0.904360594,-0.406698219,1.855462211,-0.418624245,0.726550369,-0.601307043,0.437147802,0.312938773,0.257354378
2010,Kogrukluk,Kuskokwim,Kuskokwim,8.642763055,8.631097522,0.036581502,0.077864828,-0.674980442,-1.389752462,0.776374563,2.806938732,-1.486390459,0.035055439,0.521564488,-0.768288443,0.43300681,-0.418624245,0.792377828,-0.619915579,-0.563566459,0.257354378,-0.120409415,-1.279001598
2011,Kogrukluk,Kuskokwim,Kuskokwim,8.80671705,9.512723382,0.038625304,0.068221825,1.229486386,0.400999704,0.869724829,1.394030972,-1.519215157,-0.677629351,2.137304691,0.513276841,-0.90376686,0.792377828,0.748454366,1.927029689,1.043259613,-1.279001598,-0.753838683,-1.564897451
2012,Kogrukluk,Kuskokwim,Kuskokwim,8.913568827,9.441347201,0.060619459,0.18444012,1.901109954,1.026358554,1.287236284,-1.107805781,-0.855110859,0.789675236,-0.9787657,-0.181401168,0.905812207,0.748454366,0.27343567,-0.917102642,-0.915750491,-1.564897451,-1.328749396,-0.670011593
2013,Kogrukluk,Kuskokwim,Kuskokwim,7.602621565,9.412457443,0.041105712,0.266375228,0.666952361,1.57609109,1.459631122,-1.116805185,-0.372254211,1.930878401,-0.747945671,-1.480557482,1.222873906,0.27343567,-1.30794602,-0.391811474,-0.194367354,-0.670011593,1.228127351,0.772492315
1992,Kwethluk,Kuskokwim,Kuskokwim,9.179041641,9.043026729,0.049606952,0.64335261,1.313603624,-0.840046133,0.662912275,-0.44184922,0.338248855,1.299144904,-0.401715627,0.026306614,-0.920921219,0.663332239,-0.148750304,1.756361324,-0.170303107,-1.433991532,0.341007334,0.552648394
1993,Kwethluk,Kuskokwim,Kuskokwim,9.886091483,10.93971766,0.272541106,0.284325157,-0.40817108,0.768520328,0.87285227,0.521087951,0.328891266,-1.330623288,-0.517125642,1.58868057,0.655134018,-0.148750304,0.549849732,1.677791107,-0.001051074,0.552648394,1.410116371,-0.964005339
1994,Kwethluk,Kuskokwim,Kuskokwim,10.154246,8.576574775,0.297346892,0.13704734,0.088646354,-0.837131325,0.379401207,-0.92781748,0.36030738,-0.487292726,-0.170895598,0.124979083,0.363971228,0.549849732,-0.910764184,0.99815887,1.047009783,-0.964005339,-1.511562694,1.394398617
1995,Kwethluk,Kuskokwim,Kuskokwim,10.48309948,9.30690777,0.369548521,0.114222906,0.055788058,-0.972404924,0.133278485,0.431093828,0.352492657,0.651356856,-0.9787657,-1.093930674,-0.081343835,-0.910764184,-0.527748669,-0.31265439,-0.946346783,1.394398617,0.110672719,-0.928880067
1996,Kwethluk,Kuskokwim,Kuskokwim,9.76005591,9.060652397,0.377967754,0.073677414,-0.019128857,-0.690993441,-0.261924091,0.773071539,0.187642788,1.976581097,-0.517125642,-0.576028635,-0.948248784,-0.527748669,0.169940375,-1.171252261,-1.120003331,-0.928880067,1.488443695,0.2232609
1997,Kwethluk,Kuskokwim,Kuskokwim,10.01594532,9.317983226,0.301880139,0.056949463,-1.949882321,-1.612129615,-0.384439504,0.935060923,-0.67726679,-0.790827155,0.867794532,-1.033565164,-0.728386177,0.169940375,-0.837328499,-0.064721705,-0.128305572,0.2232609,0.624242158,0.285257557
1998,Kwethluk,Kuskokwim,Kuskokwim,9.652476021,10.12350526,0.33099405,0.041736082,-0.505431635,1.750688392,-0.105968147,0.692076793,-1.058183776,-0.194070259,-0.055485584,-0.834889806,-0.587773271,-0.837328499,-0.516000856,-0.547928539,-0.006558409,0.285257557,-0.437884856,0.365974732
1999,Kwethluk,Kuskokwim,Kuskokwim,9.444707432,10.32372933,0.275145994,0.052509672,-1.341346682,-0.934909891,-0.116923799,-1.125804589,-0.106185171,0.43946759,0.636974503,-0.057663798,-0.985762158,-0.516000856,-0.702760213,-0.441858746,-0.041470977,0.365974732,-0.033295864,0.206266429
2000,Kwethluk,Kuskokwim,Kuskokwim,8.072455971,11.00203571,0.046698522,0.045166967,-2.227206339,1.238742079,0.226912612,-0.369853905,-0.13581215,-0.705744345,0.406154474,2.442075493,-0.706275613,-0.702760213,-0.129174757,0.152219255,1.613734267,0.206266429,1.60884745,-1.29895527
2001,Kwethluk,Kuskokwim,Kuskokwim,8.890102113,9.80939448,0.073318637,0.059778576,0.488203232,0.27622058,0.395191846,-1.089806972,-0.128795344,0.153704485,-0.9787657,-0.330987859,0.130072071,-0.129174757,-0.798994965,-0.843876357,-0.139520798,-1.29895527,-1.654256497,1.346232786
2002,Kwethluk,Kuskokwim,Kuskokwim,9.090303984,9.922442609,0.037488575,0.051839716,0.24373751,1.040137648,0.358632698,-0.945816289,-0.315433857,0.742252827,-0.9787657,-0.08540505,-0.149787004,-0.798994965,-0.750597057,-0.342336472,-0.14808889,1.346232786,1.917271563,0.86432958
2003,Kwethluk,Kuskokwim,Kuskokwim,9.552574049,10.00107142,0.03639188,0.061324533,-0.019128857,-0.734980547,0.342849731,-1.125804589,0.251120119,0.914348523,-0.170895598,0.474072205,-0.193759621,-0.750597057,-0.261148061,-2.002350556,0.240779937,0.86432958,-0.020927963,1.322518296
2004,Kwethluk,Kuskokwim,Kuskokwim,10.29822913,8.853817543,0.035350291,0.07146494,0.622265079,-0.846140732,0.15124071,-0.270860377,-0.472618992,-0.311288039,1.444844604,0.551998784,-0.826020036,-0.261148061,-0.211885794,0.417175626,0.563560867,1.322518296,0.282962321,0.3098478
2005,Kwethluk,Kuskokwim,Kuskokwim,10.39386273,8.90891522,0.043178757,0.059824511,0.758955589,-1.121271254,-0.073680463,0.404095588,-0.448089009,-2.127747297,-0.863355685,-0.066930962,0.144356974,-0.211885794,-0.114638965,-0.616022727,-0.102264945,0.3098478,1.64718775,-0.068446135
2006,Kwethluk,Kuskokwim,Kuskokwim,9.960096117,8.27216109,0.034018957,0.077698985,1.593556304,-1.085155005,0.394201158,1.844001615,-0.773056323,1.042119424,0.29074446,0.083786449,2.703583689,-0.114638965,-0.687540923,-0.477651845,0.805185787,-0.068446135,0.980071092,1.140801562
2007,Kwethluk,Kuskokwim,Kuskokwim,9.362206312,8.874843145,0.033540392,0.081659333,-0.003356875,-0.754324274,0.221592639,2.086985746,-1.723885667,-1.128539204,-0.170895598,-0.198483649,0.186838837,-0.687540923,1.151961988,0.07081185,-0.358681521,1.140801562,0.98571558,-0.457205955
2008,Kwethluk,Kuskokwim,Kuskokwim,9.004047,7.938820129,0.032432973,0.086798374,2.224435585,-0.842695959,0.244546513,1.924996468,-0.940204655,0.910072248,0.752384517,-0.713091267,-1.283881055,1.151961988,0.853526377,-1.02633386,-1.0157099,-0.457205955,-1.715869808,-0.071411007
2009,Kwethluk,Kuskokwim,Kuskokwim,8.764755123,8.044428094,0.033067097,0.06927537,0.702439321,-1.793482516,0.450328684,0.440093232,-0.397059713,-0.441855231,0.059924431,-0.815145289,0.156405906,0.853526377,-0.243751699,0.517570903,-0.631697552,-0.071411007,0.285413412,-0.977333286
2010,Kwethluk,Kuskokwim,Kuskokwim,7.742962691,8.585504208,0.036216071,0.061082932,-0.674980442,-1.389752462,0.776374563,2.806938732,-1.486390459,0.035055439,0.521564488,-0.725400582,0.802206007,-0.243751699,0.081963529,0.327693018,-0.913082292,-0.977333286,-0.163198573,-1.574585311
2011,Kwethluk,Kuskokwim,Kuskokwim,8.020586322,9.344296663,0.040204099,0.074036526,1.229486386,0.400999704,0.869724829,1.394030972,-1.519215157,-0.677629351,2.137304691,-0.169196509,-1.263012733,0.081963529,0.740570647,1.78386104,0.687752637,-1.574585311,-0.81893908,-1.638057197
2012,Kwethluk,Kuskokwim,Kuskokwim,8.118529673,9.40968345,0.067210294,0.192636568,1.901109954,1.026358554,1.287236284,-1.107805781,-0.855110859,0.789675236,-0.9787657,-0.399023052,0.791274981,0.740570647,0.330117859,-0.921573571,-0.962526237,-1.638057197,-1.414099836,-0.932985521
2013,Kwethluk,Kuskokwim,Kuskokwim,7.169041547,9.216031769,0.056831109,0.271067082,0.666952361,1.57609109,1.459631122,-1.116805185,-0.372254211,1.930878401,-0.747945671,-1.487430125,1.526138063,0.330117859,-0.955467983,-1.345416242,-0.761637332,-0.932985521,1.232837618,1.117446148
1985,LwrMain,Yukon (CA),Yukon,8.337748844,10.44560806,0.176205221,0.145559604,0.048822006,0.258006668,-1.27917655,-1.125804589,0.503640325,-0.335565368,0.736646271,-0.102988989,0.15051159,0.073875907,-0.171774363,0.14667394,-1.275088781,-0.83301281,-0.499630221,-0.554607685
1986,LwrMain,Yukon (CA),Yukon,8.922343471,9.362328883,0.135405305,0.445820153,-0.291208909,-0.346118634,-1.295741835,0.044119074,0.223767349,0.533319712,-0.851150873,-1.144750043,1.934948536,-0.171774363,0.360470766,-0.303169796,-0.502320925,-0.554607685,-0.721003148,-1.839511746
1987,LwrMain,Yukon (CA),Yukon,8.361364477,9.826736042,0.144560888,0.579774944,1.274494666,-0.168182843,-1.11856755,-0.333856261,2.133267458,2.009610415,-1.248100159,-0.600504897,-0.032871893,0.360470766,0.769647006,1.23297781,-0.371292838,-1.839511746,-0.4311589,-0.332362658
1988,LwrMain,Yukon (CA),Yukon,7.923372381,11.06615021,0.178848656,0.179338839,0.683777694,-0.450256782,-1.123159668,-0.315857452,1.229346002,0.183154663,-1.049625516,-1.100924181,0.609215568,0.769647006,0.257610607,-1.077136748,-1.335763571,-0.332362658,-0.266156538,2.628292162
1989,LwrMain,Yukon (CA),Yukon,7.405795886,9.438359426,0.283430544,0.575117254,2.252950972,-0.319203977,-1.163538411,0.035119662,2.077117343,1.905602694,-0.851150873,-0.488784511,-1.077599637,0.257610607,0.762048216,0.376506766,-0.307323568,2.628292162,0.56664781,0.445121893
1990,LwrMain,Yukon (CA),Yukon,7.810462839,9.770907671,0.220596967,0.415421933,-0.481175159,-0.535051202,-0.409177252,0.755072677,0.605303195,1.412793001,0.538171628,0.231476805,-0.471091044,0.762048216,2.030655057,-0.191199958,-0.492692471,0.445121893,1.594796098,-0.90782439
1991,LwrMain,Yukon (CA),Yukon,9.370217749,10.56270331,0.108802443,0.133884383,0.10173498,0.268640913,0.239678913,-0.459848028,0.519564766,1.764180422,-1.248100159,-0.715599175,0.709777656,2.030655057,1.056846436,-0.32477801,-0.460229346,-0.90782439,2.144658043,-1.173026553
1992,LwrMain,Yukon (CA),Yukon,8.800613871,7.157247116,0.161625204,0.654166248,0.042750026,-0.840046133,0.662912275,-0.44184922,-1.061892755,1.299144904,-0.851150873,-0.48570211,-0.20586599,1.056846436,0.828275705,0.106404086,-0.820656734,-1.173026553,-0.751166717,-0.058978287
1993,LwrMain,Yukon (CA),Yukon,9.250821925,9.779570688,0.110162722,0.227516103,0.348951334,0.768520328,0.87285227,0.521087951,-0.821515928,-1.330623288,-0.65267623,-1.067761587,-0.147841897,0.828275705,-0.129112387,-0.687206698,-0.707934966,-0.058978287,-0.314242202,0.742756318
1994,LwrMain,Yukon (CA),Yukon,9.508672144,9.67548845,0.105510579,0.192799932,-1.117865699,-0.837131325,0.379401207,-0.92781748,0.891616251,-0.487292726,0.339696985,-0.771215761,-1.207761791,-0.129112387,-1.460109492,0.182032837,-0.599685385,0.742756318,-0.78533462,0.338410109
1995,LwrMain,Yukon (CA),Yukon,9.163458329,8.59457921,0.141125586,0.53835563,-0.053534238,-0.972404924,0.133278485,0.431093828,1.664572407,0.651356856,-0.255726944,-0.73568119,-0.295254457,-1.460109492,0.822883525,-0.063515054,-0.558931503,0.338410109,0.565697306,-0.924884532
1996,LwrMain,Yukon (CA),Yukon,9.240993753,9.205642972,0.108509664,0.378024637,-1.531627807,-0.690993441,-0.261924091,0.773071539,0.837133129,1.976581097,-0.255726944,-0.67323183,-0.759055208,0.822883525,-0.157068184,1.018860049,0.157482381,-0.924884532,-0.080878217,0.511984988
1997,LwrMain,Yukon (CA),Yukon,9.328526335,10.2901042,0.094748457,0.172629356,-1.987026354,-1.612129615,-0.384439504,0.935060923,0.225062571,-0.790827155,0.538171628,-0.725813486,0.313410373,-0.157068184,-1.695696351,-1.352150386,-0.680515067,0.511984988,-0.223147353,-0.268471266
1998,LwrMain,Yukon (CA),Yukon,7.93796114,10.27550998,0.160685362,0.170528584,-0.154155632,1.750688392,-0.105968147,0.692076793,-0.535231891,-0.194070259,-0.057252301,0.766698114,-1.348313394,-1.695696351,1.447045018,-1.240180548,-0.71126194,-0.268471266,0.173458176,0.073630383
1999,LwrMain,Yukon (CA),Yukon,8.585277645,9.242024166,0.122014922,0.37256266,-0.091700974,-0.934909891,-0.116923799,-1.125804589,0.356816741,0.43946759,0.538171628,-0.611492565,-0.689073447,1.447045018,-0.413527601,1.7230914,0.012068237,0.073630383,1.108845598,-0.979099556
2000,LwrMain,Yukon (CA),Yukon,8.794387638,10.38485249,0.107575105,0.108154879,-0.227019399,1.238742079,0.226912612,-0.369853905,-0.850920667,-0.705744345,1.332070201,-1.360728338,-0.26702652,-0.413527601,-0.098171463,0.786080648,-0.585942692,-0.979099556,-1.322570002,0.052257329
2001,LwrMain,Yukon (CA),Yukon,9.003214259,9.595546751,0.174325543,0.257082977,0.063568245,0.27622058,0.395191846,-1.089806972,0.194985907,0.153704485,-0.851150873,-0.273835685,0.260090937,-0.098171463,-0.212398346,0.304806782,-0.19630075,0.052257329,-1.333107353,0.059600255
2002,LwrMain,Yukon (CA),Yukon,8.973978064,8.417306287,0.11397031,0.248063662,-0.07175018,1.040137648,0.358632698,-0.945816289,-0.660071922,0.742252827,-0.255726944,2.553521612,0.45905875,-0.212398346,2.277744477,-0.291383497,-0.03469918,0.059600255,-1.701709255,-1.415671142
2003,LwrMain,Yukon (CA),Yukon,9.640897083,9.446280136,0.096005538,0.119137869,-0.678948243,-0.734980547,0.342849731,-1.125804589,0.890226185,0.914348523,-1.248100159,-0.143845577,0.481013812,2.277744477,2.261729505,-2.073078994,-1.06821823,-1.415671142,-0.051346213,-0.189540727
2004,LwrMain,Yukon (CA),Yukon,9.327124315,8.594279077,0.102385308,0.203670091,0.580554024,-0.846140732,0.15124071,-0.270860377,1.170287885,-0.311288039,1.133595558,-0.006323469,1.346670549,2.261729505,0.97867227,-0.720601211,0.112850149,-0.189540727,1.821701485,0.456917829
2005,LwrMain,Yukon (CA),Yukon,9.357634401,8.982878423,0.108949473,0.177166934,0.957016822,-1.121271254,-0.073680463,0.404095588,0.356061511,-2.127747297,-0.255726944,-0.728053175,-1.012126505,0.97867227,-0.764198347,-1.049635385,-0.82153407,0.456917829,-0.028392636,0.827839122
2006,LwrMain,Yukon (CA),Yukon,9.564377997,9.056557015,0.029830248,0.347866384,0.94920999,-1.085155005,0.394201158,1.844001615,0.025928011,1.042119424,-0.255726944,0.508730274,-0.995464181,-0.764198347,-0.33336725,0.160424622,0.745507113,0.827839122,-1.015617786,0.42093715
2007,LwrMain,Yukon (CA),Yukon,8.388245572,9.541742526,0.196184933,0.396988312,-0.19579207,-0.754324274,0.221592639,2.086985746,-1.462195681,-1.128539204,-0.255726944,1.033421573,-0.282120688,-0.33336725,-0.152187438,1.411736674,0.834452848,0.42093715,1.463179961,0.041271451
2008,LwrMain,Yukon (CA),Yukon,8.455421094,7.513705687,0.077934645,0.396723666,2.095079476,-0.842695959,0.244546513,1.924996468,-0.120712933,0.910072248,-1.248100159,1.697610149,-0.077762216,-0.152187438,-0.725109601,-0.974988826,-0.009774748,0.041271451,0.106371583,0.577806028
2009,LwrMain,Yukon (CA),Yukon,8.884590211,9.462384257,0.099117096,0.1170585,-0.169769296,-1.793482516,0.450328684,0.440093232,0.070055154,-0.441855231,0.339696985,1.658061421,-0.395228526,-0.725109601,-1.536471802,0.207569817,2.049748972,0.577806028,0.482663549,-0.033575505
2010,LwrMain,Yukon (CA),Yukon,8.164031274,8.644645698,0.115629022,0.209237548,0.1225532,-1.389752462,0.776374563,2.806938732,-1.068487635,0.035055439,-0.851150873,1.870918047,-0.663197838,-1.536471802,-1.35818856,0.632858764,2.659266764,-0.033575505,-0.163445031,-0.3939771
2011,LwrMain,Yukon (CA),Yukon,8.631093778,9.91257387,0.146323064,0.08832076,0.656020069,0.400999704,0.869724829,1.394030972,-0.95706175,-0.677629351,1.92749413,-0.098454412,-0.114517374,-1.35818856,-0.784521741,-0.034049308,0.61349668,-0.3939771,-0.803124742,0.351544441
2012,LwrMain,Yukon (CA),Yukon,8.847537638,9.476221303,0.045681543,0.122819538,0.68464512,1.026358554,1.287236284,-1.107805781,-0.114277247,0.789675236,-0.65267623,0.587615573,-0.960767342,-0.784521741,0.307801773,-0.564432752,0.017791543,0.351544441,-0.739586956,-0.277916147
2013,LwrMain,Yukon (CA),Yukon,8.979277741,9.498112965,0.301935157,0.148738588,1.047229106,1.57609109,1.459631122,-1.116805185,-0.680329879,1.930878401,-0.255726944,1.592609335,0.826021932,0.307801773,-0.797851044,-0.163698594,2.050025478,-0.277916147,0.856696179,-0.082106447
2014,LwrMain,Yukon (CA),Yukon,9.000947969,9.351925357,0.116697231,0.414371511,3.023225086,0.90910377,1.50121983,-1.125804589,-1.036513689,1.793548982,-2.438948018,0.745932336,0.191089313,-0.797851044,0.818436161,0.449188942,2.491445353,-0.082106447,-0.138615289,0.031403653
2015,LwrMain,Yukon (CA),Yukon,9.373847783,9.204859734,0.046783096,0.871157886,0.498148572,1.636480907,1.489113037,-0.432849816,-0.544410373,0.15123721,-0.454201587,1.056136456,0.664887333,0.818436161,-0.518763273,1.448077762,1.388792593,0.031403653,0.847332041,1.356065593
1985,MidMain,Yukon (CA),Yukon,9.063427129,9.914926395,0.126548469,0.268161669,0.048822006,0.258006668,-1.27917655,-1.125804589,0.503640325,-0.335565368,0.736646271,1.112559405,0.559685748,0.276110065,0.380727916,1.020125632,-0.096672714,-0.293569936,-0.394040509,-0.079391965
1986,MidMain,Yukon (CA),Yukon,9.437014268,10.69723117,0.101936411,0.191040527,-0.291208909,-0.346118634,-1.295741835,0.044119074,0.223767349,0.533319712,-0.851150873,-0.820046363,1.350834766,0.380727916,-0.319472068,0.332458009,-0.022178268,-0.079391965,-1.093250934,-0.161212519
1987,MidMain,Yukon (CA),Yukon,8.927391104,9.595893944,0.127128473,0.451172965,1.274494666,-0.168182843,-1.11856755,-0.333856261,2.133267458,2.009610415,-1.248100159,0.19922946,0.662596809,-0.319472068,0.175049764,1.729806804,1.705279242,-0.161212519,-0.631574099,-1.027774347
1988,MidMain,Yukon (CA),Yukon,8.500286832,9.957376603,0.136704567,0.363494681,0.683777694,-0.450256782,-1.123159668,-0.315857452,1.229346002,0.183154663,-1.049625516,0.101065555,2.910263241,0.175049764,0.880579026,-0.500216851,-0.849930726,-1.027774347,-0.328544028,-0.844137058
1989,MidMain,Yukon (CA),Yukon,7.31471118,11.14775955,0.307343136,0.141602689,2.252950972,-0.319203977,-1.163538411,0.035119662,2.077117343,1.905602694,-0.851150873,-0.693825424,-0.877303443,0.880579026,2.073986009,0.149118529,0.248675754,-0.844137058,0.80781106,-0.380834458
1990,MidMain,Yukon (CA),Yukon,7.444853831,8.775508809,0.260032665,0.656348505,-0.481175159,-0.535051202,-0.409177252,0.755072677,0.605303195,1.412793001,0.538171628,0.83205037,-0.178054585,2.073986009,2.776032522,0.148542696,1.937883158,-0.380834458,1.42598793,-1.313565784
1991,MidMain,Yukon (CA),Yukon,9.258761684,11.31111818,0.135376539,0.094343793,0.10173498,0.268640913,0.239678913,-0.459848028,0.519564766,1.764180422,-1.248100159,0.788929358,0.145736146,2.776032522,0.704153401,1.061209262,-0.633054636,-1.313565784,2.024154452,-0.963828678
1992,MidMain,Yukon (CA),Yukon,9.440822631,7.125240249,0.152314204,0.607811807,0.042750026,-0.840046133,0.662912275,-0.44184922,-1.061892755,1.299144904,-0.851150873,-0.169778488,1.528893829,0.704153401,0.100126413,1.142863759,0.383481053,-0.963828678,-1.126064329,-0.421355162
1993,MidMain,Yukon (CA),Yukon,8.881362323,9.376948846,0.123408419,0.304911375,0.348951334,0.768520328,0.87285227,0.521087951,-0.821515928,-1.330623288,-0.65267623,-0.427985124,0.445058175,0.100126413,0.911869565,0.289199236,-0.800099303,-0.421355162,0.748268464,-0.084569901
1994,MidMain,Yukon (CA),Yukon,9.160538448,9.547737679,0.120669218,0.321644238,-1.117865699,-0.837131325,0.379401207,-0.92781748,0.891616251,-0.487292726,0.339696985,-0.04276298,0.033555172,0.911869565,0.348484136,-1.435536894,-0.854367259,-0.084569901,0.252513052,2.145253962
1995,MidMain,Yukon (CA),Yukon,9.94008253,10.58731236,0.09566079,0.212249026,-0.053534238,-0.972404924,0.133278485,0.431093828,1.664572407,0.651356856,-0.255726944,0.108444846,-1.513497558,0.348484136,0.402953968,-0.902220287,-1.018162398,2.145253962,0.306484295,-0.261168219
1996,MidMain,Yukon (CA),Yukon,9.668737876,10.95512614,0.081342116,0.113397977,-1.531627807,-0.690993441,-0.261924091,0.773071539,0.837133129,1.976581097,-0.255726944,-1.327695948,-0.579769685,0.402953968,0.608041928,-0.475451916,-0.42481328,-0.261168219,-0.367650222,-0.125814791
1997,MidMain,Yukon (CA),Yukon,10.00607548,9.225672472,0.091973425,0.414212466,-1.987026354,-1.612129615,-0.384439504,0.935060923,0.225062571,-0.790827155,0.538171628,-0.941018953,-0.254190984,0.608041928,-1.506677349,-1.579904816,-2.100028942,-0.125814791,-0.551659227,1.672050112
1998,MidMain,Yukon (CA),Yukon,7.853781147,10.47280032,0.143479498,0.137435299,-0.154155632,1.750688392,-0.105968147,0.692076793,-0.535231891,-0.194070259,-0.057252301,-1.254384299,-1.446490131,-1.506677349,0.364844417,-0.804822928,-0.508889561,1.672050112,-0.052290235,1.067556512
1999,MidMain,Yukon (CA),Yukon,8.374066275,10.12471339,0.127264796,0.094744564,-0.091700974,-0.934909891,-0.116923799,-1.125804589,0.356816741,0.43946759,0.538171628,-0.516928916,-0.187936449,0.364844417,-1.027641944,1.771721829,1.257249269,1.067556512,0.89734738,-0.243493047
2000,MidMain,Yukon (CA),Yukon,9.232966937,9.665065131,0.093514354,0.09943799,-0.227019399,1.238742079,0.226912612,-0.369853905,-0.850920667,-0.705744345,1.332070201,-0.929262345,1.358740136,-1.027641944,-0.566710466,0.867182869,-0.321873618,-0.243493047,-1.747664568,0.369711317
2001,MidMain,Yukon (CA),Yukon,10.51267821,7.825745237,0.132453806,0.256193836,0.063568245,0.27622058,0.395191846,-1.089806972,0.194985907,0.153704485,-0.851150873,0.152606741,1.444616856,-0.566710466,-1.467747048,-0.723808155,-0.47683816,0.369711317,-1.75912761,1.120739074
2002,MidMain,Yukon (CA),Yukon,10.04222509,9.51960564,0.079651557,0.076319924,-0.07175018,1.040137648,0.358632698,-0.945816289,-0.660071922,0.742252827,-0.255726944,-1.089697991,-0.93160566,-1.467747048,0.001881723,-1.261604264,-1.118917709,1.120739074,1.34598421,1.020793167
2003,MidMain,Yukon (CA),Yukon,9.371695884,8.840199329,0.103692283,0.075214674,-0.678948243,-0.734980547,0.342849731,-1.125804589,0.890226185,0.914348523,-1.248100159,-1.186710175,-0.862433817,0.001881723,0.376418689,-0.315853485,-1.214564025,1.020793167,-0.364765605,-0.575164905
2004,MidMain,Yukon (CA),Yukon,9.522192081,8.967238867,0.091716532,0.08692652,0.580554024,-0.846140732,0.15124071,-0.270860377,1.170287885,-0.311288039,1.133595558,0.550320948,-0.65143571,0.376418689,-0.592961925,0.490648392,0.630364974,-0.575164905,1.672826627,-0.504833916
2005,MidMain,Yukon (CA),Yukon,9.556516181,9.739520109,0.015104268,0.053289714,0.957016822,-1.121271254,-0.073680463,0.404095588,0.356061511,-2.127747297,-0.255726944,-1.350741538,-0.20374719,-0.592961925,-0.306014252,0.042186335,-0.057187564,-0.504833916,-0.33979559,0.221848593
2006,MidMain,Yukon (CA),Yukon,8.80550103,9.370997871,0.023362085,0.061233465,0.94920999,-1.085155005,0.394201158,1.844001615,0.025928011,1.042119424,-0.255726944,-0.106935858,-0.156691413,-0.306014252,1.400662473,1.749132447,1.105292323,0.221848593,-0.182292339,-0.818880348
2007,MidMain,Yukon (CA),Yukon,7.768120989,8.828719743,0.03911728,0.061966285,-0.19579207,-0.754324274,0.221592639,2.086985746,-1.462195681,-1.128539204,-0.255726944,0.490031543,1.633498898,1.400662473,0.885542849,0.849520427,0.689522584,-0.818880348,1.282809505,-1.222758281
2008,MidMain,Yukon (CA),Yukon,8.817529395,9.305274429,0.026993533,0.070160125,2.095079476,-0.842695959,0.244546513,1.924996468,-0.120712933,0.910072248,-1.248100159,1.124810347,0.573332074,0.885542849,0.790485237,0.650950848,-0.610801815,-1.222758281,-0.193192529,-1.243977816
2009,MidMain,Yukon (CA),Yukon,8.68464185,9.887286239,0.024385719,0.044316596,-0.169769296,-1.793482516,0.450328684,0.440093232,0.070055154,-0.441855231,0.339696985,0.211090597,-0.521655724,0.790485237,-0.451309458,-0.891725455,-0.306944144,-1.243977816,0.237449857,-0.355900919
2010,MidMain,Yukon (CA),Yukon,8.660443117,9.324357761,0.032944171,0.058558746,0.1225532,-1.389752462,0.776374563,2.806938732,-1.068487635,0.035055439,-0.851150873,-0.032114715,-1.022988131,-0.451309458,0.286978304,-0.309294471,0.973967843,-0.355900919,-0.459774892,0.243563462
2011,MidMain,Yukon (CA),Yukon,9.166975505,9.120554683,0.015809157,0.051833028,0.656020069,0.400999704,0.869724829,1.394030972,-0.95706175,-0.677629351,1.92749413,0.343909235,-0.562476649,0.286978304,1.06049578,0.603979874,0.881861534,0.243563462,-1.182586792,-0.514509318
2012,MidMain,Yukon (CA),Yukon,8.805138734,9.438345348,0.022136719,0.047481434,0.68464512,1.026358554,1.287236284,-1.107805781,-0.114277247,0.789675236,-0.65267623,-0.067400145,0.55978001,1.06049578,0.747235766,0.231733431,0.394929257,-0.514509318,-1.113467303,-0.356495761
2013,MidMain,Yukon (CA),Yukon,8.574414619,9.580681353,0.024330204,0.108891848,1.047229106,1.57609109,1.459631122,-1.116805185,-0.680329879,1.930878401,-0.255726944,3.527451559,-0.134057358,0.747235766,-1.797044707,0.174012064,1.731455361,-0.356495761,0.623046999,0.484861867
2014,MidMain,Yukon (CA),Yukon,9.779502888,9.893862311,0.045547176,0.284152487,3.023225086,0.90910377,1.50121983,-1.125804589,-1.036513689,1.793548982,-2.438948018,1.821403671,-0.104365388,-1.797044707,-1.058215034,-0.129058185,1.309327933,0.484861867,-0.459701143,-0.100299703
2015,MidMain,Yukon (CA),Yukon,9.796343729,10.28085977,0.013415019,0.911510843,0.498148572,1.636480907,1.489113037,-0.432849816,-0.544410373,0.15123721,-0.454201587,0.588037116,0.057412527,-1.058215034,-1.143147272,-0.99699363,0.322273446,-0.100299703,0.612860234,1.874714143
1987,Oskawalik,Kuskokwim,Kuskokwim,6.650250944,6.808045685,0.197698143,0.588147278,1.462123121,-0.168182843,-1.11856755,-0.333856261,0.801156433,2.009610415,0.059924431,-0.218987905,-0.474576104,0.576921578,-0.14738782,-0.709821842,-0.045832796,-1.521541523,-1.344668724,-0.837484913
1988,Oskawalik,Kuskokwim,Kuskokwim,5.903987907,6.080560917,0.209473593,0.973879651,1.242629705,-0.450256782,-1.123159668,-0.315857452,0.871173652,0.183154663,-0.517125642,0.489274619,-0.914184582,-0.14738782,0.619016259,2.586256079,0.850825774,-0.837484913,0.182627243,-1.548100643
1989,Oskawalik,Kuskokwim,Kuskokwim,6.821790696,5.15701761,0.366608852,1.160125893,0.719525634,-0.319203977,-1.163538411,0.035119662,0.499952344,1.905602694,-0.286305613,-0.440933746,0.449282676,0.619016259,2.787698397,0.181487047,0.094038287,-1.548100643,-0.982533809,0.804858997
1990,Oskawalik,Kuskokwim,Kuskokwim,6.222629502,7.413955996,0.196183556,1.169473923,-0.652636801,-0.535051202,-0.409177252,0.755072677,0.002418195,1.412793001,1.560254619,-1.630034121,-0.304331857,2.787698397,0.093291447,-0.328147491,-1.501357827,0.804858997,0.441372123,0.216671619
1991,Oskawalik,Kuskokwim,Kuskokwim,5.816801385,7.270790073,0.275479903,1.53407389,0.561805814,0.268640913,0.239678913,-0.459848028,0.202147697,1.764180422,-0.9787657,-0.389814348,-0.393615507,0.093291447,0.375813881,-1.248137112,-1.037521319,0.216671619,0.156334366,0.934487589
1992,Oskawalik,Kuskokwim,Kuskokwim,6.071192832,9.597748822,0.174880926,0.664142239,1.313603624,-0.840046133,0.662912275,-0.44184922,0.338248855,1.299144904,-0.401715627,-0.274927665,-0.291468959,0.375813881,0.036378351,0.316065864,-0.188724983,0.934487589,0.24025755,-0.019292506
1993,Oskawalik,Kuskokwim,Kuskokwim,6.144411377,5.930915083,0.173973468,0.994209746,-0.40817108,0.768520328,0.87285227,0.521087951,0.328891266,-1.330623288,-0.517125642,1.109961338,1.167335077,0.036378351,1.515155993,1.024259313,-0.852669646,-0.019292506,1.083402771,-1.0626965
1994,Oskawalik,Kuskokwim,Kuskokwim,6.308248088,6.402129128,0.397690767,0.909508698,0.088646354,-0.837131325,0.379401207,-0.92781748,0.36030738,-0.487292726,-0.170895598,-0.115137784,-0.505598389,1.515155993,-1.100076078,0.05352686,-0.241994272,-1.0626965,-1.497089968,0.368490769
1995,Oskawalik,Kuskokwim,Kuskokwim,7.251413067,5.456086697,0.212632412,1.215344737,0.055788058,-0.972404924,0.133278485,0.431093828,0.352492657,0.651356856,-0.9787657,-1.174246069,-0.341785567,-1.100076078,-0.583079329,-0.6789349,-0.894310634,0.368490769,-0.064295122,-0.210804814
1996,Oskawalik,Kuskokwim,Kuskokwim,8.218381746,4.6751221,0.203744555,1.114184407,-0.019128857,-0.690993441,-0.261924091,0.773071539,0.187642788,1.976581097,-0.517125642,0.445843431,-0.85062673,-0.583079329,0.219866629,-1.651873564,-2.267167766,-0.210804814,1.152583227,2.444995346
1997,Oskawalik,Kuskokwim,Kuskokwim,8.541287595,7.800508013,0.209470747,0.804351495,-1.949882321,-1.612129615,-0.384439504,0.935060923,-0.67726679,-0.790827155,0.867794532,-0.726649592,-0.17494623,0.219866629,-0.963013429,1.403727454,1.365525609,2.444995346,1.925189305,-1.328896333
1998,Oskawalik,Kuskokwim,Kuskokwim,8.399801386,8.473145316,0.418305336,0.368273229,-0.505431635,1.750688392,-0.105968147,0.692076793,-1.058183776,-0.194070259,-0.055485584,0.063638617,0.5491593,-0.963013429,-0.773530656,0.249879561,-0.006684927,-1.328896333,-0.718568494,-0.618174944
1999,Oskawalik,Kuskokwim,Kuskokwim,6.044994936,5.989304189,0.199859589,1.06701653,-1.341346682,-0.934909891,-0.116923799,-1.125804589,-0.106185171,0.43946759,0.636974503,-0.740952335,-0.226397824,-0.773530656,-0.567426335,-0.242105296,-0.241038331,-0.618174944,-0.191451416,-0.787548281
2000,Oskawalik,Kuskokwim,Kuskokwim,5.427049846,4.323604087,0.514608297,1.254610609,-2.227206339,1.238742079,0.226912612,-0.369853905,-0.13581215,-0.705744345,0.406154474,2.076118927,-0.576344308,-0.567426335,1.408388718,0.018227498,2.078480896,-0.787548281,1.258926535,-0.720162984
2001,Oskawalik,Kuskokwim,Kuskokwim,6.202652698,8.752911975,0.601088636,0.195770395,0.488203232,0.27622058,0.395191846,-1.089806972,-0.128795344,0.153704485,-0.9787657,-0.144412072,-0.570669524,1.408388718,-0.474651564,-1.04075336,-0.276673346,-0.720162984,-1.623120347,-0.056710922
2002,Oskawalik,Kuskokwim,Kuskokwim,7.334279471,6.155585662,0.176905463,0.794748391,0.24373751,1.040137648,0.358632698,-0.945816289,-0.315433857,0.742252827,-0.9787657,0.663153928,-0.952394982,-0.474651564,-0.388620583,0.23443609,0.112759897,-0.056710922,1.531333656,-0.896885326
2003,Oskawalik,Kuskokwim,Kuskokwim,7.731774458,6.242679629,0.123806958,0.966125687,-0.019128857,-0.734980547,0.342849731,-1.125804589,0.251120119,0.914348523,-0.170895598,2.808294455,0.271472018,-0.388620583,0.984725841,-1.362860038,0.002847442,-0.896885326,-0.180527808,1.632702262
2004,Oskawalik,Kuskokwim,Kuskokwim,7.376988445,8.454774617,0.203503771,0.228710936,0.622265079,-0.846140732,0.15124071,-0.270860377,-0.472618992,-0.311288039,1.444844604,0.045484696,-1.239540254,0.984725841,0.003380776,-1.129001765,0.049840519,1.632702262,1.119449464,0.765516716
2005,Oskawalik,Kuskokwim,Kuskokwim,7.584860083,5.807749288,0.153830692,0.680722453,0.758955589,-1.121271254,-0.073680463,0.404095588,-0.448089009,-2.127747297,-0.863355685,0.54768116,-0.791230379,0.003380776,-0.560828758,-0.341384752,-0.251368145,0.765516716,1.292789551,-0.715090614
2006,Oskawalik,Kuskokwim,Kuskokwim,7.584531706,5.542239701,0.155518071,0.748750275,1.593556304,-1.085155005,0.394201158,1.844001615,-0.773056323,1.042119424,0.29074446,-0.235857012,1.886522319,-0.560828758,-0.982038381,0.192518097,0.166581107,-0.715090614,0.703577097,1.533999923
2007,Oskawalik,Kuskokwim,Kuskokwim,7.122357153,5.392639308,0.187240022,0.65274264,-0.003356875,-0.754324274,0.221592639,2.086985746,-1.723885667,-1.128539204,-0.170895598,-0.965027019,-0.435987408,-0.982038381,0.856985157,0.139569055,-1.091090096,1.533999923,0.708562436,0.047771391
2008,Oskawalik,Kuskokwim,Kuskokwim,7.020584927,5.855441382,0.137274224,0.897783478,2.224435585,-0.842695959,0.244546513,1.924996468,-0.940204655,0.910072248,0.752384517,-0.584683856,-1.006116451,0.856985157,1.952835594,-1.195188069,-0.404744786,0.047771391,-1.316883841,1.103272115
2009,Oskawalik,Kuskokwim,Kuskokwim,7.176503873,6.882620071,0.147978895,0.506683864,0.702439321,-1.793482516,0.450328684,0.440093232,-0.397059713,-0.441855231,0.059924431,-0.433480081,-0.961852971,1.952835594,-0.389438714,-0.156063102,-0.410826141,1.103272115,1.562571973,-0.038986578
2010,Oskawalik,Kuskokwim,Kuskokwim,6.318472729,5.61338295,0.176486902,0.768984952,-0.674980442,-1.389752462,0.776374563,2.806938732,-1.486390459,0.035055439,0.521564488,-0.928525446,0.639956232,-0.389438714,0.836225273,-0.178125203,-0.724828251,-0.038986578,-0.306184415,-0.421796424
2011,Oskawalik,Kuskokwim,Kuskokwim,5.258018852,5.253191445,0.250583633,0.765134923,1.229486386,0.400999704,0.869724829,1.394030972,-1.519215157,-0.677629351,2.137304691,0.7480431,-0.986065486,0.836225273,0.486133882,1.646410567,1.900793193,-0.421796424,-0.885349196,-0.554143376
2012,Oskawalik,Kuskokwim,Kuskokwim,5.327347032,5.887496649,0.202373491,0.78997456,1.901109954,1.026358554,1.287236284,-1.107805781,-0.855110859,0.789675236,-0.9787657,0.136452935,1.503283724,0.486133882,0.387258938,-0.429633157,-0.489915364,-0.554143376,-1.411008577,0.147976217
2013,Oskawalik,Kuskokwim,Kuskokwim,5.255664434,7.201941449,0.156241763,0.460547907,0.666952361,1.57609109,1.459631122,-1.116805185,-0.372254211,1.930878401,-0.747945671,-1.112272957,1.886522319,0.387258938,-1.002005499,-0.555387134,-0.1981096,0.147976217,0.926826185,0.734128171
1985,Pelly,Yukon (CA),Yukon,8.741705898,9.201991979,0.162332543,0.430349642,0.048822006,0.258006668,-1.27917655,-1.125804589,0.503640325,-0.335565368,0.736646271,0.70045058,0.000226615,1.325462191,0.416723559,0.135980775,0.334935641,-1.790138696,-0.43574982,-0.583848405
1986,Pelly,Yukon (CA),Yukon,9.171468237,10.22070895,0.143333972,0.232584148,-0.291208909,-0.346118634,-1.295741835,0.044119074,0.223767349,0.533319712,-0.851150873,-0.359908544,-0.117059201,0.416723559,-0.399748078,0.488299275,-0.04524011,-0.583848405,-1.095650232,-0.459189758
1987,Pelly,Yukon (CA),Yukon,8.92120657,9.870637626,0.138734609,0.288711947,1.274494666,-0.168182843,-1.11856755,-0.333856261,2.133267458,2.009610415,-1.248100159,0.308034704,0.262248119,-0.399748078,0.2608992,1.31722774,0.634617243,-0.459189758,-0.659929135,-0.598579726
1988,Pelly,Yukon (CA),Yukon,8.918875666,9.859492733,0.196375097,0.30420342,0.683777694,-0.450256782,-1.123159668,-0.315857452,1.229346002,0.183154663,-1.049625516,-0.664343672,0.140907108,0.2608992,0.300866743,-1.401887088,-1.362341441,-0.598579726,-0.373935589,1.47056994
1989,Pelly,Yukon (CA),Yukon,8.912482765,10.14991055,0.299706381,0.303922838,2.252950972,-0.319203977,-1.163538411,0.035119662,2.077117343,1.905602694,-0.851150873,0.305257521,-1.488617102,0.300866743,0.847437295,0.681906981,0.894288857,1.47056994,0.69853296,-0.792647931
1990,Pelly,Yukon (CA),Yukon,8.568331739,9.199771372,0.322243815,0.394301494,-0.481175159,-0.535051202,-0.409177252,0.755072677,0.605303195,1.412793001,0.538171628,0.982212427,0.709244227,0.847437295,3.438754041,2.086400846,1.709649583,-0.792647931,1.281955569,-1.447697768
1991,Pelly,Yukon (CA),Yukon,8.958787592,10.03536272,0.195179269,0.245143307,0.10173498,0.268640913,0.239678913,-0.459848028,0.519564766,1.764180422,-1.248100159,-0.496531242,2.331905969,3.438754041,0.441667307,0.046586528,-0.382539383,-1.447697768,1.846492825,-1.742331498
1992,Pelly,Yukon (CA),Yukon,9.084745254,9.583277881,0.162328826,0.321395151,0.042750026,-0.840046133,0.662912275,-0.44184922,-1.061892755,1.299144904,-0.851150873,-0.367230648,-0.190674767,0.441667307,-0.225849184,0.613546828,0.543594369,-1.742331498,-1.126618839,-0.292261991
1993,Pelly,Yukon (CA),Yukon,8.813138792,9.997850064,0.152338036,0.23941643,0.348951334,0.768520328,0.87285227,0.521087951,-0.821515928,-1.330623288,-0.65267623,-0.117688148,-0.510403487,-0.225849184,-0.768215177,-1.035705309,-1.290341765,-0.292261991,0.642337883,0.881987783
1994,Pelly,Yukon (CA),Yukon,8.772623455,9.405988602,0.13941143,0.245735979,-1.117865699,-0.837131325,0.379401207,-0.92781748,0.891616251,-0.487292726,0.339696985,-0.608550817,-0.063095349,-0.768215177,-0.195468944,0.158448847,0.339635932,0.881987783,0.685978974,0.302737455
1995,Pelly,Yukon (CA),Yukon,9.126419833,8.943890566,0.215724865,0.35165087,-0.053534238,-0.972404924,0.133278485,0.431093828,1.664572407,0.651356856,-0.255726944,0.894208063,0.820915297,-0.195468944,-0.101990802,-0.084397555,1.066385791,0.302737455,0.225391075,-0.188552052
1996,Pelly,Yukon (CA),Yukon,8.90171782,8.513085556,0.139675939,0.387271733,-1.531627807,-0.690993441,-0.261924091,0.773071539,0.837133129,1.976581097,-0.255726944,-1.148953785,0.297184319,-0.101990802,-0.791620114,0.429499698,0.103639146,-0.188552052,-0.410843211,-0.178993307
1997,Pelly,Yukon (CA),Yukon,9.080238104,10.0868476,0.157077389,0.169450141,-1.987026354,-1.612129615,-0.384439504,0.935060923,0.225062571,-0.790827155,0.538171628,-1.238935137,0.270670139,-0.791620114,-1.618750658,-1.23887405,-0.969406204,-0.178993307,-0.584507123,2.001248801
1998,Pelly,Yukon (CA),Yukon,8.781615693,9.978433637,0.115406259,0.198633378,-0.154155632,1.750688392,-0.105968147,0.692076793,-0.535231891,-0.194070259,-0.057252301,-1.21876875,-1.396285715,-1.618750658,-0.548850012,-0.505076361,0.479412544,2.001248801,-0.113212944,0.042451549
1999,Pelly,Yukon (CA),Yukon,8.707748497,9.347267285,0.169109488,0.255221887,-0.091700974,-0.934909891,-0.116923799,-1.125804589,0.356816741,0.43946759,0.538171628,2.433702151,0.747923592,-0.548850012,-0.796284768,0.27748198,2.045107132,0.042451549,0.783035497,-0.956952692
2000,Pelly,Yukon (CA),Yukon,8.65604785,9.46172257,0.129711947,0.378255211,-0.227019399,1.238742079,0.226912612,-0.369853905,-0.850920667,-0.705744345,1.332070201,0.955147454,0.887980225,-0.796284768,-0.655236991,-0.059539261,-0.948588992,-0.956952692,-1.713272353,-0.407594272
2001,Pelly,Yukon (CA),Yukon,8.921559186,10.43036973,0.171250204,0.119640882,0.063568245,0.27622058,0.395191846,-1.089806972,0.194985907,0.153704485,-0.851150873,0.624191889,-0.054049468,-0.655236991,-1.154247893,0.013123441,-0.487078167,-0.407594272,-1.724090937,0.347765661
2002,Pelly,Yukon (CA),Yukon,8.605784045,8.043671612,0.1244832,0.2131573,-0.07175018,1.040137648,0.358632698,-0.945816289,-0.660071922,0.742252827,-0.255726944,-1.236035349,0.990293383,-1.154247893,0.045619489,-1.16764548,-1.423895351,0.347765661,1.206449705,0.525663634
2003,Pelly,Yukon (CA),Yukon,9.405707938,9.74369428,0.113561672,0.075224246,-0.678948243,-0.734980547,0.342849731,-1.125804589,0.890226185,0.914348523,-1.248100159,-0.30377286,-1.468653559,0.045619489,0.472917362,-1.101675394,-0.914923628,0.525663634,-0.408120768,1.100980785
2004,Pelly,Yukon (CA),Yukon,9.05985551,9.217251592,0.134488239,0.099930227,0.580554024,-0.846140732,0.15124071,-0.270860377,1.170287885,-0.311288039,1.133595558,-0.420389931,-1.074841527,0.472917362,-0.627650133,1.250779763,0.457101841,1.100980785,1.514916852,-0.716920147
2005,Pelly,Yukon (CA),Yukon,9.049233391,9.297186928,0.117929533,0.102378894,0.957016822,-1.121271254,-0.073680463,0.404095588,0.356061511,-2.127747297,-0.255726944,-0.978281913,0.010832047,-0.627650133,-0.098020586,-0.581085372,-0.565663842,-0.716920147,-0.384554582,0.135688157
2006,Pelly,Yukon (CA),Yukon,9.391636092,9.009710595,0.085314855,0.130718899,0.94920999,-1.085155005,0.394201158,1.844001615,0.025928011,1.042119424,-0.255726944,0.149125757,-0.868499543,-0.098020586,2.803601194,0.101083555,-0.238956376,0.135688157,-0.235906255,-0.471594312
2007,Pelly,Yukon (CA),Yukon,9.051079943,8.437505807,0.099776151,0.142396695,-0.19579207,-0.754324274,0.221592639,2.086985746,-1.462195681,-1.128539204,-0.255726944,2.654677939,-0.406218747,2.803601194,-0.56406515,0.92092903,2.076025579,-0.471594312,1.146826718,-1.252175597
2008,Pelly,Yukon (CA),Yukon,8.581959061,8.438477086,0.066902047,0.154540922,2.095079476,-0.842695959,0.244546513,1.924996468,-0.120712933,0.910072248,-1.248100159,-0.427832963,0.92697162,-0.56406515,0.136017003,-1.141831099,-0.885114719,-1.252175597,-0.24619363,0.688761191
2009,Pelly,Yukon (CA),Yukon,9.260551627,9.549585864,0.052677283,0.067978179,-0.169769296,-1.793482516,0.450328684,0.440093232,0.070055154,-0.441855231,0.339696985,-1.004372978,-1.208191707,0.136017003,-0.233376625,-0.941530622,-1.516237483,0.688761191,1.489358353,1.68494816
2010,Pelly,Yukon (CA),Yukon,8.561175783,8.85628707,0.066439733,0.09706869,0.1225532,-1.389752462,0.776374563,2.806938732,-1.068487635,0.035055439,-0.851150873,-0.075932453,-1.668912851,-0.233376625,0.492500022,1.644209903,1.086836627,1.68494816,0.427048716,-0.605538149
2011,Pelly,Yukon (CA),Yukon,8.796426436,9.499135088,0.079469178,0.097841239,0.656020069,0.400999704,0.869724829,1.394030972,-0.95706175,-0.677629351,1.92749413,-0.696493204,1.701182778,0.492500022,0.837994522,0.494991892,-0.109036975,-0.605538149,-1.179963576,-1.350336428
2012,Pelly,Yukon (CA),Yukon,8.413236352,9.371867688,0.101724233,0.095456428,0.68464512,1.026358554,1.287236284,-1.107805781,-0.114277247,0.789675236,-0.65267623,-0.779387933,-0.092416803,0.837994522,0.680958794,-0.446754981,-0.010676331,-1.350336428,-1.114730025,1.123816091
2013,Pelly,Yukon (CA),Yukon,8.08494591,9.049927465,0.10478011,0.176895645,1.047229106,1.57609109,1.459631122,-1.116805185,-0.680329879,1.930878401,-0.255726944,0.413547006,-0.199720847,0.680958794,-1.002050784,-0.371224013,0.502338791,1.123816091,0.524156441,0.157714622
2014,Pelly,Yukon (CA),Yukon,9.233404382,9.771720299,0.074509066,0.289244992,3.023225086,0.90910377,1.50121983,-1.125804589,-1.036513689,1.793548982,-2.438948018,1.162901226,-0.63299212,-1.002050784,-0.895053458,0.180438876,0.273997785,0.157714622,-0.497718976,0.430067048
2015,Pelly,Yukon (CA),Yukon,9.446554442,9.808010653,0.04310293,0.629155891,0.498148572,1.636480907,1.489113037,-0.432849816,-0.544410373,0.15123721,-0.454201587,0.421923398,1.310022104,-0.895053458,-1.043057607,-0.710635323,-0.647880185,0.430067048,0.514542382,1.188261041
2000,Pitka,Kuskokwim,Kuskokwim,7.878763174,9.478244484,0.129796636,0.346970791,-2.227206339,1.238742079,0.226912612,-0.369853905,-0.13581215,-0.705744345,0.406154474,0.896251591,-0.597518532,-0.246515293,1.293974973,0.535780718,2.744361019,-1.11227047,1.342372216,-0.097708944
2001,Pitka,Kuskokwim,Kuskokwim,8.658823117,8.340013414,0.121828304,0.546120195,0.488203232,0.27622058,0.395191846,-1.089806972,-0.128795344,0.153704485,-0.9787657,-0.139307486,0.993288678,1.293974973,-0.626364362,-0.602727638,-0.93994774,-0.097708944,-1.780384133,-0.222859236
2002,Pitka,Kuskokwim,Kuskokwim,8.757043033,8.952637314,0.125694987,0.298856103,0.24373751,1.040137648,0.358632698,-0.945816289,-0.315433857,0.742252827,-0.9787657,-0.10724404,-1.664747765,-0.626364362,0.180588631,-1.068481057,0.082644066,-0.222859236,1.698983246,0.474382256
2003,Pitka,Kuskokwim,Kuskokwim,8.665090426,9.645563826,0.125318356,0.217027827,-0.019128857,-0.734980547,0.342849731,-1.125804589,0.251120119,0.914348523,-0.170895598,5.474035776,-0.090668286,0.180588631,3.954014272,-0.13697422,0.037205598,0.474382256,0.32891038,1.944490353
2004,Pitka,Kuskokwim,Kuskokwim,9.061418718,7.958444695,0.106351724,0.557464429,0.622265079,-0.846140732,0.15124071,-0.270860377,-0.472618992,-0.311288039,1.444844604,-0.089194414,-1.116078191,3.954014272,-0.326373204,1.266036078,-0.416724108,1.944490353,1.117116604,1.308083009
2005,Pitka,Kuskokwim,Kuskokwim,9.152957531,8.231045847,0.104589515,0.405826776,0.758955589,-1.121271254,-0.073680463,0.404095588,-0.448089009,-2.127747297,-0.863355685,0.097646896,-0.270491339,-0.326373204,-0.489188566,-0.205974726,-0.006130207,1.308083009,1.386702648,-1.008811523
2006,Pitka,Kuskokwim,Kuskokwim,8.729325007,8.214546426,0.122466442,0.379177538,1.593556304,-1.085155005,0.394201158,1.844001615,-0.773056323,1.042119424,0.29074446,-0.215134661,1.27598733,-0.489188566,0.133280931,-0.159974388,-0.433019537,-1.008811523,0.615358422,1.400795396
2007,Pitka,Kuskokwim,Kuskokwim,8.648626344,9.438216244,0.095608352,0.253177568,-0.003356875,-0.754324274,0.221592639,2.086985746,-1.723885667,-1.128539204,-0.170895598,0.511600781,1.103691702,0.133280931,0.99228814,-1.856236839,-0.93106591,1.400795396,0.621884781,-0.000818019
2008,Pitka,Kuskokwim,Kuskokwim,8.416772264,8.51834608,0.090418509,0.479810484,2.224435585,-0.842695959,0.244546513,1.924996468,-0.940204655,0.910072248,0.752384517,-0.769698804,-1.564381379,0.99228814,0.602892478,-1.367483251,-1.560265686,-0.000818019,-1.721837105,0.706245996
2009,Pitka,Kuskokwim,Kuskokwim,8.28260463,8.549235475,0.105117741,0.48435831,0.702439321,-1.793482516,0.450328684,0.440093232,-0.397059713,-0.441855231,0.059924431,-0.292609107,-3.044785565,0.602892478,-0.620715302,1.162535318,-0.253475798,0.706245996,0.615717014,-0.00878376
2010,Pitka,Kuskokwim,Kuskokwim,7.320519787,8.914758508,0.166671448,0.624301012,-0.674980442,-1.389752462,0.776374563,2.806938732,-1.486390459,0.035055439,0.521564488,-0.317136048,0.192030367,-0.620715302,0.533634795,0.627781393,-0.378959903,-0.00878376,-0.706531002,-0.234555737
2011,Pitka,Kuskokwim,Kuskokwim,8.121119296,9.446578925,0.127334075,0.30901306,1.229486386,0.400999704,0.869724829,1.394030972,-1.519215157,-0.677629351,2.137304691,0.694286871,0.056535746,0.533634795,-0.050151863,1.751914644,1.873748829,-0.234555737,0.237902757,-1.249083754
2012,Pitka,Kuskokwim,Kuskokwim,8.631491603,8.979710946,0.162200696,0.4110258,1.901109954,1.026358554,1.287236284,-1.107805781,-0.855110859,0.789675236,-0.9787657,0.20381679,0.81597473,-0.050151863,0.1983482,-1.450858863,-0.038283424,-1.249083754,-2.140312455,0.385547133
2013,Pitka,Kuskokwim,Kuskokwim,7.786287625,8.650316857,0.13423295,0.483333381,0.666952361,1.57609109,1.459631122,-1.116805185,-0.372254211,1.930878401,-0.747945671,-0.894823735,-0.448641727,0.1983482,-0.906137014,0.550155824,0.054755038,0.385547133,0.907616152,-0.814592803
1987,Salcha,Yukon (US),Yukon,8.409607981,9.758057074,0.119571337,0.168790611,1.274494666,-0.168182843,-1.11856755,-0.333856261,2.133267458,2.009610415,-0.116498287,-1.072664733,-0.914826104,-0.649124186,-0.414415219,1.853511763,0.097232224,1.629776462,0.836164897,-0.225724797
1988,Salcha,Yukon (US),Yukon,8.335911094,10.45639518,0.139321188,0.119571337,0.683777694,-0.450256782,-1.123159668,-0.315857452,1.229346002,0.183154663,-1.203815637,-0.565794853,0.066507211,-0.414415219,1.172261651,-0.624506774,-1.388649506,-0.225724797,-0.269378893,-0.064489283
1989,Salcha,Yukon (US),Yukon,8.130647968,10.55825766,0.1980422,0.119571337,2.252950972,-0.319203977,-1.163538411,0.035119662,2.077117343,1.905602694,-0.116498287,1.260776896,-1.217204152,1.172261651,2.982366827,1.477874441,0.333288213,-0.064489283,-1.176666228,-1.184753726
1990,Salcha,Yukon (US),Yukon,9.190851695,9.311542252,0.139321188,0.1980422,-0.481175159,-0.535051202,-0.409177252,0.755072677,0.605303195,1.412793001,1.980470886,0.133813582,0.83148099,2.982366827,0.461687752,-0.125636655,-1.190665102,-1.184753726,0.669170536,-0.157576428
1991,Salcha,Yukon (US),Yukon,8.554488976,10.33224592,0.129455721,0.119571337,0.10173498,0.268640913,0.239678913,-0.459848028,0.519564766,1.764180422,-1.281481162,-0.607651117,-0.119647247,0.461687752,0.936849987,-0.287472498,-0.299522144,-0.157576428,0.530030652,-1.092604206
1992,Salcha,Yukon (US),Yukon,8.973478149,9.155567346,0.119571337,0.265264515,0.042750026,-0.840046133,0.662912275,-0.44184922,-1.061892755,1.299144904,-0.427160387,0.559450653,0.485108637,0.936849987,1.623540323,0.182445338,-0.363927451,-1.092604206,-1.11067871,-0.321036379
1993,Salcha,Yukon (US),Yukon,9.13905917,9.807967351,0.059946105,0.139321188,0.348951334,0.768520328,0.87285227,0.521087951,-0.821515928,-1.330623288,-0.893153537,-0.90086783,-0.55532126,1.623540323,0.712396932,0.174279309,-1.479554132,-0.321036379,-0.125876307,0.418051769
1994,Salcha,Yukon (US),Yukon,9.776506091,8.726805608,0.039984014,0.236647819,-1.117865699,-0.837131325,0.379401207,-0.92781748,0.891616251,-0.487292726,0.660156962,1.188967351,-1.488720596,0.712396932,-0.874700525,0.726599798,0.63704395,0.418051769,-0.030854041,1.028292768
1995,Salcha,Yukon (US),Yukon,9.39424401,9.416622566,0.079872442,0.178567043,-0.053534238,-0.972404924,0.133278485,0.431093828,1.664572407,0.651356856,-0.271829337,-0.73965882,-0.01688478,-0.874700525,1.320311188,-0.768525827,-1.534862053,1.028292768,-0.9912251,-1.377348029
1996,Salcha,Yukon (US),Yukon,8.870241567,9.511037382,0.1980422,0.178567043,-1.531627807,-0.690993441,-0.261924091,0.773071539,0.837133129,1.976581097,-1.825139837,-0.933126716,-0.748698751,1.320311188,-0.627401489,-0.42555262,-2.046849525,-1.377348029,1.071605125,1.961919616
1997,Salcha,Yukon (US),Yukon,9.752315765,9.38378935,0.059946105,0.236647819,-1.987026354,-1.612129615,-0.384439504,0.935060923,0.225062571,-0.790827155,-0.427160387,-0.939334157,-0.014258261,-0.627401489,-1.864424446,-0.292669061,-0.032711238,1.961919616,0.422623672,-0.558112899
1998,Salcha,Yukon (US),Yukon,8.505323019,10.53212288,0.069914477,0.099751345,-0.154155632,1.750688392,-0.105968147,0.692076793,-0.535231891,-0.194070259,-0.038832762,-1.031043219,-0.156418519,-1.864424446,-0.120856507,-1.42477759,-0.831607123,-0.558112899,-0.410558163,0.967375962
1999,Salcha,Yukon (US),Yukon,9.074749718,9.465447598,0.039984014,0.1980422,-0.091700974,-0.934909891,-0.116923799,-1.125804589,0.356816741,0.43946759,0.970819062,0.587202392,-0.156746939,-0.120856507,-0.296977727,1.262588229,0.492550612,0.967375962,0.172689625,-1.249835977
2000,Salcha,Yukon (US),Yukon,8.579604452,9.747827401,0.168790611,0.139321188,-0.227019399,1.238742079,0.226912612,-0.369853905,-0.850920667,-0.705744345,0.815488012,-0.227623123,1.090521362,-0.296977727,-0.88329226,-0.076640483,-0.895880713,-1.249835977,-0.988216002,-0.071258007
2001,Salcha,Yukon (US),Yukon,9.308283446,9.844851577,0.139321188,0.139321188,0.063568245,0.27622058,0.395191846,-1.089806972,0.194985907,0.153704485,-0.427160387,2.420086361,0.665353637,-0.88329226,-1.608222828,0.94782494,1.007143317,-0.071258007,-0.89548234,-0.97494361
2002,Salcha,Yukon (US),Yukon,9.072341874,9.192074563,0.019998,0.188317987,-0.07175018,1.040137648,0.358632698,-0.945816289,-0.660071922,0.742252827,-1.126150112,1.603402207,1.736645137,-1.608222828,0.368745825,-0.1642397,1.469777016,-0.97494361,0.973730453,-1.097888506
2003,Salcha,Yukon (US),Yukon,9.54945198,9.704182591,0.059946105,0.129455721,-0.678948243,-0.734980547,0.342849731,-1.125804589,0.890226185,0.914348523,-0.504825912,-0.897321804,1.358098132,0.368745825,0.35807589,-2.150069415,-1.551531392,-1.097888506,0.87773661,1.657479955
2004,Salcha,Yukon (US),Yukon,9.634627234,8.920789888,0.039984014,0.188317987,0.580554024,-0.846140732,0.15124071,-0.270860377,1.170287885,-0.311288039,0.504825912,0.056362881,-1.40106051,0.35807589,0.690421374,0.526160911,0.629575928,1.657479955,1.957034256,-0.027111078
2005,Salcha,Yukon (US),Yukon,8.631235907,9.823307335,0.039984014,0.119571337,0.957016822,-1.121271254,-0.073680463,0.404095588,0.356061511,-2.127747297,-0.660156962,-0.269983503,-1.098682463,0.690421374,-0.456023031,-0.83311169,0.067895387,-0.027111078,0.683604941,0.137688691
2006,Salcha,Yukon (US),Yukon,9.240675572,9.506213803,0.029993253,0.119571337,0.94920999,-1.085155005,0.394201158,1.844001615,0.025928011,1.042119424,0.737822487,0.666329931,-0.66465013,-0.456023031,-0.925652169,-0.983812039,0.432379423,0.137688691,-0.979628414,1.054408074
2007,Salcha,Yukon (US),Yukon,8.684570301,9.171495588,0.049968792,0.119571337,-0.19579207,-0.754324274,0.221592639,2.086985746,-1.462195681,-1.128539204,-0.038832762,-0.345748659,0.186998684,-0.925652169,-0.359153438,-0.582934264,0.025492645,1.054408074,0.982403288,-1.014788148
2008,Salcha,Yukon (US),Yukon,8.582044164,8.223627176,0.029993253,0.236647819,2.095079476,-0.842695959,0.244546513,1.924996468,-0.120712933,0.910072248,-0.349494862,-0.242148291,1.780639548,-0.359153438,0.315204814,-0.970449446,-0.451951761,-1.014788148,-0.580224548,1.130040335
2009,Salcha,Yukon (US),Yukon,9.408289185,8.951310542,0.039984014,0.178567043,-0.169769296,-1.793482516,0.450328684,0.440093232,0.070055154,-0.441855231,0.427160387,-0.758429451,-0.482106926,0.315204814,-0.866971262,-0.862063974,-0.380950745,1.130040335,0.186134424,1.665109596
2010,Salcha,Yukon (US),Yukon,8.696175847,8.511376306,0.029993253,0.14916638,0.1225532,-1.389752462,0.776374563,2.806938732,-1.068487635,0.035055439,-1.281481162,-0.762554566,-1.295014789,-0.866971262,-0.198969869,0.290088444,0.652956067,1.665109596,-0.153352927,-0.176780999
2011,Salcha,Yukon (US),Yukon,8.892886141,8.735364401,0.158989959,0.14916638,0.656020069,0.400999704,0.869724829,1.394030972,-0.95706175,-0.677629351,2.912457186,-0.233554129,-0.046104704,-0.198969869,0.394052114,-1.159010473,-0.290133689,-0.176780999,-1.28554892,0.333734777
2012,Salcha,Yukon (US),Yukon,8.861208337,9.366061247,0.029993253,0.119571337,0.68464512,1.026358554,1.287236284,-1.107805781,-0.114277247,0.789675236,-0.970819062,-0.310467117,-1.71427295,0.394052114,1.078512857,-1.562857712,-1.212615867,0.333734777,-1.164895954,0.234849572
2013,Salcha,Yukon (US),Yukon,8.609407675,8.873468055,0.049968792,0.178567043,1.047229106,1.57609109,1.459631122,-1.116805185,-0.680329879,1.930878401,-1.126150112,0.9898498,-0.873786738,1.078512857,-1.428557878,1.5587926,1.429269149,0.234849572,0.577458582,-1.235211435
2014,Salcha,Yukon (US),Yukon,8.626047596,9.094705028,0.236647819,0.236647819,3.023225086,0.90910377,1.50121983,-1.125804589,-1.036513689,1.793548982,-1.281481162,1.359114247,0.358707496,-1.428557878,-0.366939893,0.259651427,0.796498262,-1.235211435,-1.407991765,0.172716609
2015,Salcha,Yukon (US),Yukon,8.815963561,9.206834233,0.049968792,0.463887941,0.498148572,1.636480907,1.489113037,-0.432849816,-0.544410373,0.15123721,-0.038832762,0.115046024,0.840673808,-0.366939893,-1.216810468,1.033939424,2.267610312,0.172716609,0.406306708,0.340467439
2016,Salcha,Yukon (US),Yukon,7.938088727,9.08262063,0.119571337,0.675207157,0.296905786,1.779703983,1.467772856,-0.477846871,-2.143562855,2.011604548,-0.038832762,1.34337549,1.649313577,-1.216810468,0.846153469,-1.196128786,0.207043558,0.340467439,1.339438228,1.370703467
1985,Stewart,Yukon (CA),Yukon,8.274632132,7.718455891,0.201805427,0.643903041,0.048822006,0.258006668,-1.27917655,-1.125804589,0.503640325,-0.335565368,0.736646271,0.236959667,-0.036619777,0.322602155,0.359943413,1.301315898,-1.261207895,-1.062354031,-0.321283946,-0.211998684
1986,Stewart,Yukon (CA),Yukon,8.51462626,9.499204706,0.195576113,0.402649874,-0.291208909,-0.346118634,-1.295741835,0.044119074,0.223767349,0.533319712,-0.851150873,-0.248765578,2.963089412,0.359943413,0.496305131,-0.264785035,-0.519697767,-0.211998684,-1.002855253,-0.372252962
1987,Stewart,Yukon (CA),Yukon,8.191958835,9.186494589,0.207986601,0.502016236,1.274494666,-0.168182843,-1.11856755,-0.333856261,2.133267458,2.009610415,-1.248100159,-0.840699454,0.284478801,0.496305131,1.028937583,-0.163412584,-0.248005374,-0.372252962,-0.55282523,-0.223574132
1988,Stewart,Yukon (CA),Yukon,8.682783827,8.752386856,0.244457799,0.617714859,0.683777694,-0.450256782,-1.123159668,-0.315857452,1.229346002,0.183154663,-1.049625516,-1.368248407,-0.600372655,1.028937583,-0.073526921,-0.717857829,-1.737173708,-0.223574132,-0.257439759,1.045954836
1989,Stewart,Yukon (CA),Yukon,9.237003582,9.806824161,0.301032837,0.298651638,2.252950972,-0.319203977,-1.163538411,0.035119662,2.077117343,1.905602694,-0.851150873,-0.238929745,-1.443387162,-0.073526921,0.957736375,-0.084797214,-0.115720819,1.045954836,0.3625765,0.0466042
1990,Stewart,Yukon (CA),Yukon,8.71504565,8.803469768,0.316489463,0.503477646,-0.481175159,-0.535051202,-0.409177252,0.755072677,0.605303195,1.412793001,0.538171628,0.165601106,-0.029298311,0.957736375,2.759105967,0.533781623,-0.731500462,0.0466042,1.452830277,-0.192730113
1991,Stewart,Yukon (CA),Yukon,8.405586895,8.42432924,0.196702247,0.614383427,0.10173498,0.268640913,0.239678913,-0.459848028,0.519564766,1.764180422,-1.248100159,-0.268038659,0.495755389,2.759105967,1.243022888,-0.395121044,-0.213948118,-0.192730113,2.035906735,-1.400803704
1992,Stewart,Yukon (CA),Yukon,8.403951306,10.02493529,0.242737157,0.201522165,0.042750026,-0.840046133,0.662912275,-0.44184922,-1.061892755,1.299144904,-0.851150873,-0.38824511,-0.311697712,1.243022888,0.426295641,0.587571087,-0.804929317,-1.400803704,-1.034840858,-0.46224453
1993,Stewart,Yukon (CA),Yukon,8.122221085,9.027533889,0.249669219,0.354874331,0.348951334,0.768520328,0.87285227,0.521087951,-0.821515928,-1.330623288,-0.65267623,-1.021145619,0.079477754,0.426295641,-0.310449147,-1.284716026,-1.109987245,-0.46224453,0.513337685,1.647553479
1994,Stewart,Yukon (CA),Yukon,8.085629498,7.915146679,0.175012974,0.431464073,-1.117865699,-0.837131325,0.379401207,-0.92781748,0.891616251,-0.487292726,0.339696985,-0.945541795,-1.554255075,-0.310449147,-1.467932788,-0.597865947,-0.668633491,1.647553479,-0.551333993,0.588540178
1995,Stewart,Yukon (CA),Yukon,8.685687347,8.216822975,0.190091958,0.403372835,-0.053534238,-0.972404924,0.133278485,0.431093828,1.664572407,0.651356856,-0.255726944,-0.078991364,-0.094145581,-1.467932788,0.811232742,-0.190307316,-0.374308524,0.588540178,0.361568581,-1.279360587
1996,Stewart,Yukon (CA),Yukon,8.321715942,7.852136552,0.199353583,0.57366804,-1.531627807,-0.690993441,-0.261924091,0.773071539,0.837133129,1.976581097,-0.255726944,-0.398046797,-0.304376246,0.811232742,-0.288704871,0.854449581,0.235772738,-1.279360587,-0.324063457,0.612411388
1997,Stewart,Yukon (CA),Yukon,8.431871464,8.833668375,0.181001336,0.381424399,-1.987026354,-1.612129615,-0.384439504,0.935060923,0.225062571,-0.790827155,0.538171628,-1.249064782,0.019860103,-0.288704871,-1.971624722,-1.512286836,-1.206547399,0.612411388,-0.474926386,-0.352924333
1998,Stewart,Yukon (CA),Yukon,8.828818026,9.139091001,0.171318867,0.306299337,-0.154155632,1.750688392,-0.105968147,0.692076793,-0.535231891,-0.194070259,-0.057252301,1.122197286,-1.665122987,-1.971624722,1.046557719,-1.042663438,-0.546671703,-0.352924333,0.011844926,0.146353272
1999,Stewart,Yukon (CA),Yukon,7.770061891,8.688353964,0.23997271,0.307367244,-0.091700974,-0.934909891,-0.116923799,-1.125804589,0.356816741,0.43946759,0.538171628,-1.19212438,-0.638025908,1.046557719,-0.594432488,0.686874713,0.069170634,0.146353272,0.937525847,-0.564262828
2000,Stewart,Yukon (CA),Yukon,7.473916239,6.543078363,0.203645601,0.471616528,-0.227019399,1.238742079,0.226912612,-0.369853905,-0.850920667,-0.705744345,1.332070201,-1.502627206,0.041824501,-0.594432488,-0.005200393,1.752319866,-0.554089026,-0.564262828,-1.640759866,-0.670384281
2001,Stewart,Yukon (CA),Yukon,8.100622365,8.782970453,0.213497671,0.109337451,0.063568245,0.27622058,0.395191846,-1.089806972,0.194985907,0.153704485,-0.851150873,0.214810219,1.653592932,-0.005200393,-0.581361858,0.304141988,0.121678652,-0.670384281,-1.651933727,0.870230456
2002,Stewart,Yukon (CA),Yukon,7.724032354,7.048012936,0.191683504,0.31125944,-0.07175018,1.040137648,0.358632698,-0.945816289,-0.660071922,0.742252827,-0.255726944,2.594339744,2.069870567,-0.581361858,1.624490854,0.399307963,-0.01479142,0.870230456,1.374844827,-0.769830779
2003,Stewart,Yukon (CA),Yukon,8.339113716,9.080815293,0.210486442,0.063762503,-0.678948243,-0.734980547,0.342849731,-1.125804589,0.890226185,0.914348523,-1.248100159,-0.709480587,-0.031390159,1.624490854,1.860581426,-1.79778476,-1.539721399,-0.769830779,-0.292747567,0.547518688
2004,Stewart,Yukon (CA),Yukon,8.215041801,8.268142654,0.197798019,0.121576312,0.580554024,-0.846140732,0.15124071,-0.270860377,1.170287885,-0.311288039,1.133595558,0.87953166,-0.678816933,1.860581426,0.542984834,-0.488218194,0.689140758,0.547518688,1.693441926,0.141560362
2005,Stewart,Yukon (CA),Yukon,8.026061896,8.223466829,0.231268629,0.087206927,0.957016822,-1.121271254,-0.073680463,0.404095588,0.356061511,-2.127747297,-0.255726944,-0.797615287,-1.046982077,0.542984834,-0.499527672,-0.970254544,-0.918493121,0.141560362,-0.268407475,1.32175443
2006,Stewart,Yukon (CA),Yukon,7.463453614,8.292072082,0.067115054,0.084430585,0.94920999,-1.085155005,0.394201158,1.844001615,0.025928011,1.042119424,-0.255726944,-0.526002695,-0.557489783,-0.499527672,-0.048483896,-0.038248705,0.233487359,1.32175443,-0.114877589,1.315640175
2007,Stewart,Yukon (CA),Yukon,7.518355898,6.491541809,0.091669537,0.267106683,-0.19579207,-0.754324274,0.221592639,2.086985746,-1.462195681,-1.128539204,-0.255726944,0.988895822,0.323177978,-0.048483896,0.035144927,0.411720916,1.306165807,1.315640175,1.313263842,0.472456657
2008,Stewart,Yukon (CA),Yukon,7.796867538,8.00217309,0.02598233,0.13005691,2.095079476,-0.842695959,0.244546513,1.924996468,-0.120712933,0.910072248,-1.248100159,1.655340242,1.496181247,0.035144927,-1.043423808,0.044504317,-0.058964057,0.472456657,-0.125502798,-0.126690884
2009,Stewart,Yukon (CA),Yukon,8.50637118,8.286470793,0.029150349,0.090951418,-0.169769296,-1.793482516,0.450328684,0.440093232,0.070055154,-0.441855231,0.339696985,0.923714937,-0.524020224,-1.043423808,-1.277023596,-0.428222253,1.609611467,-0.126690884,0.294275687,0.007880789
2010,Stewart,Yukon (CA),Yukon,7.603873213,7.587542344,0.052426754,0.146632244,0.1225532,-1.389752462,0.776374563,2.806938732,-1.068487635,0.035055439,-0.851150873,1.161824177,-1.379585816,-1.277023596,-0.787373224,1.516473754,1.979291096,0.007880789,-0.411617735,-1.516519808
2011,Stewart,Yukon (CA),Yukon,7.835780392,9.131694448,0.025528409,0.046089022,0.656020069,0.400999704,0.869724829,1.394030972,-0.95706175,-0.677629351,1.92749413,-0.123963418,0.95596182,-0.787373224,-0.659643251,0.842036628,0.400877346,-1.516519808,-1.089937418,-1.274855017
2012,Stewart,Yukon (CA),Yukon,7.517248933,8.303339934,0.058855751,0.137638887,0.68464512,1.026358554,1.287236284,-1.107805781,-0.114277247,0.789675236,-0.65267623,1.082289017,-0.412106388,-0.659643251,0.232671962,-0.546145309,0.84197524,-1.274855017,-1.02256162,1.264495059
2013,Stewart,Yukon (CA),Yukon,6.762672978,8.500366469,0.123083771,0.174152652,1.047229106,1.57609109,1.459631122,-1.116805185,-0.680329879,1.930878401,-0.255726944,1.036635379,-0.150625461,0.232671962,-1.089871245,-0.448910508,2.291529859,1.264495059,0.670145295,-0.139917485
2014,Stewart,Yukon (CA),Yukon,8.313601391,8.707840754,0.059396081,0.336385213,3.023225086,0.90910377,1.50121983,-1.125804589,-1.036513689,1.793548982,-2.438948018,2.026153643,-0.027206464,-1.089871245,1.068479042,0.12208534,2.290912437,-0.139917485,-0.385288147,0.089231711
2015,Stewart,Yukon (CA),Yukon,8.313020569,8.349197108,0.02799506,0.707357776,0.498148572,1.636480907,1.489113037,-0.432849816,-0.544410373,0.15123721,-0.454201587,0.509104633,0.157922032,1.068479042,-0.37075365,0.173805979,1.446673287,0.089231711,0.660215514,1.622891509
1980,Swift,Kuskokwim,Kuskokwim,8.161560861,9.868893905,0.725400525,0.38869164,-1.11791027,0,-2.018020252,0.017120837,1.728552738,-0.302185813,0.867794532,-0.830886371,0.755607255,-0.86333226,-0.261805046,-0.411720194,0.124471644,-0.947612227,-1.155492368,-0.873219988
1981,Swift,Kuskokwim,Kuskokwim,8.034798918,7.438488583,0.790492501,0.703361324,0.402771662,0,-1.771016707,-0.423850384,1.807115208,0.415989797,0.059924431,0.189769941,0.31651894,-0.261805046,-0.380390834,0.970765036,1.130003279,-0.873219988,-1.491939014,-0.347867353
1982,Swift,Kuskokwim,Kuskokwim,7.751242265,6.141749349,0.736231292,1.077670663,-0.191306327,1.378255399,-1.404131795,0.017120837,1.666088125,-1.067292888,0.29074446,-0.112457719,0.181951199,-0.380390834,-1.415746403,-0.600642186,-0.654295348,-0.347867353,0.947421557,0.768868338
1983,Swift,Kuskokwim,Kuskokwim,7.024284242,8.077656619,0.142758773,0.709869155,-0.660522792,0.28175755,-1.3445648,-0.126869775,1.492710201,-0.049611727,1.675664633,-0.47822773,0.867220968,-1.415746403,0.406227238,-0.553853189,-0.558535788,0.768868338,-0.186778573,-0.628376094
1984,Swift,Kuskokwim,Kuskokwim,8.133861043,9.330583951,0.105901443,1.22699138,0.985020665,0.82020212,-1.489833947,-0.126869775,1.212412137,0.410774907,0.406154474,0.84037876,-0.437876165,0.406227238,1.956123543,3.066269032,1.639510825,-0.628376094,-0.731801268,-0.470345771
1985,Swift,Kuskokwim,Kuskokwim,8.320291947,8.69340399,0.119014159,0.951596635,-0.404228084,0.258006668,-1.27917655,-1.125804589,1.568583764,-0.335565368,0.867794532,-0.282440359,1.373198358,1.956123543,-0.55933523,0.394582388,0.552570568,-0.470345771,0.357265949,-0.680214599
1986,Swift,Kuskokwim,Kuskokwim,8.324564121,8.999728795,0.416697328,0.72342438,-0.805099294,-0.346118634,-1.295741835,0.044119074,1.127390713,0.533319712,0.059924431,-0.620468827,1.69902887,-0.55933523,0.370154269,0.440782844,-0.141512464,-0.680214599,-0.874436478,-1.389260421
1987,Swift,Kuskokwim,Kuskokwim,7.380497566,7.985276459,0.132518963,0.752139843,1.462123121,-0.168182843,-1.11856755,-0.333856261,0.801156433,2.009610415,0.059924431,-1.303151927,0.107761336,0.370154269,-0.227170702,-0.255756556,-0.3431535,-1.389260421,-1.890902732,0.615078681
1988,Swift,Kuskokwim,Kuskokwim,7.844829947,8.923384898,0.940658979,0.570105982,1.242629705,-0.450256782,-1.123159668,-0.315857452,0.871173652,0.183154663,-0.517125642,-0.263084681,-0.859206142,-0.227170702,-0.653848333,0.444608461,0.665591262,0.615078681,1.409032377,0.368117382
1989,Swift,Kuskokwim,Kuskokwim,9.263030854,8.087988485,1.102588679,1.02621081,0.719525634,-0.319203977,-1.163538411,0.035119662,0.499952344,1.905602694,-0.286305613,-0.691035483,-0.436823827,-0.653848333,0.133526808,2.037203196,-0.432699917,0.368117382,1.40701659,-0.563557626
1990,Swift,Kuskokwim,Kuskokwim,8.862635411,9.788668773,0.817028254,0.340510438,-0.652636801,-0.535051202,-0.409177252,0.755072677,0.002418195,1.412793001,1.560254619,-0.349174832,2.142326034,0.133526808,-0.765219055,1.193233924,-0.776907273,-0.563557626,-0.1794417,-0.923947106
1991,Swift,Kuskokwim,Kuskokwim,8.227491605,7.78637274,0.72559878,0.596280544,0.561805814,0.268640913,0.239678913,-0.459848028,0.202147697,1.764180422,-0.9787657,-0.414071836,-0.395256457,-0.765219055,-0.331895584,-0.198079437,-1.193852724,-0.923947106,-0.933384059,-0.742000667
1992,Swift,Kuskokwim,Kuskokwim,8.176472833,8.018230136,0.137574181,0.630495448,1.313603624,-0.840046133,0.662912275,-0.44184922,0.338248855,1.299144904,-0.401715627,-1.287970206,-0.551660305,-0.331895584,0.185957,0.712395085,-1.164197616,-0.742000667,-0.413399523,0.679289717
1993,Swift,Kuskokwim,Kuskokwim,8.196021771,7.471762669,0.122784309,0.701818409,-0.40817108,0.768520328,0.87285227,0.521087951,0.328891266,-1.330623288,-0.517125642,-0.802731082,1.270858441,0.185957,0.061268291,0.781254503,-1.125872104,0.679289717,1.622842331,-0.816124507
1994,Swift,Kuskokwim,Kuskokwim,8.594613263,7.814887283,0.117640685,1.189062156,0.088646354,-0.837131325,0.379401207,-0.92781748,0.36030738,-0.487292726,-0.170895598,1.162046519,0.840057165,0.061268291,-0.848665642,-0.580631757,-0.099079524,-0.816124507,-0.023715295,0.415036415
1995,Swift,Kuskokwim,Kuskokwim,8.978225425,7.637032866,0.129143864,0.607555304,0.055788058,-0.972404924,0.133278485,0.431093828,0.352492657,0.651356856,-0.9787657,-0.70932661,-1.338677904,-0.848665642,-0.628984951,-0.781913132,-0.279442571,0.415036415,-0.867377202,0.665681609
1996,Swift,Kuskokwim,Kuskokwim,8.69456816,7.395240796,0.213349504,0.834039424,-0.019128857,-0.690993441,-0.261924091,0.773071539,0.187642788,1.976581097,-0.517125642,2.209804312,0.44095805,-0.628984951,0.765095352,-2.210598817,-1.50934773,0.665681609,1.712922528,0.525172822
1997,Swift,Kuskokwim,Kuskokwim,7.673413077,8.577332097,0.128979308,0.482731117,-1.949882321,-1.612129615,-0.384439504,0.935060923,-0.67726679,-0.790827155,0.867794532,-0.357886184,-2.103333393,0.765095352,-1.242792958,0.162991005,1.13820287,0.525172822,0.004417542,1.632504717
1998,Swift,Kuskokwim,Kuskokwim,7.614994641,9.195863187,0.523864787,0.356117322,-0.505431635,1.750688392,-0.105968147,0.692076793,-1.058183776,-0.194070259,-0.055485584,0.122163804,-0.042986151,-1.242792958,-0.394234737,1.031384866,-0.254415429,1.632504717,1.004101669,-0.564915799
1999,Swift,Kuskokwim,Kuskokwim,7.296076615,8.166195501,0.790847928,0.621955474,-1.341346682,-0.934909891,-0.116923799,-1.125804589,-0.106185171,0.43946759,0.636974503,-1.02603095,0.277582417,-0.394234737,-0.30285897,-0.419959783,-1.247566277,-0.564915799,-0.231869441,-0.397851649
2000,Swift,Kuskokwim,Kuskokwim,7.244077812,7.502486814,0.79697483,0.758573543,-2.227206339,1.238742079,0.226912612,-0.369853905,-0.13581215,-0.705744345,0.406154474,2.215439256,-0.60782883,-0.30285897,3.382372269,0.327488597,3.179499208,-0.397851649,0.581634322,-0.923692596
2001,Swift,Kuskokwim,Kuskokwim,7.60894314,9.598422765,0.135153498,0.194626761,0.488203232,0.27622058,0.395191846,-1.089806972,-0.128795344,0.153704485,-0.9787657,0.329977437,-0.273448278,3.382372269,0.056476678,-0.785150019,-0.592040911,-0.923692596,-1.592126624,-0.396633855
2002,Swift,Kuskokwim,Kuskokwim,8.187402369,7.680481091,0.112279059,0.549818744,0.24373751,1.040137648,0.358632698,-0.945816289,-0.315433857,0.742252827,-0.9787657,0.742185851,-0.716088109,0.056476678,0.315303784,-0.712170807,-0.706443277,-0.396633855,0.876268633,0.205883863
2003,Swift,Kuskokwim,Kuskokwim,8.528484601,8.055492268,0.094569461,0.49729374,-0.019128857,-0.734980547,0.342849731,-1.125804589,0.251120119,0.914348523,-0.170895598,3.338113667,-0.29975674,0.315303784,1.778317939,-0.483522322,0.110868549,0.205883863,-0.194717309,2.419742854
2004,Swift,Kuskokwim,Kuskokwim,8.41747953,7.937686959,0.119088406,0.426706649,0.622265079,-0.846140732,0.15124071,-0.270860377,-0.472618992,-0.311288039,1.444844604,-0.482005849,-1.52402106,1.778317939,-0.521678144,0.401056351,-0.537650397,2.419742854,0.324329434,1.18438523
2005,Swift,Kuskokwim,Kuskokwim,8.688516697,7.737861899,0.10482851,0.403132546,0.758955589,-1.121271254,-0.073680463,0.404095588,-0.448089009,-2.127747297,-0.863355685,-0.354156755,-0.239312943,-0.521678144,0.307283592,0.067353019,0.002985323,1.18438523,1.633634463,-0.5815238
2006,Swift,Kuskokwim,Kuskokwim,8.569371235,6.704929026,0.100457159,0.652621723,1.593556304,-1.085155005,0.394201158,1.844001615,-0.773056323,1.042119424,0.29074446,-0.314147366,0.736138993,0.307283592,-0.285554086,-0.881082558,-0.276612084,-0.5815238,-0.019029119,1.801025831
2007,Swift,Kuskokwim,Kuskokwim,8.147725006,7.841425774,0.089567373,0.275787426,-0.003356875,-0.754324274,0.221592639,2.086985746,-1.723885667,-1.128539204,-0.170895598,0.060671081,0.134464383,-0.285554086,0.77787608,-1.095900211,-0.962601294,1.801025831,1.209083985,-0.700905256
2008,Swift,Kuskokwim,Kuskokwim,7.419915239,6.690265841,0.115975622,0.806922878,2.224435585,-0.842695959,0.244546513,1.924996468,-0.940204655,0.910072248,0.752384517,0.440158925,-1.796379392,0.77787608,2.297352575,-2.088182075,-0.868798891,-0.700905256,-1.090144288,0.786062924
2009,Swift,Kuskokwim,Kuskokwim,7.421957693,7.904272267,0.102066745,0.32925698,0.702439321,-1.793482516,0.450328684,0.440093232,-0.397059713,-0.441855231,0.059924431,-0.719569215,-2.002835069,2.297352575,-0.485579198,-0.02504808,-0.401327887,0.786062924,-0.141354098,0.497500459
2010,Swift,Kuskokwim,Kuskokwim,6.638574363,7.082108597,0.129723075,0.669997872,-0.674980442,-1.389752462,0.776374563,2.806938732,-1.486390459,0.035055439,0.521564488,-0.690433198,1.759800997,-0.485579198,0.72838835,-0.25987635,-0.085227883,0.497500459,-0.437728429,-0.218313168
2011,Swift,Kuskokwim,Kuskokwim,6.909441667,7.173135147,0.119824162,0.476900266,1.229486386,0.400999704,0.869724829,1.394030972,-1.519215157,-0.677629351,2.137304691,-0.135581114,0.146434776,0.72838835,0.148223025,1.411288841,1.316138691,-0.218313168,-1.107749336,-0.943433178
2012,Swift,Kuskokwim,Kuskokwim,7.057817324,7.462918629,0.120720453,0.576264508,1.901109954,1.026358554,1.287236284,-1.107805781,-0.855110859,0.789675236,-0.9787657,0.478879664,0.946080688,0.148223025,0.138702258,-1.104139799,-0.554001962,-0.943433178,-1.241704485,-0.306516468
2013,Swift,Kuskokwim,Kuskokwim,6.474519799,8.95746128,0.097561117,0.346653557,0.666952361,1.57609109,1.459631122,-1.116805185,-0.372254211,1.930878401,-0.747945671,-1.342399483,-0.55547499,0.138702258,-0.933391874,-0.570920719,0.108996223,-0.306516468,1.142268824,0.824714813
1996,Takotna,Kuskokwim,Kuskokwim,6.066810471,6.349817739,0.050089633,0.099577881,-0.019128857,-0.690993441,-0.261924091,0.773071539,0.187642788,1.976581097,-0.517125642,1.279439137,-0.201160047,-0.256630639,0.67133685,-1.623371573,-1.315902247,0.41031047,0.651460096,2.479747384
1997,Takotna,Kuskokwim,Kuskokwim,7.058485247,6.083699379,0.050189705,0.103456289,-1.949882321,-1.612129615,-0.384439504,0.935060923,-0.67726679,-0.790827155,0.867794532,-0.407961497,-1.045517376,0.67133685,-1.421245486,1.68349359,1.964355983,2.479747384,1.001391588,-1.500551581
1998,Takotna,Kuskokwim,Kuskokwim,6.971207825,6.356386437,0.208331165,0.089985382,-0.505431635,1.750688392,-0.105968147,0.692076793,-1.058183776,-0.194070259,-0.055485584,-0.669875382,0.961261424,-1.421245486,-0.690146734,0.808565665,-0.320063096,-1.500551581,-0.884786991,-0.366574325
1999,Takotna,Kuskokwim,Kuskokwim,6.827575559,6.050491641,0.137172941,0.10410508,-1.341346682,-0.934909891,-0.116923799,-1.125804589,-0.106185171,0.43946759,0.636974503,-0.582070813,-0.491193357,-0.690146734,-0.263628903,-0.294154147,-0.826748388,-0.366574325,-0.452014989,-0.271049078
2000,Takotna,Kuskokwim,Kuskokwim,5.809798028,6.707294283,0.045963133,0.063066592,-2.227206339,1.238742079,0.226912612,-0.369853905,-0.13581215,-0.705744345,0.406154474,0.614792446,-0.206308568,-0.263628903,0.773069916,0.390515783,1.172737333,-0.271049078,1.223146776,-0.31936537
2001,Takotna,Kuskokwim,Kuskokwim,6.51212251,6.188478193,0.045015082,0.077336394,0.488203232,0.27622058,0.395191846,-1.089806972,-0.128795344,0.153704485,-0.9787657,-0.058789832,0.483593152,0.773069916,-0.365892003,-1.105662741,-0.816527458,-0.31936537,-0.554206422,0.810421865
2002,Takotna,Kuskokwim,Kuskokwim,5.931054718,6.669271098,0.040835701,0.067313783,0.24373751,1.040137648,0.358632698,-0.945816289,-0.315433857,0.742252827,-0.9787657,-0.032470549,-1.121601064,-0.365892003,0.086011998,0.535474256,0.30011662,0.810421865,1.156831405,-0.628062265
2003,Takotna,Kuskokwim,Kuskokwim,5.875582103,6.920559926,0.039807628,0.071283065,-0.019128857,-0.734980547,0.342849731,-1.125804589,0.251120119,0.914348523,-0.170895598,4.693691563,-0.371633275,0.086011998,2.478107872,-1.345103076,-0.460673744,-0.628062265,-0.443046523,2.188237222
2004,Takotna,Kuskokwim,Kuskokwim,6.163791336,6.151899757,0.037127467,0.105516385,0.622265079,-0.846140732,0.15124071,-0.270860377,-0.472618992,-0.311288039,1.444844604,-0.058568602,-1.418213021,2.478107872,0.277277665,-0.609956534,0.127321404,2.188237222,0.768299217,1.492329883
2005,Takotna,Kuskokwim,Kuskokwim,6.240882589,5.672400208,0.038202903,0.115438587,0.758955589,-1.121271254,-0.073680463,0.404095588,-0.448089009,-2.127747297,-0.863355685,0.057616867,-0.71772825,0.277277665,-0.821043671,-0.628076344,-0.139216439,1.492329883,0.979830663,0.156980247
2006,Takotna,Kuskokwim,Kuskokwim,6.213363222,6.089920052,0.035975687,0.089788791,1.593556304,-1.085155005,0.394201158,1.844001615,-0.773056323,1.042119424,0.29074446,-0.262812669,0.458994666,-0.821043671,-0.572864187,-1.004709519,0.662728134,0.156980247,0.282818499,1.346248112
2007,Takotna,Kuskokwim,Kuskokwim,6.095617382,5.584744478,0.035143183,0.118596044,-0.003356875,-0.754324274,0.221592639,2.086985746,-1.723885667,-1.128539204,-0.170895598,-0.693056278,-0.488619115,-0.572864187,0.565422371,-0.754915007,-1.075950431,1.346248112,0.286911546,-0.287445392
2008,Takotna,Kuskokwim,Kuskokwim,5.924674819,6.106168358,0.033293428,0.131805619,2.224435585,-0.842695959,0.244546513,1.924996468,-0.940204655,0.910072248,0.752384517,-0.712573837,-1.294362523,0.565422371,1.560385491,-1.690673721,-1.43297374,-0.287445392,-1.58376841,1.034041042
2009,Takotna,Kuskokwim,Kuskokwim,5.770376805,5.099583082,0.037093626,0.375756964,0.702439321,-1.793482516,0.450328684,0.440093232,-0.397059713,-0.441855231,0.059924431,0.30255609,-1.37616679,1.560385491,-0.691058877,-0.749737919,-0.437037165,1.034041042,1.023553356,0.991855761
2010,Takotna,Kuskokwim,Kuskokwim,5.048204699,5.158763835,0.039130368,0.559362252,-0.674980442,-1.389752462,0.776374563,2.806938732,-1.486390459,0.035055439,0.521564488,-0.443662066,0.911206457,-0.691058877,1.463274323,-0.872693767,-0.483212475,0.991855761,0.551855563,0.337409375
2011,Takotna,Kuskokwim,Kuskokwim,5.114912301,5.957198672,0.040199813,0.442743553,1.229486386,0.400999704,0.869724829,1.394030972,-1.519215157,-0.677629351,2.137304691,0.525781081,-0.046704438,1.463274323,0.016599866,1.472527241,1.935919474,0.337409375,-1.021716756,-0.923236844
2012,Takotna,Kuskokwim,Kuskokwim,5.406788033,6.461863306,0.041537227,0.270348206,1.901109954,1.026358554,1.287236284,-1.107805781,-0.855110859,0.789675236,-0.9787657,0.968906852,2.303881105,0.016599866,0.096055751,-0.453349613,-0.538979683,-0.923236844,-1.453291964,-0.219198598
2013,Takotna,Kuskokwim,Kuskokwim,4.601374064,5.160474821,0.047535075,0.567105995,0.666952361,1.57609109,1.459631122,-1.116805185,-0.372254211,1.930878401,-0.747945671,-1.446510713,1.840228341,0.096055751,-1.231359904,-0.775623361,-0.504027835,-0.219198598,0.974138549,0.198575802
1999,Tatlawiksuk,Kuskokwim,Kuskokwim,7.299876533,8.224681711,0.049037519,0.06134163,-1.341346682,-0.934909891,-0.116923799,-1.125804589,-0.106185171,0.43946759,0.636974503,-0.676009752,-0.335566491,-0.75607107,-0.52692641,0.18736917,-0.900506621,-0.564915799,-0.231869441,-0.397851649
2000,Tatlawiksuk,Kuskokwim,Kuskokwim,6.766090243,8.255921426,0.043754247,0.054681172,-2.227206339,1.238742079,0.226912612,-0.369853905,-0.13581215,-0.705744345,0.406154474,1.065620423,-0.376738791,-0.52692641,0.863783454,0.82127383,2.031164728,-0.397851649,0.581634322,-0.923692596
2001,Tatlawiksuk,Kuskokwim,Kuskokwim,7.584465502,7.652780558,0.04226024,0.073000678,0.488203232,0.27622058,0.395191846,-1.089806972,-0.128795344,0.153704485,-0.9787657,-0.079933473,0.002634542,0.863783454,-0.414182183,-0.696994324,-0.433856697,-0.923692596,-1.592126624,-0.396633855
2002,Tatlawiksuk,Kuskokwim,Kuskokwim,7.643922553,7.904661169,0.041327857,0.070927926,0.24373751,1.040137648,0.358632698,-0.945816289,-0.315433857,0.742252827,-0.9787657,0.051811884,-0.637006543,-0.414182183,0.24254894,-0.302466249,-0.067064088,-0.396633855,0.876268633,0.205883863
2003,Tatlawiksuk,Kuskokwim,Kuskokwim,7.604843409,8.044131644,0.053490697,0.07700985,-0.019128857,-0.734980547,0.342849731,-1.125804589,0.251120119,0.914348523,-0.170895598,5.293066705,-0.381150109,0.24254894,2.934397006,-1.002864404,-0.079568289,0.205883863,-0.194717309,2.419742854
2004,Tatlawiksuk,Kuskokwim,Kuskokwim,7.942293693,7.159499775,0.03702056,0.109150684,0.622265079,-0.846140732,0.15124071,-0.270860377,-0.472618992,-0.311288039,1.444844604,-0.435981069,-0.991014822,2.934397006,-0.249628689,-0.391124243,-0.100476885,2.419742854,0.324329434,1.18438523
2005,Tatlawiksuk,Kuskokwim,Kuskokwim,7.965887032,7.465514148,0.036232737,0.090390863,0.758955589,-1.121271254,-0.073680463,0.404095588,-0.448089009,-2.127747297,-0.863355685,-0.098351157,-0.471949758,-0.249628689,0.079604596,-0.071955463,-0.125777701,1.18438523,1.633634463,-0.5815238
2006,Tatlawiksuk,Kuskokwim,Kuskokwim,7.635724166,7.196226407,0.034747908,0.098670562,1.593556304,-1.085155005,0.394201158,1.844001615,-0.773056323,1.042119424,0.29074446,-0.471670199,0.315102888,0.079604596,-0.387792536,-1.211210691,-0.180626521,-0.5815238,-0.019029119,1.801025831
2007,Tatlawiksuk,Kuskokwim,Kuskokwim,7.325206533,7.740349515,0.035094521,0.068799466,-0.003356875,-0.754324274,0.221592639,2.086985746,-1.723885667,-1.128539204,-0.170895598,-0.135139915,-0.802798595,-0.387792536,1.113021294,-0.883176112,-1.310421077,1.801025831,1.209083985,-0.700905256
2008,Tatlawiksuk,Kuskokwim,Kuskokwim,7.066449131,7.486836368,0.034433292,0.084190761,2.224435585,-0.842695959,0.244546513,1.924996468,-0.940204655,0.910072248,0.752384517,-0.688691287,-1.607128879,1.113021294,2.085713846,-2.040162939,-1.015610149,-0.700905256,-1.090144288,0.786062924
2009,Tatlawiksuk,Kuskokwim,Kuskokwim,6.995624986,7.20393113,0.036990509,0.103063644,0.702439321,-1.793482516,0.450328684,0.440093232,-0.397059713,-0.441855231,0.059924431,-0.023057953,-1.428838093,2.085713846,-0.674891967,-0.240405653,-0.793307901,0.786062924,-0.141354098,0.497500459
2010,Tatlawiksuk,Kuskokwim,Kuskokwim,6.341704697,7.540367782,0.039817509,0.086391017,-0.674980442,-1.389752462,0.776374563,2.806938732,-1.486390459,0.035055439,0.521564488,-0.324883723,3.037621208,-0.674891967,1.383904443,-0.142881859,-0.203876843,0.497500459,-0.437728429,-0.218313168
2011,Tatlawiksuk,Kuskokwim,Kuskokwim,6.780487082,8.074615115,0.035756183,0.084891043,1.229486386,0.400999704,0.869724829,1.394030972,-1.519215157,-0.677629351,2.137304691,-0.12872729,0.096742656,1.383904443,0.319828928,1.738884072,1.614868395,-0.218313168,-1.107749336,-0.943433178
2012,Tatlawiksuk,Kuskokwim,Kuskokwim,7.103195866,8.389716027,0.039366864,0.185059485,1.901109954,1.026358554,1.287236284,-1.107805781,-0.855110859,0.789675236,-0.9787657,0.321256685,1.337793405,0.319828928,0.206630981,-0.690344974,-0.865356488,-0.943433178,-1.241704485,-0.306516468
2013,Tatlawiksuk,Kuskokwim,Kuskokwim,6.337730683,7.460070956,0.036263834,0.277923121,0.666952361,1.57609109,1.459631122,-1.116805185,-0.372254211,1.930878401,-0.747945671,-1.184940326,0.280547565,0.206630981,-1.035143295,-0.391124243,-0.579179203,-0.306516468,1.142268824,0.824714813
1985,Teslin,Yukon (CA),Yukon,8.87034921,8.225024593,0.175986666,0.628732266,0.048822006,0.258006668,-1.27917655,-1.125804589,0.503640325,-0.335565368,0.736646271,1.75566643,0.504551332,0.560667138,0.457941866,0.319531649,0.061970521,0.267952185,-0.362036267,0.309764256
1986,Teslin,Yukon (CA),Yukon,8.962306959,9.913106533,0.169154031,0.313890229,-0.291208909,-0.346118634,-1.295741835,0.044119074,0.223767349,0.533319712,-0.851150873,-0.026434333,1.304228967,0.457941866,0.469017938,0.289260306,0.542995926,0.309764256,-1.038194563,0.544991008
1987,Teslin,Yukon (CA),Yukon,8.18296481,9.941350297,0.221789767,0.335941827,1.274494666,-0.168182843,-1.11856755,-0.333856261,2.133267458,2.009610415,-1.248100159,-0.504349123,0.998543569,0.469017938,0.647044567,1.497805576,2.318267634,0.544991008,-0.59173866,0.647559274
1988,Teslin,Yukon (CA),Yukon,8.700581412,8.734215851,0.158727398,0.730350384,0.683777694,-0.450256782,-1.123159668,-0.315857452,1.229346002,0.183154663,-1.049625516,-0.287623485,1.892892357,0.647044567,0.930227592,-0.424553131,-0.94226923,0.647559274,-0.298699127,1.286896789
1989,Teslin,Yukon (CA),Yukon,9.228075208,9.797217053,0.26601307,0.467112005,2.252950972,-0.319203977,-1.163538411,0.035119662,2.077117343,1.905602694,-0.851150873,-0.603574688,-0.486835632,0.930227592,1.729361821,-0.170068627,-0.014361686,1.286896789,0.800191697,1.044179453
1990,Teslin,Yukon (CA),Yukon,8.570884648,9.879183056,0.329770822,0.458161436,-0.481175159,-0.535051202,-0.409177252,0.755072677,0.605303195,1.412793001,0.538171628,1.775118202,-0.31783229,1.729361821,2.510172058,-0.141849579,2.089349861,1.044179453,1.397988016,0.778874816
1991,Teslin,Yukon (CA),Yukon,8.56600692,8.961009637,0.187477321,0.682655068,0.10173498,0.268640913,0.239678913,-0.459848028,0.519564766,1.764180422,-1.248100159,0.395416429,-0.382327175,2.510172058,0.628821195,1.196759437,-0.952834837,0.778874816,1.976433706,0.39197309
1992,Teslin,Yukon (CA),Yukon,8.850179688,9.875530009,0.171719173,0.198911924,0.042750026,-0.840046133,0.662912275,-0.44184922,-1.061892755,1.299144904,-0.851150873,0.061032567,1.883721067,0.628821195,0.461424352,1.378900564,0.586479705,0.39197309,-1.06992614,0.972161326
1993,Teslin,Yukon (CA),Yukon,8.643601203,9.639187362,0.194764697,0.282059886,0.348951334,0.768520328,0.87285227,0.521087951,-0.821515928,-1.330623288,-0.65267623,0.45644623,0.533988217,0.461424352,1.435915606,-0.228045943,-0.334944002,0.972161326,0.742612149,1.111096381
1994,Teslin,Yukon (CA),Yukon,8.318075538,8.242420759,0.195035161,0.532830882,-1.117865699,-0.837131325,0.379401207,-0.92781748,0.891616251,-0.487292726,0.339696985,0.559678534,0.155524661,1.435915606,0.664637887,-1.182106298,-0.478299589,1.111096381,0.263201199,1.286209373
1995,Teslin,Yukon (CA),Yukon,8.949224957,10.02580751,0.186310015,0.187981866,-0.053534238,-0.972404924,0.133278485,0.431093828,1.664572407,0.651356856,-0.255726944,0.672659965,-1.117066153,0.664637887,0.741489318,-1.183645519,-1.040993175,1.286209373,0.315393074,0.610629499
1996,Teslin,Yukon (CA),Yukon,8.987343438,8.152700048,0.164367062,0.609810472,-1.531627807,-0.690993441,-0.261924091,0.773071539,0.837133129,1.976581097,-0.255726944,-0.312309213,-0.747403723,0.741489318,0.874412025,-1.064612444,0.093701839,0.610629499,-0.336516037,1.096683795
1997,Teslin,Yukon (CA),Yukon,8.664449003,8.871786388,0.260076966,0.366740901,-1.987026354,-1.612129615,-0.384439504,0.935060923,0.225062571,-0.790827155,0.538171628,-0.985695623,-0.584835432,0.874412025,-1.075981001,-1.41991591,-1.525359001,1.096683795,-0.514458485,-1.287192047
1998,Teslin,Yukon (CA),Yukon,8.817689641,8.61188639,0.116502075,0.512948181,-0.154155632,1.750688392,-0.105968147,0.692076793,-0.535231891,-0.194070259,-0.057252301,-1.204671942,-1.027720029,-1.075981001,0.558431083,-0.474449333,-0.37118791,-1.287192047,-0.03155309,0.8507954
1999,Teslin,Yukon (CA),Yukon,8.315595373,9.840644306,0.210631371,0.183037316,-0.091700974,-0.934909891,-0.116923799,-1.125804589,0.356816741,0.43946759,0.538171628,-0.675634117,-0.261769313,0.558431083,-1.197983482,1.999976154,0.796204422,0.8507954,0.886776112,-1.485601133
2000,Teslin,Yukon (CA),Yukon,8.35407318,8.077623053,0.160086169,0.707808861,-0.227019399,1.238742079,0.226912612,-0.369853905,-0.850920667,-0.705744345,1.332070201,-1.55952683,1.913897572,-1.197983482,-0.957548111,1.267820131,-0.471740633,-1.485601133,-1.671032964,-1.267781769
2001,Teslin,Yukon (CA),Yukon,9.544973298,9.631188376,0.166496401,0.326610872,0.063568245,0.27622058,0.395191846,-1.089806972,0.194985907,0.153704485,-0.851150873,1.158631137,1.730102062,-0.957548111,-1.187327892,-0.55769573,0.33298084,-1.267781769,-1.682118083,-1.208805629
2002,Teslin,Yukon (CA),Yukon,8.182503593,9.846261703,0.242024304,0.457241419,-0.07175018,1.040137648,0.358632698,-0.945816289,-0.660071922,0.742252827,-0.255726944,-0.388132995,-0.871586079,-1.187327892,0.173827752,-1.288569069,-0.491453966,-1.208805629,1.320621924,-0.416735662
2003,Teslin,Yukon (CA),Yukon,8.287554165,9.720176067,0.229756015,0.193076418,-0.678948243,-0.734980547,0.342849731,-1.125804589,0.890226185,0.914348523,-1.248100159,-1.176761168,-0.930903622,0.173827752,-0.030638393,0.059531808,-0.514251167,-0.416735662,-0.333726522,-1.102126567
2004,Teslin,Yukon (CA),Yukon,8.354879722,9.253104751,0.189892534,0.138326021,0.580554024,-0.846140732,0.15124071,-0.270860377,1.170287885,-0.311288039,1.133595558,0.990625932,-0.057042432,-0.030638393,-0.062280809,0.175742978,1.215586361,-1.102126567,1.636688737,-0.856517844
2005,Teslin,Yukon (CA),Yukon,9.087043834,8.867264485,0.144302204,0.150260631,0.957016822,-1.121271254,-0.073680463,0.404095588,0.356061511,-2.127747297,-0.255726944,-1.424473443,-0.3102884,-0.062280809,0.096750578,0.423172515,0.200953103,-0.856517844,-0.309579738,-1.147744148
2006,Teslin,Yukon (CA),Yukon,8.676956725,8.512984515,0.191142311,0.179887196,0.94920999,-1.085155005,0.394201158,1.844001615,0.025928011,1.042119424,-0.255726944,0.240962213,0.346494369,0.096750578,0.949367668,1.342857349,1.632628126,-1.147744148,-0.157269181,0.904885031
2007,Teslin,Yukon (CA),Yukon,8.765761959,9.536211748,0.038721156,0.082485316,-0.19579207,-0.754324274,0.221592639,2.086985746,-1.462195681,-1.128539204,-0.255726944,-0.347112138,1.284998368,0.949367668,0.269453779,-0.103369059,0.429031903,0.904885031,1.259530012,0.694622541
2008,Teslin,Yukon (CA),Yukon,9.381655325,8.555349828,0.286079179,0.152508673,2.095079476,-0.842695959,0.244546513,1.924996468,-0.120712933,0.910072248,-1.248100159,0.627942232,-0.29638354,0.269453779,0.184790686,0.284001507,-0.478705238,0.694622541,-0.167810004,0.276347349
2009,Teslin,Yukon (CA),Yukon,9.256550908,8.742102334,0.144298248,0.113755887,-0.169769296,-1.793482516,0.450328684,0.440093232,0.070055154,-0.441855231,0.339696985,0.418293989,-0.417163406,0.184790686,-0.759978938,0.149961235,-0.908258444,0.276347349,0.248634618,-0.993894344
2010,Teslin,Yukon (CA),Yukon,8.408042345,8.182196421,0.099473084,0.153797756,0.1225532,-1.389752462,0.776374563,2.806938732,-1.068487635,0.035055439,-0.851150873,0.181079598,-0.621372435,-0.759978938,0.173527203,-0.335534862,0.753978702,-0.993894344,-0.451652628,-0.00556305
2011,Teslin,Yukon (CA),Yukon,8.447993557,10.05726902,0.108721322,0.080505114,0.656020069,0.400999704,0.869724829,1.394030972,-0.95706175,-0.677629351,1.92749413,-0.155056284,-0.910638027,0.173527203,0.143522438,1.252812523,-0.262840496,-0.00556305,-1.124585125,-1.388520179
2012,Teslin,Yukon (CA),Yukon,8.577712386,9.495293838,0.093143519,0.105956328,0.68464512,1.026358554,1.287236284,-1.107805781,-0.114277247,0.789675236,-0.65267623,-1.141826959,1.305338042,0.143522438,0.237550376,0.173947221,-1.095023787,-1.388520179,-1.057744423,1.173368738
2013,Teslin,Yukon (CA),Yukon,8.949064651,8.883289075,0.072481719,0.198487424,1.047229106,1.57609109,1.459631122,-1.116805185,-0.680329879,1.930878401,-0.255726944,2.964937856,-0.293276898,0.237550376,-1.780619363,-0.291282059,0.827910309,1.173368738,0.621519085,-0.181244404
2014,Teslin,Yukon (CA),Yukon,8.90402473,9.130180398,0.08579522,0.36907663,3.023225086,0.90910377,1.50121983,-1.125804589,-1.036513689,1.793548982,-2.438948018,1.115896446,-0.351928901,-1.780619363,-1.580280102,-0.147108378,0.300046641,-0.181244404,-0.425532149,0.443208717
2015,Teslin,Yukon (CA),Yukon,8.912399833,9.51471028,0.070651732,0.800433755,0.498148572,1.636480907,1.489113037,-0.432849816,-0.544410373,0.15123721,-0.454201587,0.677999611,-0.953609844,-1.580280102,-1.807896892,-0.334765251,-0.140847409,0.443208717,0.611668166,1.43536224
1991,Tuluksak,Kuskokwim,Kuskokwim,6.514128643,7.386661745,0.046830192,0.634515354,0.561805814,0.268640913,0.239678913,-0.459848028,0.202147697,1.764180422,-0.9787657,-0.736235715,-1.140137311,0.492737392,0.810078859,-0.68201452,-0.618628327,-0.594341271,0.056895899,-1.291225797
1992,Tuluksak,Kuskokwim,Kuskokwim,6.921126717,6.891715226,0.042977684,0.668247366,1.313603624,-0.840046133,0.662912275,-0.44184922,0.338248855,1.299144904,-0.401715627,-0.331098543,-0.727088997,0.810078859,-0.227768989,1.138917153,-0.265995233,-1.291225797,0.36401702,0.185734285
1993,Tuluksak,Kuskokwim,Kuskokwim,7.745068086,8.245495504,0.043707733,0.461348106,-0.40817108,0.768520328,0.87285227,0.521087951,0.328891266,-1.330623288,-0.517125642,1.86338837,1.039103472,-0.227768989,0.793939176,1.271980627,-0.100461173,0.185734285,1.396272875,-0.851948781
1994,Tuluksak,Kuskokwim,Kuskokwim,8.029272647,7.348435903,0.048421844,0.513636804,0.088646354,-0.837131325,0.379401207,-0.92781748,0.36030738,-0.487292726,-0.170895598,-0.405457729,0.405479935,0.793939176,-1.014406389,0.845218497,0.480035014,-0.851948781,-1.424693196,1.025822077
1995,Tuluksak,Kuskokwim,Kuskokwim,8.448952818,7.093001688,0.125636981,0.138499654,0.055788058,-0.972404924,0.133278485,0.431093828,0.352492657,0.651356856,-0.9787657,-1.261473424,-0.345324189,-1.014406389,-0.706935401,-0.487813775,-0.917985928,1.025822077,0.141622254,0.394249809
1996,Tuluksak,Kuskokwim,Kuskokwim,7.700103409,7.459680669,0.229312429,0.09927768,-0.019128857,-0.690993441,-0.261924091,0.773071539,0.187642788,1.976581097,-0.517125642,-1.060520792,-0.144897664,-0.706935401,-0.027157832,-1.062024619,-1.596176323,0.394249809,1.471900183,0.629699521
1997,Tuluksak,Kuskokwim,Kuskokwim,7.459846257,7.084104114,0.405542509,0.088179654,-1.949882321,-1.612129615,-0.384439504,0.935060923,-0.67726679,-0.790827155,0.867794532,-0.618360844,-0.563248267,-0.027157832,-0.855319319,0.489183798,0.379331819,0.629699521,0.637488476,0.223542086
1998,Tuluksak,Kuskokwim,Kuskokwim,7.270615551,7.545774539,0.434413158,0.064064858,-0.505431635,1.750688392,-0.105968147,0.692076793,-1.058183776,-0.194070259,-0.055485584,-0.143620486,-0.387742501,-0.855319319,-0.582824972,0.194286371,0.576092773,0.223542086,-0.573622147,0.299993358
1999,Tuluksak,Kuskokwim,Kuskokwim,7.083621533,7.843247231,0.370695513,0.054418462,-1.341346682,-0.934909891,-0.116923799,-1.125804589,-0.106185171,0.43946759,0.636974503,0.768937582,-1.171420816,-0.582824972,-0.595219549,0.15832327,0.473764804,0.299993358,0.002616402,0.251957242
2000,Tuluksak,Kuskokwim,Kuskokwim,6.4625128,7.625871876,0.266976472,0.060906824,-2.227206339,1.238742079,0.226912612,-0.369853905,-0.13581215,-0.705744345,0.406154474,2.275777077,-0.437053788,-0.595219549,0.439660375,0.477196098,1.694422315,0.251957242,1.588153508,-1.380530034
2001,Tuluksak,Kuskokwim,Kuskokwim,6.897540792,7.450351064,0.047610463,0.058103177,0.488203232,0.27622058,0.395191846,-1.089806972,-0.128795344,0.153704485,-0.9787657,-0.606666949,0.849811754,0.439660375,-0.789874333,-1.277803224,-0.096692872,-1.380530034,-1.56246821,1.244505512
2002,Tuluksak,Kuskokwim,Kuskokwim,6.968247993,6.915270804,0.040718275,0.07378062,0.24373751,1.040137648,0.358632698,-0.945816289,-0.315433857,0.742252827,-0.9787657,-0.090584545,-0.616271157,-0.789874333,-0.564783663,-0.292414261,0.222325317,1.244505512,1.885945955,0.93170506
2003,Tuluksak,Kuskokwim,Kuskokwim,7.124080535,6.859002062,0.037662595,0.077470641,-0.019128857,-0.734980547,0.342849731,-1.125804589,0.251120119,0.914348523,-0.170895598,0.020556622,0.43676344,-0.564783663,-0.151010545,-1.430047018,0.160349386,0.93170506,0.014557969,0.759243483
2004,Tuluksak,Kuskokwim,Kuskokwim,7.439743348,6.452423465,0.035277777,0.090570728,0.622265079,-0.846140732,0.15124071,-0.270860377,-0.472618992,-0.311288039,1.444844604,0.479603563,-0.532229961,-0.151010545,0.186960796,-0.858233714,0.769785941,0.759243483,0.307972873,-0.050525188
2005,Tuluksak,Kuskokwim,Kuskokwim,7.525928957,6.239094739,0.035233598,0.097204584,0.758955589,-1.121271254,-0.073680463,0.404095588,-0.448089009,-2.127747297,-0.863355685,0.539465426,0.038031307,0.186960796,-0.152751766,-0.26124624,0.075179878,-0.050525188,1.625172183,-0.349579764
2006,Tuluksak,Kuskokwim,Kuskokwim,7.055506816,6.025681752,0.033684591,0.133107885,1.593556304,-1.085155005,0.394201158,1.844001615,-0.773056323,1.042119424,0.29074446,0.260496796,0.916620596,-0.152751766,-0.656092459,-0.527373186,1.183898359,-0.349579764,0.981051657,1.28084947
2007,Tuluksak,Kuskokwim,Kuskokwim,6.495711925,7.078783197,0.035989607,0.067992951,-0.003356875,-0.754324274,0.221592639,2.086985746,-1.723885667,-1.128539204,-0.170895598,-0.095124877,-0.301580219,-0.656092459,1.411428447,0.072011828,-0.098856602,1.28084947,0.986501574,-0.616673636
2008,Tuluksak,Kuskokwim,Kuskokwim,6.082392514,5.633747943,0.034301544,0.18492522,2.224435585,-0.842695959,0.244546513,1.924996468,-0.940204655,0.910072248,0.752384517,-0.459781992,-1.021101008,1.411428447,1.150760554,-1.448028568,-0.918875509,-0.616673636,-1.529672225,0.137698821
2009,Tuluksak,Kuskokwim,Kuskokwim,5.957353932,5.93298027,0.037199136,0.116118912,0.702439321,-1.793482516,0.450328684,0.440093232,-0.397059713,-0.441855231,0.059924431,-0.063083117,-1.25069002,1.150760554,-0.22681027,0.381294495,-0.388866181,0.137698821,0.310339472,-0.429057454
2010,Tuluksak,Kuskokwim,Kuskokwim,5.270880547,6.112635757,0.04222438,0.09483957,-0.674980442,-1.389752462,0.776374563,2.806938732,-1.486390459,0.035055439,0.521564488,-0.683359473,1.081521784,-0.22681027,0.334730835,0.938722559,-0.848833858,-0.429057454,-0.12280844,-1.294606391
2011,Tuluksak,Kuskokwim,Kuskokwim,5.839837178,7.101758161,0.037326407,0.072878578,1.229486386,0.400999704,0.869724829,1.394030972,-1.519215157,-0.677629351,2.137304691,-0.099325722,0.394875357,0.334730835,0.633759207,2.102728256,1.018481415,-1.294606391,-0.755944962,-1.502127355
2012,Tuluksak,Kuskokwim,Kuskokwim,6.195972352,7.087603663,0.041666894,0.18617096,1.901109954,1.026358554,1.287236284,-1.107805781,-0.855110859,0.789675236,-0.9787657,0.031638655,0.741114829,0.633759207,0.378010666,-0.442260514,-0.895818444,-1.502127355,-1.330589973,-1.196903363
2013,Tuluksak,Kuskokwim,Kuskokwim,5.178742832,6.963349524,0.038847426,0.269907201,0.666952361,1.57609109,1.459631122,-1.116805185,-0.372254211,1.930878401,-0.747945671,-1.208031247,0.912113565,0.378010666,-1.197246574,-1.002086117,-0.907140373,-1.196903363,1.225105086,1.116309378
1985,UprLksMain,Yukon (CA),Yukon,8.247546256,9.500515011,0.144240857,0.356392697,0.048822006,0.258006668,-1.27917655,-1.125804589,0.503640325,-0.335565368,0.736646271,-0.638681865,0.219187267,-0.490475029,-0.246883613,0.679204057,-0.315433699,0.07817882,-0.343153332,0.209860333
1986,UprLksMain,Yukon (CA),Yukon,8.090171371,10.43585699,0.159611196,0.172618635,-0.291208909,-0.346118634,-1.295741835,0.044119074,0.223767349,0.533319712,-0.851150873,-0.568010629,1.190279851,-0.246883613,-0.925094411,-1.040660618,-0.122411994,0.209860333,-1.017801005,0.346854741
1987,UprLksMain,Yukon (CA),Yukon,7.621890701,8.021740238,0.213476963,0.721748273,1.274494666,-0.168182843,-1.11856755,-0.333856261,2.133267458,2.009610415,-1.248100159,0.448791074,0.102970635,-0.925094411,-0.197349056,1.52730583,0.87758309,0.346854741,-0.572342541,-1.790350053
1988,UprLksMain,Yukon (CA),Yukon,7.210674978,9.300476908,0.228738637,0.491624934,0.683777694,-0.450256782,-1.123159668,-0.315857452,1.229346002,0.183154663,-1.049625516,0.27836113,1.886705182,-0.197349056,0.15445844,-1.058537535,-0.287391947,-1.790350053,-0.279957696,-1.333512838
1989,UprLksMain,Yukon (CA),Yukon,6.310541393,10.21972493,0.28706267,0.20150401,2.252950972,-0.319203977,-1.163538411,0.035119662,2.077117343,1.905602694,-0.851150873,-1.190354266,-0.911521013,0.15445844,1.351168884,-0.346615632,-0.051930958,-1.333512838,0.816478065,-1.100668318
1990,UprLksMain,Yukon (CA),Yukon,6.984538055,7.564502103,0.242354672,0.864502603,-0.481175159,-0.535051202,-0.409177252,0.755072677,0.605303195,1.412793001,0.538171628,0.02347622,-0.39073111,1.351168884,0.506610952,-0.149969553,1.541216988,-1.100668318,1.412938831,-1.080108831
1991,UprLksMain,Yukon (CA),Yukon,8.907578269,10.09201709,0.128289214,0.140711795,0.10173498,0.268640913,0.239678913,-0.459848028,0.519564766,1.764180422,-1.248100159,0.175308229,-0.570735674,0.506610952,-0.332245265,0.972595464,-0.557210675,-1.080108831,1.990092199,0.194608597
1992,UprLksMain,Yukon (CA),Yukon,9.081983459,4.653079249,0.131146754,0.882265631,0.042750026,-0.840046133,0.662912275,-0.44184922,-1.061892755,1.299144904,-0.851150873,0.107226012,1.475432618,-0.332245265,-0.832641432,0.384760561,-0.212454953,0.194608597,-1.049461689,1.298504055
1993,UprLksMain,Yukon (CA),Yukon,8.04745845,9.443150028,0.134750227,0.217935637,0.348951334,0.768520328,0.87285227,0.521087951,-0.821515928,-1.330623288,-0.65267623,-0.357243313,0.578322494,-0.832641432,-0.449963537,-0.890284205,-0.848534363,1.298504055,0.759027158,0.979616196
1994,UprLksMain,Yukon (CA),Yukon,8.343406058,8.157437921,0.128281636,0.562381843,-1.117865699,-0.837131325,0.379401207,-0.92781748,0.891616251,-0.487292726,0.339696985,-0.534094903,-0.497044578,-0.449963537,-0.498632204,-0.581381523,-1.026835228,0.979616196,0.280687273,1.072282508
1995,UprLksMain,Yukon (CA),Yukon,9.009987309,9.979032854,0.119704101,0.222767744,-0.053534238,-0.972404924,0.133278485,0.431093828,1.664572407,0.651356856,-0.255726944,-0.367506931,-0.772876721,-0.498632204,-0.585046362,-0.61266621,-0.949277549,1.072282508,-0.340179852,0.573867559
1996,UprLksMain,Yukon (CA),Yukon,8.551584225,8.577121687,0.099647498,0.359354823,-1.531627807,-0.690993441,-0.261924091,0.773071539,0.837133129,1.976581097,-0.255726944,-1.28635792,-0.875694956,-0.585046362,-0.320190815,-0.588742606,-0.544325763,0.573867559,-0.317690117,0.912753684
1997,UprLksMain,Yukon (CA),Yukon,8.819695184,8.180283281,0.120413659,0.553902636,-1.987026354,-1.612129615,-0.384439504,0.935060923,0.225062571,-0.790827155,0.538171628,-0.405459225,-0.368885989,-0.320190815,-1.141867349,-0.815095998,-1.654682959,0.912753684,-0.49523502,0.864278298
1998,UprLksMain,Yukon (CA),Yukon,7.365810634,9.937252394,0.160061802,0.155416898,-0.154155632,1.750688392,-0.105968147,0.692076793,-0.535231891,-0.194070259,-0.057252301,-0.612806594,-0.860840117,-1.141867349,-0.030197735,-0.195187635,-0.668802909,0.864278298,-0.013408497,-1.065106022
1999,UprLksMain,Yukon (CA),Yukon,8.083499336,9.228569708,0.133151975,0.108819207,-0.091700974,-0.934909891,-0.116923799,-1.125804589,0.356816741,0.43946759,0.538171628,-0.769149184,-0.055188621,-0.030197735,-0.66527428,3.080494381,0.547638808,-1.065106022,0.90286904,0.223842637
2000,UprLksMain,Yukon (CA),Yukon,8.284400489,8.428650576,0.115738099,0.184735313,-0.227019399,1.238742079,0.226912612,-0.369853905,-0.850920667,-0.705744345,1.332070201,-1.147875412,2.685075033,-0.66527428,-0.433934093,1.595132785,-0.276981026,0.223842637,-1.649225563,0.500193575
2001,UprLksMain,Yukon (CA),Yukon,9.528800532,6.575461549,0.191649013,0.681575798,0.063568245,0.27622058,0.395191846,-1.089806972,0.194985907,0.153704485,-0.851150873,-0.606301256,1.626310417,-0.433934093,-1.122328021,-0.932873329,-0.962963867,0.500193575,-1.660285917,0.799089263
2002,UprLksMain,Yukon (CA),Yukon,8.299372006,9.105503509,0.135861069,0.074434342,-0.07175018,1.040137648,0.358632698,-0.945816289,-0.660071922,0.742252827,-0.255726944,-1.111883334,-1.202499265,-1.122328021,-0.588036857,-1.412395319,-1.440940671,0.799089263,1.335745584,0.644964781
2003,UprLksMain,Yukon (CA),Yukon,8.468080281,7.227899162,0.109045859,0.177350496,-0.678948243,-0.734980547,0.342849731,-1.125804589,0.890226185,0.914348523,-1.248100159,-1.243184475,-1.140750127,-0.588036857,-0.076521906,0.024067485,-1.143561392,0.644964781,-0.314906835,-0.823680825
2004,UprLksMain,Yukon (CA),Yukon,8.897441596,7.440524,0.110269416,0.166816273,0.580554024,-0.846140732,0.15124071,-0.270860377,1.170287885,-0.311288039,1.133595558,-0.576490302,0.362491872,-0.076521906,-0.824274502,0.304314438,-0.443781751,-0.823680825,1.651106264,1.285908647
2005,UprLksMain,Yukon (CA),Yukon,8.640638031,9.221427723,0.020450694,0.045719834,0.957016822,-1.121271254,-0.073680463,0.404095588,0.356061511,-2.127747297,-0.255726944,-0.920451977,0.127146099,-0.824274502,-0.538937151,0.582458392,-0.232077057,1.285908647,-0.290813998,0.58426277
2006,UprLksMain,Yukon (CA),Yukon,7.723869004,8.108705834,0.034232812,0.103423856,0.94920999,-1.085155005,0.394201158,1.844001615,0.025928011,1.042119424,-0.255726944,0.232214714,0.603080496,-0.538937151,1.972857387,0.422091769,1.139849526,0.58426277,-0.138843722,0.411030882
2007,UprLksMain,Yukon (CA),Yukon,7.148344443,7.822297366,0.035128843,0.100428479,-0.19579207,-0.754324274,0.221592639,2.086985746,-1.462195681,-1.128539204,-0.255726944,0.215975458,0.735025682,1.972857387,1.879714994,-0.147866386,0.475371164,0.411030882,1.27479016,0.329742181
2008,UprLksMain,Yukon (CA),Yukon,8.229214269,8.702524991,0.024841368,0.08677341,2.095079476,-0.842695959,0.244546513,1.924996468,-0.120712933,0.910072248,-1.248100159,1.709659246,-0.354322326,1.879714994,1.763472623,-0.108957804,-0.109932596,0.329742181,-0.149360996,0.60561317
2009,UprLksMain,Yukon (CA),Yukon,7.317412469,8.466511462,0.029780213,0.101699024,-0.169769296,-1.793482516,0.450328684,0.440093232,0.070055154,-0.441855231,0.339696985,0.039990296,-0.429178687,1.763472623,0.002085727,0.19389819,0.200909349,0.60561317,0.266153236,-1.016850324
2010,UprLksMain,Yukon (CA),Yukon,7.803879941,8.079900346,0.027017845,0.123538069,0.1225532,-1.389752462,0.776374563,2.806938732,-1.068487635,0.035055439,-0.851150873,0.242335879,-0.010624292,0.002085727,0.114729101,0.178387252,0.498218034,-1.016850324,-0.432569479,-0.898918444
2011,UprLksMain,Yukon (CA),Yukon,8.455734932,8.462963819,0.019669956,0.065895495,0.656020069,0.400999704,0.869724829,1.394030972,-0.95706175,-0.677629351,1.92749413,0.403779763,-0.625494344,0.114729101,2.804039722,1.423725042,1.744086667,-0.898918444,-1.103998559,-2.565598784
2012,UprLksMain,Yukon (CA),Yukon,7.713589071,8.228203995,0.03494208,0.08978694,0.68464512,1.026358554,1.287236284,-1.107805781,-0.114277247,0.789675236,-0.65267623,0.99202569,1.567473787,2.804039722,1.031476737,-0.22515776,1.496592766,-2.565598784,-1.037307187,-0.961840134
2013,UprLksMain,Yukon (CA),Yukon,7.677925336,8.47985446,0.025623734,0.185712757,1.047229106,1.57609109,1.459631122,-1.116805185,-0.680329879,1.930878401,-0.255726944,2.452461165,-0.297816226,1.031476737,-0.339337502,0.140267441,1.949098673,-0.961840134,0.638204631,-1.175467452
2014,UprLksMain,Yukon (CA),Yukon,8.82109237,8.592587822,0.044751464,0.50327995,3.023225086,0.90910377,1.50121983,-1.125804589,-1.036513689,1.793548982,-2.438948018,1.348534845,-0.3257781,-0.339337502,1.130715866,0.011974277,1.951993139,-1.175467452,-0.406507356,0.449578445
2015,UprLksMain,Yukon (CA),Yukon,8.517410613,9.715591121,0.021201689,1.225017068,0.498148572,1.636480907,1.489113037,-0.432849816,-0.544410373,0.15123721,-0.454201587,2.008465,-0.749866522,1.130715866,1.768447179,-0.601624586,0.750013341,0.449578445,0.62837572,1.156679249
1985,White-Donjek,Yukon (CA),Yukon,7.972694854,8.419753728,0.243744339,0.627697851,0.048822006,0.258006668,-1.27917655,-1.125804589,0.503640325,-0.335565368,0.736646271,-0.078891918,-0.377388812,1.336467945,0.04392374,0.248989787,0.299303677,0.07817882,-0.331455328,0.209860333
1986,White-Donjek,Yukon (CA),Yukon,8.327396798,9.045813096,0.20348389,0.410519329,-0.291208909,-0.346118634,-1.295741835,0.044119074,0.223767349,0.533319712,-0.851150873,1.999870673,-0.470788763,0.04392374,-0.613444333,-1.054610957,0.117913742,0.209860333,-1.011403172,0.346854741
1987,White-Donjek,Yukon (CA),Yukon,8.04491311,9.953129469,0.200935737,0.286813902,1.274494666,-0.168182843,-1.11856755,-0.333856261,2.133267458,2.009610415,-1.248100159,-0.140115826,-1.122684586,-0.613444333,1.000767406,1.111936758,1.203768236,0.346854741,-0.562445094,-1.790350053
1988,White-Donjek,Yukon (CA),Yukon,8.291459942,9.55749166,0.191463926,0.487532868,0.683777694,-0.450256782,-1.123159668,-0.315857452,1.229346002,0.183154663,-1.049625516,-0.750148832,0.159156914,1.000767406,0.79500106,-1.252905154,-1.298442738,-1.790350053,-0.267763213,-1.333512838
1989,White-Donjek,Yukon (CA),Yukon,8.812003441,9.664094632,0.267950645,0.660518025,2.252950972,-0.319203977,-1.163538411,0.035119662,2.077117343,1.905602694,-0.851150873,2.031730131,-0.946075805,0.79500106,1.231195502,0.060487895,0.398585755,-1.333512838,0.350776203,-1.100668318
1990,White-Donjek,Yukon (CA),Yukon,8.599442434,9.986300367,0.290429097,0.28827906,-0.481175159,-0.535051202,-0.409177252,0.755072677,0.605303195,1.412793001,0.538171628,-0.265878476,-0.577403576,1.231195502,1.336146312,0.51338205,0.725070888,-1.100668318,1.438433059,-1.080108831
1991,White-Donjek,Yukon (CA),Yukon,8.471818889,8.875907894,0.249274951,0.45541392,0.10173498,0.268640913,0.239678913,-0.459848028,0.519564766,1.764180422,-1.248100159,0.002784182,0.514502328,1.336146312,0.505711368,0.180443644,0.686519904,-1.080108831,2.020120664,0.194608597
1992,White-Donjek,Yukon (CA),Yukon,8.379415133,9.536810933,0.206847573,0.238798246,0.042750026,-0.840046133,0.662912275,-0.44184922,-1.061892755,1.299144904,-0.851150873,-0.248100972,-0.384332214,0.505711368,-0.036256235,0.648026258,-0.482141418,0.194608597,-1.043312589,1.298504055
1993,White-Donjek,Yukon (CA),Yukon,8.702974356,9.663977375,0.151356289,0.309654957,0.348951334,0.768520328,0.87285227,0.521087951,-0.821515928,-1.330623288,-0.65267623,-0.572994292,-0.693985529,-0.036256235,-0.246899709,-0.913846557,-1.338140832,1.298504055,0.77938412,0.979616196
1994,White-Donjek,Yukon (CA),Yukon,8.601907705,9.139232363,0.175939378,0.285554004,-1.117865699,-0.837131325,0.379401207,-0.92781748,0.891616251,-0.487292726,0.339696985,-0.370529678,-0.467429053,-0.246899709,-0.198466468,-0.004386132,0.174741815,0.979616196,-0.408259622,1.072282508
1995,White-Donjek,Yukon (CA),Yukon,9.000266269,8.275235877,0.335442345,0.502614753,-0.053534238,-0.972404924,0.133278485,0.431093828,1.664572407,0.651356856,-0.255726944,-0.61080201,-0.245800188,-0.198466468,0.01949399,-0.325084156,-0.708823849,1.072282508,0.349770684,0.573867559
1996,White-Donjek,Yukon (CA),Yukon,8.984703187,7.617555915,0.143221897,0.580060918,-1.531627807,-0.690993441,-0.261924091,0.773071539,0.837133129,1.976581097,-0.255726944,0.549702444,1.280852251,0.01949399,0.294260536,0.868353145,0.250674743,0.573867559,-0.305792069,0.912753684
1997,White-Donjek,Yukon (CA),Yukon,8.452826202,9.701286764,0.167459386,0.190536617,-1.987026354,-1.612129615,-0.384439504,0.935060923,0.225062571,-0.790827155,0.538171628,-1.526228019,1.644372996,0.294260536,-0.895486763,-1.569319044,-2.152510301,0.912753684,-0.484731801,0.864278298
1998,White-Donjek,Yukon (CA),Yukon,8.609555611,9.068676963,0.122098331,0.376459997,-0.154155632,1.750688392,-0.105968147,0.692076793,-0.535231891,-0.194070259,-0.057252301,-0.988035957,-1.113949338,-0.895486763,0.378393911,-0.941999437,-0.016663024,0.864278298,0.00088005,-1.065106022
1999,White-Donjek,Yukon (CA),Yukon,8.407687819,9.399606451,0.209040801,0.236917308,-0.091700974,-0.934909891,-0.116923799,-1.125804589,0.356816741,0.43946759,0.538171628,0.326027351,-0.792984998,0.378393911,-0.839225633,3.669564499,1.572368391,-1.065106022,0.924356054,0.223842637
2000,White-Donjek,Yukon (CA),Yukon,8.33732656,8.375575943,0.164491885,0.564657135,-0.227019399,1.238742079,0.226912612,-0.369853905,-0.850920667,-0.705744345,1.332070201,-0.459485645,0.911172145,-0.839225633,0.979101592,1.132133389,-0.108630547,0.223842637,-1.647788333,0.500193575
2001,White-Donjek,Yukon (CA),Yukon,8.375761975,10.07765977,0.20249621,0.07352403,0.063568245,0.27622058,0.395191846,-1.089806972,0.194985907,0.153704485,-0.851150873,-0.898135112,-0.057432349,0.979101592,-0.525844754,-0.060079873,-1.497995849,0.500193575,-1.658935579,0.799089263
2002,White-Donjek,Yukon (CA),Yukon,8.037871199,7.452832954,0.169031037,0.306870366,-0.07175018,1.040137648,0.358632698,-0.945816289,-0.660071922,0.742252827,-0.255726944,-0.950956655,1.134144965,-0.525844754,0.551629015,-0.653126408,-0.180569064,0.799089263,1.360633366,0.644964781
2003,White-Donjek,Yukon (CA),Yukon,8.92088162,8.954159823,0.133453425,0.1825143,-0.678948243,-0.734980547,0.342849731,-1.125804589,0.890226185,0.914348523,-1.248100159,-1.159212185,-0.756364154,0.551629015,1.515832084,-1.168446515,-1.372627556,0.644964781,-0.30298692,-0.823680825
2004,White-Donjek,Yukon (CA),Yukon,8.442439829,8.491716506,0.204051261,0.221299739,0.580554024,-0.846140732,0.15124071,-0.270860377,1.170287885,-0.311288039,1.133595558,-0.740763196,-0.979560919,1.515832084,-0.382136941,0.108225387,1.358077708,-0.823680825,1.678471585,1.285908647
2005,White-Donjek,Yukon (CA),Yukon,8.792761603,8.803683803,0.157356793,0.218978212,0.957016822,-1.121271254,-0.073680463,0.404095588,0.356061511,-2.127747297,-0.255726944,-0.852877803,-0.611112671,-0.382136941,-0.768725456,-0.752273507,-0.298655924,1.285908647,-0.278704805,0.58426277
2006,White-Donjek,Yukon (CA),Yukon,8.839378787,8.472523719,0.15003667,0.237555253,0.94920999,-1.085155005,0.394201158,1.844001615,0.025928011,1.042119424,-0.255726944,-0.787917084,-0.808775637,-0.768725456,-0.177777644,-0.712492264,-0.412955626,0.58426277,-0.125540619,0.411030882
2007,White-Donjek,Yukon (CA),Yukon,8.664757504,7.839156898,0.031925758,0.313524804,-0.19579207,-0.754324274,0.221592639,2.086985746,-1.462195681,-1.128539204,-0.255726944,1.999705972,-0.692641645,-0.177777644,0.894181385,0.46442052,0.890152452,0.411030882,1.299199064,0.329742181
2008,White-Donjek,Yukon (CA),Yukon,7.897850701,7.665752521,0.142134919,0.296458869,2.095079476,-0.842695959,0.244546513,1.924996468,-0.120712933,0.910072248,-1.248100159,-0.636076292,4.355883472,0.894181385,1.018813193,-1.239440733,-0.830766602,0.329742181,-0.136140519,0.60561317
2009,White-Donjek,Yukon (CA),Yukon,8.520086239,8.919772826,0.152161388,0.137242629,-0.169769296,-1.793482516,0.450328684,0.440093232,0.070055154,-0.441855231,0.339696985,0.403288204,-1.270063885,1.018813193,1.207210221,-0.564995654,0.553144892,0.60561317,0.282638079,-1.016850324
2010,White-Donjek,Yukon (CA),Yukon,7.961763351,8.099778447,0.130550603,0.203663971,0.1225532,-1.389752462,0.776374563,2.806938732,-1.068487635,0.035055439,-0.851150873,-0.16606138,0.82169182,1.207210221,1.191277855,1.539738128,0.889233032,-1.016850324,-0.421573947,-0.898918444
2011,White-Donjek,Yukon (CA),Yukon,8.29111078,9.781446987,0.165026781,0.137813436,0.656020069,0.400999704,0.869724829,1.394030972,-0.95706175,-0.677629351,1.92749413,0.916744296,0.092746673,1.191277855,-0.118097223,0.40811476,1.081617789,-0.898918444,-1.098277912,-2.565598784
2012,White-Donjek,Yukon (CA),Yukon,7.878138001,9.558116397,0.189770342,0.155136944,0.68464512,1.026358554,1.287236284,-1.107805781,-0.114277247,0.789675236,-0.65267623,0.862442594,-0.333712576,-0.118097223,-0.364359099,0.431371487,1.916382481,-2.565598784,-1.031062599,-0.961840134
2013,White-Donjek,Yukon (CA),Yukon,7.492564613,9.161277959,0.238241774,0.291579833,1.047229106,1.57609109,1.459631122,-1.116805185,-0.680329879,1.930878401,-0.255726944,0.102709017,-0.237960792,-0.364359099,-1.845824327,-0.852644644,0.034787364,-0.961840134,0.657612387,-1.175467452
2014,White-Donjek,Yukon (CA),Yukon,8.566805891,9.202431607,0.130988016,0.424777851,3.023225086,0.90910377,1.50121983,-1.125804589,-1.036513689,1.793548982,-2.438948018,1.127403872,-0.193836666,-1.845824327,-1.573293033,0.034783092,0.372050031,-1.175467452,-0.395307075,0.449578445
2015,White-Donjek,Yukon (CA),Yukon,8.904218463,8.832533732,0.091404962,0.843332372,0.498148572,1.636480907,1.489113037,-0.432849816,-0.544410373,0.15123721,-0.454201587,-1.390129112,1.334719645,-1.573293033,-2.101460675,-0.309171658,-1.482231188,0.449578445,0.647706258,1.156679249