"","Year","Population","Subrigion","RiverBasin","logspawners","logrecruits","spawn.error","rec.error","SummerSST","WinterSST","MarineCompetitorsIndex","IceConcentrationIndex","BodySize","Uwind","RiverIceBreakup","max5dprcp_stand","maxq_spawn","mean_swe_icu","mean_swe_rear","medq_rear","mnprcp_rear_stand","maxDaily_spawn_stand","maxDaily_migrate","cdd_rear"
"1",1983,"Aniak","Kuskokwim","Kuskokwim",9.10514948492181,10.0257275638234,0.121836655249183,0.319869465000358,-0.660522791818418,0.281757550345353,-1.34456479966258,-0.126869774528753,1.49271020071685,-0.049611727132671,1.67566463317107,-0.649793306675048,0.196711005760365,-1.42671283085383,-0.338869348926542,-1.4026711964074,-1.6057462994819,-1.29938574756447,0.819732696819144,-1.15009308577965
"2",1984,"Aniak","Kuskokwim","Kuskokwim",8.8307787343508,9.32068228545083,0.4616623655328,0.525560082047368,0.985020665020779,0.820202119821548,-1.48983394715242,-0.126869774528753,1.21241213717676,0.410774907200663,0.406154474000405,0.75926079793486,-1.58417588812788,-0.338869348926542,-0.10694929721608,1.02807787232045,-0.200005250453135,-1.15009308577965,-0.0222022359954649,-1.67523089042667
"3",1985,"Aniak","Kuskokwim","Kuskokwim",8.4714597892066,9.90420507565407,0.482078574628745,0.345393371757986,-0.404228084083879,0.258006668136884,-1.27917654971365,-1.12580458866638,1.56858376405733,-0.335565367799338,0.867794531880645,-0.355227573576646,0.867600115640629,-0.10694929721608,-1.46985268516394,0.272875423904111,-0.506860487682873,-1.67523089042667,-1.68264195397875,-0.927091293421622
"4",1986,"Aniak","Kuskokwim","Kuskokwim",8.18341749983447,9.8105286599534,0.121857615337233,0.419320327165451,-0.80509929361739,-0.346118634385869,-1.29574183544293,0.0441190744952505,1.12739071296402,0.533319712200663,0.0599244305902241,-0.21989454276634,0.469547605519571,-1.46985268516394,0.262578259887773,-0.0616660786545558,-1.0525634033573,-0.927091293421622,-0.215850393792182,-2.01974525204048
"5",1987,"Aniak","Kuskokwim","Kuskokwim",8.92423495195967,9.55910575240408,0.117734875971112,0.441595386771201,1.46212312095738,-0.168182842848829,-1.11856755022012,-0.333856260632496,0.801156433276907,2.00961041486733,0.0599244305902241,-0.562836096032147,-1.39618133766876,0.262578259887773,2.09864426259306,-0.531065188326688,-0.55165236110331,-2.01974525204048,-1.21938572948825,1.18899638612112
"6",1988,"Aniak","Kuskokwim","Kuskokwim",8.75584851625083,10.6776376777174,0.113492457309393,0.235257286058839,1.24262970458985,-0.450256781927279,-1.1231596681299,-0.315857451991981,0.87117365199568,0.183154662867329,-0.517125641760077,0.286613587872527,-0.80535764696713,2.09864426259306,0.683210096791587,1.72129344276137,0.655589126225246,1.18899638612112,0.0383277095536764,0.762575790698298
"7",1989,"Aniak","Kuskokwim","Kuskokwim",9.45724242614151,10.2720575408357,0.11649217643457,0.456619481993142,0.719525634444487,-0.319203976842451,-1.16353841061299,0.0351196616255506,0.4999523443463,1.90560269420066,-0.286305612819956,0.0555582803026667,0.439523073327583,0.683210096791587,3.43462774747956,-0.309614801908787,0.81704607370151,0.762575790698298,-0.829329240696737,1.52725419103802
"8",1990,"Aniak","Kuskokwim","Kuskokwim",9.21372087996549,10.038501679627,0.09989133569081,0.495931118893633,-0.652636800811201,-0.53505120231723,-0.409177252447506,0.755072676802479,0.00241819546050322,1.41279300086733,1.56025461870101,-1.62219606306015,0.434973901783342,3.43462774747956,0.481461549032763,0.567669421208283,-1.63150989125797,1.52725419103802,-0.0129845390892811,0.309672283692703
"9",1991,"Aniak","Kuskokwim","Kuskokwim",8.93195708292343,9.62167171858229,0.0929870581092656,0.446951928764242,0.561805814300154,0.268640913441283,0.23967891272426,-0.459848028209116,0.20214769654752,1.76418042220066,-0.978765699640318,-0.450713602175553,-0.216240077561453,0.481461549032763,0.689954357936135,-1.04636320287603,-0.527007707500071,0.309672283692703,0.0762285048457862,1.18779487642792
"10",1992,"Aniak","Kuskokwim","Kuskokwim",9.44182541595118,9.68102565684476,0.102863813521398,0.526031025306705,1.3136036236548,-0.840046133157339,0.662912275127818,-0.441849219568601,0.338248854729961,1.29914490420066,-0.401715627290017,-0.180858276395644,-0.399799076584819,0.689954357936135,0.163845033738708,0.901264403175156,-0.329415190474715,1.18779487642792,0.378830349582542,-0.31474055483889
"11",1993,"Aniak","Kuskokwim","Kuskokwim",9.79927820863647,9.86324653918834,0.0896378545381504,0.505074607519063,-0.408171079587487,0.768520328259355,0.87285227026053,0.521087951189696,0.328891266140669,-1.330623288466,-0.517125641760077,0.91949568218489,0.714065648809251,0.163845033738708,0.932706976143021,1.49416484130711,-0.46181382577201,-0.31474055483889,1.39589659671135,0.801275429473755
"12",1994,"Aniak","Kuskokwim","Kuskokwim",9.99665336788566,8.76068896153291,0.0970383771003803,0.503023006612926,0.0886463538671587,-0.837131324956434,0.379401206566278,-0.927817480334625,0.360307379925145,-0.487292726466005,-0.170895598349896,0.0119222865377649,0.47273202560054,0.932706976143021,-0.958422934108898,1.59779211430155,1.41830048521939,0.801275429473755,-1.38355906027317,0.032029930721388
"13",1995,"Aniak","Kuskokwim","Kuskokwim",9.94913708454445,9.50867373270289,0.118939397373916,0.466111641663623,0.0557880580037557,-0.972404923734779,0.1332784847373,0.431093827892345,0.352492657139844,0.651356856200662,-0.978765699640318,-1.44857022441605,0.255509157149792,-0.958422934108898,-0.681773888180366,-0.0805934621090772,-0.830212036494224,0.032029930721388,0.159708114487795,-0.904785335269455
"14",1996,"Aniak","Kuskokwim","Kuskokwim",9.53429788881697,9.22193833089407,0.233744400513447,0.546233419369743,-0.0191288565648025,-0.690993441065626,-0.26192409142034,0.773071539439472,0.187642788192855,1.97658109686733,-0.517125641760077,-0.463924049548108,-0.690946055416222,-0.681773888180366,0.0495859165085066,-1.70456296250702,-1.23129849607897,-0.904785335269455,1.47041105158159,0.857166951136326
"15",1997,"Aniak","Kuskokwim","Kuskokwim",9.50932498809606,10.030392302709,0.112216478122898,0.344204310253458,-1.94988232149833,-1.61212961452942,-0.38443950400784,0.935060923397181,-0.677266790381712,-0.790827154799338,0.867794531880645,-0.759474911408271,0.693594231286679,0.0495859165085066,-0.451793416132009,0.138017816790646,0.601486544998223,0.857166951136326,0.648277683099187,-1.23591449172785
"16",1998,"Aniak","Kuskokwim","Kuskokwim",9.18487786014971,10.6773972522889,0.1161684127251,0.314003609228266,-0.505431635343158,1.75068839231941,-0.105968146962429,0.692076793014169,-1.05818377560981,-0.194070259132671,-0.0554855838798361,0.363390367217476,-0.685941966717557,-0.451793416132009,-0.834572013592195,-0.322863970326952,0.30261606314982,-1.23591449172785,-0.971021689387853,-0.372855558056503
"17",1999,"Aniak","Kuskokwim","Kuskokwim",8.73032688243718,10.0213861200062,0.300168722902918,0.457285032984433,-1.34134668210812,-0.934909890968597,-0.116923799409464,-1.12580458866638,-0.106185171401277,0.439467589533995,0.636974502940525,-0.908466010526057,-0.576761849655781,-0.834572013592195,-0.333793167561075,-0.332327662054213,0.0528874928151033,-0.372855558056503,0.022747728636316,-1.23626468878899
"18",2000,"Aniak","Kuskokwim","Kuskokwim",8.3099649607011,10.4778265042286,0.120298356265454,0.481827958191594,-2.22720633858545,1.23874207921508,0.226912612046073,-0.369853904911765,-0.13581214951335,-0.705744345466004,0.406154474000405,2.79220164662805,-1.22990919051351,-0.333793167561075,1.18079927481651,0.284231853976824,2.58297824479867,-1.23626468878899,1.58495371351243,0.84275486072854
"19",2001,"Aniak","Kuskokwim","Kuskokwim",9.25783093681171,10.6646526655076,0.217747680378085,0.413249997501969,0.488203231566133,0.276220579522157,0.39519184569733,-1.08980697228529,-0.128795344375502,0.153704484533995,-0.978765699640318,0.436962602589393,-0.6116767776512,1.18079927481651,-0.738472686042643,-1.12443865962594,-0.148319309734472,0.84275486072854,-1.51930672053971,0.291875521402327
"20",2002,"Aniak","Kuskokwim","Kuskokwim",9.67599724187466,10.4469124844873,0.0965887131592122,0.412285988850678,0.243737510342419,1.04013764770799,0.358632698087328,-0.94581628897514,-0.315433857052252,0.742252827200662,-0.978765699640318,0.618378343235119,-0.58870338856604,-0.738472686042643,-0.435323164294786,-0.025704050090965,-0.210989893828314,0.291875521402327,1.87836415536472,-0.811661119279933
"21",2003,"Aniak","Kuskokwim","Kuskokwim",10.0228509424911,10.5892633611941,0.10742952698862,0.354545766006354,-0.0191288565648025,-0.734980546642914,0.34284973139699,-1.12580458866638,0.251120119348879,0.914348523200662,-0.170895598349896,1.226707059555,0.223892342130575,-0.435323164294786,0.164107185678146,-1.7674965124933,0.0282965321762312,-0.811661119279933,0.03451357603147,0.717852930038789
"22",2004,"Aniak","Kuskokwim","Kuskokwim",10.2622275954039,9.74443050674478,0.104137786011999,0.575834877833881,0.622265078688813,-0.846140732122867,0.15124071034945,-0.270860376844186,-0.472618991584508,-0.311288038799338,1.44484460423095,0.288969562774064,-1.44906549326393,0.164107185678146,-0.000241861171975105,-0.830827699497205,0.597526345972142,0.717852930038789,0.323610889622767,0.708994579128281
"23",2005,"Aniak","Kuskokwim","Kuskokwim",10.3707540383282,9.28921652796735,0.0993591109683603,0.318542124479967,0.758955589480569,-1.121271254463,-0.0736804633396484,0.404095588383304,-0.448089008595094,-2.12774729713267,-0.863355685170257,0.368900109211699,-0.265257291770529,-0.000241861171975105,-0.345719802750492,-0.260876789513394,0.204374620744847,0.708994579128281,1.62142765966558,-0.385263760937144
"24",2006,"Aniak","Kuskokwim","Kuskokwim",10.3100710518078,8.56860041070977,0.108413067937302,0.43389285017569,1.59355630441099,-1.08515500459704,0.394201158437261,1.8440016151374,-0.773056322951777,1.04211942386733,0.290744459530344,-0.267727874616027,2.89220898419168,-0.345719802750492,-0.744844445925514,-0.19794323952711,0.428325923379581,-0.385263760937144,0.986785343467753,-0.0666679016088097
"25",2007,"Aniak","Kuskokwim","Kuskokwim",10.0484255249887,8.81223222526237,0.0891100667564219,0.334090640714558,-0.00335687455036866,-0.754324273794372,0.22159263918665,2.08698574552041,-1.72388566710767,-1.12853920413267,-0.170895598349896,-0.299291568299208,-0.288230680855689,-0.744844445925514,1.45064072503869,0.18391672166786,-0.635426003616217,-0.0666679016088097,0.992155065317418,0.494286297506631
"26",2008,"Aniak","Kuskokwim","Kuskokwim",9.71201719355,9.26018458127901,0.104401246271819,0.416504564524261,2.22443558498832,-0.842695958794525,0.244546513241457,1.92499646775577,-0.940204655426023,0.910072247867329,0.752384517410585,-0.815611465384197,-1.25686299551976,1.45064072503869,0.972314613049524,-1.12065318293503,-0.992182978865906,0.494286297506631,-1.577920778048,1.78013202939013
"27",2009,"Aniak","Kuskokwim","Kuskokwim",9.49395238189085,9.86466454393702,0.197036526015424,0.252134770924064,0.702439320595515,-1.79348251637991,0.450328683955679,0.440093231762632,-0.397059713216582,-0.441855231466004,0.0599244305902241,-0.697146168957836,-0.449043822157852,0.972314613049524,-0.404076009764697,0.73233765726262,-0.614930153931253,1.78013202939013,0.325942664811244,-0.22646444444075
"28",2010,"Aniak","Kuskokwim","Kuskokwim",8.387694591171,9.11158536129308,0.255416543073734,0.304253439528032,-0.674980441998316,-1.38975246159157,0.776374563356984,2.80693873189922,-1.48639045910408,0.035055438867329,0.521564488470465,-0.616302904423818,0.464884741080097,-0.404076009764697,0.35889837517476,0.430919075749365,-0.819487111088463,-0.22646444444075,-0.157317134373133,-0.348919223950277
"29",2011,"Aniak","Kuskokwim","Kuskokwim",8.31216440957358,9.04805012192829,0.118997361464392,0.315668139683416,1.22948638624449,0.400999704018723,0.869724828731911,1.3940309716524,-1.51921515732705,-0.677629351132671,2.13730469105131,0.570309755994748,-0.533089802831071,0.35889837517476,0.530591711259756,1.59353360444335,1.16771190271325,-0.348919223950277,-0.724651432771133,-0.905331722746166
"30",2012,"Aniak","Kuskokwim","Kuskokwim",8.48671088562508,9.32927641712229,0.109719248151871,0.349966268368623,1.90110995369244,1.02635855439462,1.28723628360689,-1.1078057809258,-0.855110859199874,0.789675236200662,-0.978765699640318,-0.0648027177392987,1.41918723816655,0.530591711259756,0.344275078886829,-1.19683590133948,-0.898497694230812,-0.905331722746166,-1.29084056315419,0.9415996608433
"31",2013,"Aniak","Kuskokwim","Kuskokwim",8.30843950777361,9.87202580165435,0.0873953200033405,0.354746129107939,0.666952361063042,1.5760910898956,1.45963112202289,-1.11680518479609,-0.372254210955026,1.93087840120066,-0.747945670700197,-1.68431728140305,1.67826248482431,0.344275078886829,-1.29689495042075,-1.02790900400788,-0.536559168470225,0.9415996608433,1.22724753514464,0.184002189233368
"32",1985,"Carmacks","Yukon (CA)","Yukon",8.29589355775745,9.06274479654549,0.189503766972318,0.362340899383251,0.0488220063584715,0.258006668136884,-1.27917654971365,-1.12580458866638,0.503640325437147,-0.335565367799338,0.736646271462287,0.693389618031684,-0.448959139184475,0.682077200375944,0.8361610278293,2.04005636245675,0.335875493491815,-1.55678822142201,-0.359244881563304,-1.47000047081089
"33",1986,"Carmacks","Yukon (CA)","Yukon",8.7473092904371,10.0128086634089,0.182087454044066,0.279004724513457,-0.291208908514641,-0.346118634385869,-1.29574183544293,0.0441190744952505,0.223767349258781,0.533319712200663,-0.851150873243988,-0.772227130063204,0.417075693217776,0.8361610278293,-0.378983110976512,-0.143528250860064,-0.526840656733308,-1.47000047081089,-1.03402236724329,0.43858997581692
"34",1987,"Carmacks","Yukon (CA)","Yukon",8.47846538924689,9.43490592178184,0.175393758000666,0.368862502500873,1.27449466634752,-0.168182842848829,-1.11856755022012,-0.333856260632496,2.13326745795133,2.00961041486733,-1.24810015942056,-0.978814316236902,0.699999333538035,-0.378983110976512,0.31868480537061,2.2417615815041,0.963914186442616,0.43858997581692,-0.58847818969825,-1.08555053211695
"35",1988,"Carmacks","Yukon (CA)","Yukon",8.50527229174503,9.84552683004464,0.146923888912443,0.310446041369388,0.683777694335811,-0.450256781927279,-1.1231596681299,-0.315857451991981,1.22934600213327,0.183154662867329,-1.04962551633227,-0.201599691008689,0.425531689060575,0.31868480537061,0.251102252159496,-1.2740824145596,-0.828028210466559,-1.08555053211695,-0.296037085105072,0.227941704327884
"36",1989,"Carmacks","Yukon (CA)","Yukon",8.33356739814227,9.87731175957669,0.192149243004793,0.328467308983861,2.25295097241096,-0.319203976842451,-1.16353841061299,0.0351196616255506,2.07711734333032,1.90560269420066,-0.851150873243988,0.153558367475847,-1.11287224971446,0.251102252159496,2.23441638280638,0.12134443892097,1.03214223576827,0.227941704327884,0.800609648207129,-0.677081589126521
"37",1990,"Carmacks","Yukon (CA)","Yukon",7.85760309804606,8.81751859588167,0.37596334626394,0.516904733125773,-0.481175159425894,-0.53505120231723,-0.409177252447506,0.755072676802479,0.605303194768709,1.41279300086733,0.538171628374003,1.77225464375401,-0.765119428195791,2.23441638280638,3.77768874265432,0.974105293825762,1.73202424636907,-0.677081589126521,1.39718518300799,-1.09479111635812
"38",1991,"Carmacks","Yukon (CA)","Yukon",8.64312701658613,10.8448574356156,0.171788009169081,0.145347447113592,0.101734980356583,0.268640913441283,0.23967891272426,-0.459848028209116,0.519564766012831,1.76418042220066,-1.24810015942056,-0.468242032834283,0.391472892080376,3.77768874265432,0.428875761494621,0.623095143953335,-0.173664001480047,-1.09479111635812,1.97444960459656,-1.3373374768003
"39",1992,"Carmacks","Yukon (CA)","Yukon",8.8634569554094,8.89456611562498,0.204705391166335,0.45526857420971,0.0427500257357361,-0.840046133157339,0.662912275127818,-0.441849219568601,-1.06189275548094,1.29914490420066,-0.851150873243988,0.071896243903793,-0.478085347087449,0.428875761494621,-0.681488525916078,0.0947853887261237,1.41023702093613,-1.3373374768003,-1.06568914344117,-0.817919877807377
"40",1993,"Carmacks","Yukon (CA)","Yukon",8.55592913872265,9.87888343716664,0.159821080134968,0.261662773632776,0.348951334282187,0.768520328259355,0.87285227026053,0.521087951189696,-0.821515927688113,-1.330623288466,-0.652676230155703,-0.50355723643561,-0.319535425034969,-0.681488525916078,0.680980128678019,-0.580675860823884,-0.95821565171321,-0.817919877807377,0.743147686001632,1.10936252943148
"41",1994,"Carmacks","Yukon (CA)","Yukon",8.62787444668739,9.44167755883288,0.144306976952956,0.21067025436939,-1.11786569900973,-0.837131324956434,0.379401206566278,-0.927817480334625,0.891616251382732,-0.487292726466005,0.339696985285719,1.46794727729835,1.29720400235351,0.680980128678019,0.771770761318378,-0.927738066745445,0.353045875900082,1.10936252943148,0.264715760479411,1.70551958093813
"42",1995,"Carmacks","Yukon (CA)","Yukon",8.97415299474766,8.56634045337601,0.18117660462575,0.389943213421662,-0.0535342384247613,-0.972404923734779,0.1332784847373,0.431093827892345,1.664572406684,0.651356856200662,-0.255726943979134,-0.0799276067561665,-0.864947156895501,0.771770761318378,0.792291019544217,-0.729980791648965,-0.364832326459575,1.70551958093813,0.316801052905517,-1.03373376548933
"43",1996,"Carmacks","Yukon (CA)","Yukon",9.16418478395183,8.99034611141744,0.108569773228248,0.330470618789917,-1.5316278071589,-0.690993441065626,-0.26192409142034,0.773071539439472,0.837133129229039,1.97658109686733,-0.255726943979134,-1.1577916004581,-0.0674997711648781,0.792291019544217,-0.391319680425343,-0.484489030388495,-0.626208924007541,-1.03373376548933,-0.333776767318687,0.991370581551342
"44",1997,"Carmacks","Yukon (CA)","Yukon",9.63026348828105,9.68744980627381,0.129667627797185,0.212305263093859,-1.98702635386396,-1.61212961452942,-0.38443950400784,0.935060923397181,0.225062571446368,-0.790827154799338,0.538171628374003,-1.38625228198575,-0.75619365480617,-0.391319680425343,-1.19318376147065,-1.52459886099207,-1.87572585439853,0.991370581551342,-0.511355832206336,1.18189498673255
"45",1998,"Carmacks","Yukon (CA)","Yukon",8.46280146799579,9.47294026571161,0.194516065897245,0.247880070801819,-0.154155631601498,1.75068839231941,-0.105968146962429,0.692076793014169,-0.535231890615293,-0.194070259132671,-0.0572523008908502,-1.27506582830621,-0.401981384502259,-1.19318376147065,-0.532004042561002,-0.514637141420483,-0.127263690973558,1.18189498673255,-0.0294365984833654,1.13958196868143
"46",1999,"Carmacks","Yukon (CA)","Yukon",8.61339575581839,9.06802825307524,0.180849534350944,0.318592746713288,-0.091700973767662,-0.934909890968597,-0.116923799409464,-1.12580458866638,0.356816740746888,0.439467589533995,0.538171628374003,1.00005926529969,-0.635460825272874,-0.532004042561002,-0.93125884083013,2.0335960529499,2.00325873195384,1.13958196868143,0.887017245774047,0.0569867531033253
"47",2000,"Carmacks","Yukon (CA)","Yukon",8.63134759325786,10.5958037774704,0.130429675353157,0.0956670847481857,-0.227019399074309,1.23874207921508,0.226912612046073,-0.369853904911765,-0.850920666693149,-0.705744345466004,1.33207020072714,-0.335882729581988,2.36900155059268,-0.93125884083013,-0.572203236644271,0.966927172151479,-0.583946387184232,0.0569867531033253,-1.66556842247963,0.594506869083424
"48",2001,"Carmacks","Yukon (CA)","Yukon",8.814828826727,9.69501264063628,0.202959534409706,0.142624235184196,0.0635682450136825,0.276220579522157,0.39519184569733,-1.08980697228529,0.194985907497199,0.153704484533995,-0.851150873243988,0.7686306406648,-0.518251327340744,-0.572203236644271,-1.06281058550717,-0.925225701189456,0.0641723064909313,0.594506869083424,-1.67663090435755,0.0054931901989806
"49",2002,"Carmacks","Yukon (CA)","Yukon",8.56488006960973,8.94210871196809,0.170463036326835,0.369968917301571,-0.0717501802929644,1.04013764770799,0.358632698087328,-0.94581628897514,-0.660071922216195,0.742252827200662,-0.255726943979134,-1.08760322490299,-0.506976666217012,-1.06281058550717,1.33925264922346,-0.795301698884939,-1.72799200208955,0.0054931901989806,1.31997708294427,-0.466155836732065
"50",2003,"Carmacks","Yukon (CA)","Yukon",9.01618908205819,10.0189603304537,0.140558246305349,0.0641160929765936,-0.678948242566377,-0.734980546642914,0.34284973139699,-1.12580458866638,0.890226185095998,0.914348523200662,-1.24810015942056,-0.179267765634478,-0.894073364798475,1.33925264922346,0.140830814907558,-0.730698603816394,-1.14111528206853,-0.466155836732065,-0.330992949222103,-0.798149499292933
"51",2004,"Carmacks","Yukon (CA)","Yukon",8.75078979675136,9.23449664637129,0.140026172525528,0.118905097139121,0.580554023749331,-0.846140732122867,0.15124071034945,-0.270860376844186,1.17028788523134,-0.311288038799338,1.13359555763886,0.757512444944475,-0.837934947953226,0.140830814907558,-0.977545686893217,-0.141374814357779,1.74502637866662,-0.798149499292933,1.63539844339458,0.190254554034879
"52",2005,"Carmacks","Yukon (CA)","Yukon",9.3668339203072,9.72278681759479,0.0936707535583773,0.0974310436358803,0.957016822358847,-1.121271254463,-0.0736804633396484,0.404095588383304,0.356061510862617,-2.12774729713267,-0.255726943979134,-0.652954438083487,1.86175920682925,-0.977545686893217,0.122032538591329,-0.948195690547161,-0.4514473149031,0.190254554034879,-0.306895476163846,1.49374512637074
"53",2006,"Carmacks","Yukon (CA)","Yukon",9.75133238437884,9.07215985609407,0.0632721845339276,0.119026963990458,0.949209990129617,-1.08515500459704,0.394201158437261,1.8440016151374,0.0259280106178231,1.04211942386733,-0.255726943979134,-1.04713249262183,-0.561235972874972,0.122032538591329,-0.101214900467603,0.471636776625969,0.0163216245147201,1.49374512637074,-0.154895958655215,1.31877326790362
"54",2007,"Carmacks","Yukon (CA)","Yukon",8.58034109863589,9.21969466720605,0.0348707285177989,0.065154280827339,-0.195792070157389,-0.754324273794372,0.22159263918665,2.08698574552041,-1.46219568097235,-1.12853920413267,-0.255726943979134,1.07771027821281,-0.311431724770083,-0.101214900467603,-0.34612501864111,1.84983613808826,0.941718448870835,1.31877326790362,1.25900992985629,-0.592384972603052
"55",2008,"Carmacks","Yukon (CA)","Yukon",9.00739549635413,8.95835300723746,0.154222637541187,0.145247939207469,2.09507947621987,-0.842695958794525,0.244546513241457,1.92499646775577,-0.120712933158191,0.910072247867329,-1.24810015942056,0.075615693108564,1.89828444867687,-0.34612501864111,0.330953190835467,-0.997006917932284,-0.515707107491069,-0.592384972603052,-0.165415256557249,1.24730322795324
"56",2009,"Carmacks","Yukon (CA)","Yukon",9.47344139924984,9.76483241946083,0.0208963375447364,0.0719656083693833,-0.169769296059958,-1.79348251637991,0.450328683955679,0.440093231762632,0.0700551536148946,-0.441855231466004,0.339696985285719,0.029172519345359,-1.02678552177574,0.330953190835467,0.215062387422501,-1.29848802825216,-0.758172093214279,1.24730322795324,0.250178927100258,-0.137001202115345
"57",2010,"Carmacks","Yukon (CA)","Yukon",8.76729643420913,9.51226072225144,0.0564934402874324,0.0805131229777413,0.122553199634528,-1.38975246159157,0.776374563356984,2.80693873189922,-1.06848763504286,0.035055438867329,-0.851150873243988,0.00895647382047158,-1.0929067190074,0.215062387422501,-0.174624335821936,0.897299391910936,0.467502584633327,-0.137001202115345,-0.448678233635156,-0.751777211262979
"58",2011,"Carmacks","Yukon (CA)","Yukon",9.10870259492377,9.98038255902119,0.0672589773092125,0.0747250676098747,0.656020068631884,0.400999704018723,0.869724828731911,1.3940309716524,-0.957061749944225,-0.677629351132671,1.92749412999199,-0.0360794798253783,1.06865730098893,-0.174624335821936,0.0443495303337959,0.312282475456891,0.106813183864497,-0.751777211262979,-1.12023650708936,-0.620428258046798
"59",2012,"Carmacks","Yukon (CA)","Yukon",8.72230624254053,9.73971081786221,0.0584974397089108,0.0796622664555364,0.684645120139059,1.02635855439462,1.28723628360689,-1.1078057809258,-0.11427724685083,0.789675236200662,-0.652676230155703,-0.303107291611673,-0.424530706749722,0.0443495303337959,0.436726214849457,-0.513919329253054,0.288731746129435,-0.620428258046798,-1.05353230311803,-0.210057624248836
"60",2013,"Carmacks","Yukon (CA)","Yukon",8.76287387920116,9.65116720968852,0.0346081813200951,0.139411477995598,1.04722910589661,1.5760910898956,1.45963112202289,-1.11680518479609,-0.680329879207793,1.93087840120066,-0.255726943979134,3.94394409885139,-0.405034938556603,0.436726214849457,-1.42476202232519,0.332381216144883,1.78007053773817,-0.210057624248836,0.622301911038856,0.168402957868074
"61",2014,"Carmacks","Yukon (CA)","Yukon",9.60307516332705,10.0394146233203,0.0676344589445451,0.27165938538138,3.02322508569495,0.909103769949138,1.50121983002607,-1.12580458866638,-1.03651368927032,1.79354898186733,-2.43894801795026,0.450088390919602,3.24584126657184,-1.42476202232519,-1.32068026635548,0.427132422245416,0.36819176437662,0.168402957868074,-0.422611096227244,1.48040313869639
"62",2015,"Carmacks","Yukon (CA)","Yukon",9.8541854803882,9.3787166481025,0.0150356083367584,0.694390668384175,0.498148572440796,1.63648090735669,1.48911303731073,-0.432849815698314,-0.544410373113804,0.151237209867329,-0.454201587067419,0.0607938779956337,0.892020943383798,-1.32068026635548,-1.29159748608444,-0.21602727977032,-0.0611782148420894,1.48040313869639,0.612471109030077,1.77436268931799
"63",1986,"Chena","Yukon (US)","Yukon",9.28098521154551,9.47308917788275,0.13932118833768,0.188317987127011,-0.291208908514641,-0.346118634385869,-1.29574183544293,0.0441190744952505,0.223767349258781,0.533319712200663,-0.660156962143003,-1.08712336033546,1.78274485391141,-1.21058132977582,-0.281200041907972,-1.03037927183962,-1.05386164614204,-0.0653299470263069,-0.238890738990539,0.348037701873264
"64",1987,"Chena","Yukon (US)","Yukon",8.95918307420677,9.23620303150191,0.129455721445422,0.23664781874187,1.27449466634752,-0.168182842848829,-1.11856755022012,-0.333856260632496,2.13326745795133,2.00961041486733,-0.116498287437001,-1.47392102298754,-1.07727522551154,-0.281200041907972,-0.41324474580468,0.552850872736049,0.0578426743456868,0.348037701873264,0.836164896567871,0.699503679174615
"65",1988,"Chena","Yukon (US)","Yukon",8.37054761107475,10.2406381304604,0.178567043046363,0.13932118833768,0.683777694335811,-0.450256781927279,-1.1231596681299,-0.315857451991981,1.22934600213327,0.183154662867329,-1.20381563684901,-1.42781548376067,-1.07222127633651,-0.41324474580468,0.805199479993681,-1.04204517816807,-1.12544855917218,0.699503679174615,-0.269378893275338,0.671005300480958
"66",1989,"Chena","Yukon (US)","Yukon",8.12651816878071,10.4574301353755,0.129455721445422,0.119571337287932,2.25295097241096,-0.319203976842451,-1.16353841061299,0.0351196616255506,2.07711734333032,1.90560269420066,-0.116498287437001,0.697973315827603,-0.971882678284606,0.805199479993681,2.92907971721891,1.6252809759302,0.313742592757756,0.671005300480958,-1.17666622811463,0.712985594444477
"67",1990,"Chena","Yukon (US)","Yukon",8.73552518573323,9.21483027724904,0.217405594378604,0.178567043046363,-0.481175159425894,-0.53505120231723,-0.409177252447506,0.755072676802479,0.605303194768709,1.41279300086733,1.98047088642901,0.514360399850036,0.00882234149538529,2.92907971721891,0.932763615880468,0.802834579774312,-0.978797291432638,0.712985594444477,0.669170535516622,0.311977300518399
"68",1991,"Chena","Yukon (US)","Yukon",8.26204284396694,9.77815106122483,0.129455721445422,0.119571337287932,0.101734980356583,0.268640913441283,0.23967891272426,-0.459848028209116,0.519564766012831,1.76418042220066,-1.28148116180701,-0.788872284541136,0.612949413908172,0.932763615880468,1.10867331437881,0.307866839838551,-0.398225437891105,0.311977300518399,0.530030651525207,-0.61310793819278
"69",1992,"Chena","Yukon (US)","Yukon",8.82673459822091,8.76935170779897,0.129455721445422,0.217405594378604,0.0427500257357361,-0.840046133157339,0.662912275127818,-0.441849219568601,-1.06189275548094,1.29914490420066,-0.427160387269002,0.177509781394208,-1.02574992059459,1.10867331437881,1.61428194706107,0.596181381956015,-0.376742734798419,-0.61310793819278,-1.1106787096793,0.748709415013485
"70",1993,"Chena","Yukon (US)","Yukon",9.40927319457533,9.92431906211606,0.0299932532886313,0.109669413296135,0.348951334282187,0.768520328259355,0.87285227026053,0.521087951189696,-0.821515927688113,-1.330623288466,-0.893153537017004,-0.888020148420702,0.348173850498491,1.61428194706107,1.09441621908294,-1.12287324344378,-0.623838467556825,0.748709415013485,-0.12587630656049,0.905348599328031
"71",1994,"Chena","Yukon (US)","Yukon",9.38840287184975,8.58391682345914,0.0399840138517517,0.23664781874187,-1.11786569900973,-0.837131324956434,0.379401206566278,-0.927817480334625,0.891616251382732,-0.487292726466005,0.660156962143003,0.52355732919171,-1.10303779907972,1.09441621908294,-0.954671023562854,0.571183011252188,0.621923853133076,0.905348599328031,-0.0308540406267885,1.31067421449642
"72",1995,"Chena","Yukon (US)","Yukon",9.50554408582681,9.21064032698518,0.13932118833768,0.158989959381933,-0.0535342384247613,-0.972404923734779,0.1332784847373,0.431093827892345,1.664572406684,0.651356856200662,-0.271829337353001,-0.338677815714511,0.173382612389288,-0.954671023562854,1.56051347810404,-0.29042749900636,-0.777217744272053,1.31067421449642,-0.991225100011713,-0.0144174525043389
"73",1996,"Chena","Yukon (US)","Yukon",9.07612302985637,9.45798139489078,0.149166380041951,0.149166380041951,-1.5316278071589,-0.690993441065626,-0.26192409142034,0.773071539439472,0.837133129229039,1.97658109686733,-1.82513983651301,-1.09927227889015,-0.56892586633951,1.56051347810404,-0.691497627684534,-0.837058538396696,-1.74276084185503,-0.0144174525043389,1.0716051253399,1.4929623908123
"74",1997,"Chena","Yukon (US)","Yukon",9.4785337678441,9.41262794141102,0.0499687922466328,0.168790611112193,-1.98702635386396,-1.61212961452942,-0.38443950400784,0.935060923397181,0.225062571446368,-0.790827154799338,-0.427160387269002,-0.179346866668198,-0.0494824800896236,-0.691497627684534,-1.73664715816,-0.532911694833476,0.598701464404156,1.4929623908123,0.422623671583032,-2.09845165514346
"75",1998,"Chena","Yukon (US)","Yukon",8.5079506100493,10.0270759267807,0.109669413296135,0.109669413296135,-0.154155631601498,1.75068839231941,-0.105968146962429,0.692076793014169,-0.535231890615293,-0.194070259132671,-0.0388327624790002,-0.154897568979531,-0.223780811615531,-1.73664715816,0.45739818520701,-1.40035515825625,-0.672277992784979,-2.09845165514346,-0.410558163435833,1.11980516717042
"76",1999,"Chena","Yukon (US)","Yukon",8.79905837854645,9.04605517766833,0.0599461050455342,0.217405594378604,-0.091700973767662,-0.934909890968597,-0.116923799409464,-1.12580458866638,0.356816740746888,0.439467589533995,0.970819061975004,1.59522449542179,-0.602947307448016,0.45739818520701,-0.202119606769139,2.0852509968806,0.928891788237408,1.11980516717042,0.172689625150176,-0.881340872200829
"77",2000,"Chena","Yukon (US)","Yukon",8.78599820809833,9.2508103045299,0.198042200435365,0.207738466139345,-0.227019399074309,1.23874207921508,0.226912612046073,-0.369853904911765,-0.850920666693149,-0.705744345466004,0.815488012059004,-0.694616124368145,1.42995706487622,-0.202119606769139,-1.12349368746571,-0.297093731194047,-0.868501526506468,-0.881340872200829,-0.988216001967582,-0.309618916223368
"78",2001,"Chena","Yukon (US)","Yukon",9.16701524723781,9.0451118926084,0.0599461050455342,0.217405594378604,0.0635682450136825,0.276220579522157,0.39519184569733,-1.08980697228529,0.194985907497199,0.153704484533995,-0.427160387269002,2.28467589348914,-0.387847939255245,-1.12349368746571,-1.42487992153727,0.856164437275809,0.80246095180777,-0.309618916223368,-0.895482340167378,-2.46570109023965
"79",2002,"Chena","Yukon (US)","Yukon",9.07692325853583,8.85037430393924,0.255759923655431,0.265264514514406,-0.0717501802929644,1.04013764770799,0.358632698087328,-0.94581628897514,-0.660071922216195,0.742252827200662,-1.12615011189101,0.987780919905817,2.67395829719362,-1.42487992153727,-0.273996095873566,-0.875389373475897,1.22627499520021,-2.46570109023965,0.973730452960086,-0.257471879907987
"80",2003,"Chena","Yukon (US)","Yukon",9.30246366085199,9.33167265714371,0.0599461050455342,0.158989959381933,-0.678948242566377,-0.734980546642914,0.34284973139699,-1.12580458866638,0.890226185095998,0.914348523200662,-0.504825912227002,-0.540555999924882,1.54471783501709,-0.273996095873566,0.374094342329348,-1.54951210345575,-1.49461401492566,-0.257471879907987,0.877736610094502,-0.844971932422151
"81",2004,"Chena","Yukon (US)","Yukon",9.16972668909089,8.4071550862073,0.0599461050455342,0.23664781874187,0.580554023749331,-0.846140732122867,0.15124071034945,-0.270860376844186,1.17028788523134,-0.311288038799338,0.504825912227002,-0.510967267956559,-0.934163254446914,0.374094342329348,0.208294808679741,-0.412919515455109,0.816477235653584,-0.844971932422151,1.95703425598846,-1.28596309189618
"82",2005,"Chena","Yukon (US)","Yukon",8.36077327214494,8.71522404191537,0.489215506204305,0.207738466139345,0.957016822358847,-1.121271254463,-0.0736804633396484,0.404095588383304,0.356061510862617,-2.12774729713267,-0.660156962143003,-0.373016706870287,-0.48153016839461,0.208294808679741,-0.32970793243257,-0.00877918907658325,-0.551447819682179,-1.28596309189618,0.683604941136918,-0.0230253454704606
"83",2006,"Chena","Yukon (US)","Yukon",7.98378106897745,8.6339089911122,0.0499687922466328,0.217405594378604,0.949209990129617,-1.08515500459704,0.394201158437261,1.8440016151374,0.0259280106178231,1.04211942386733,0.737822487101003,0.366289434945652,-0.187787113051459,-0.32970793243257,-1.0024872508733,-0.536244810927319,0.213288429531849,-0.0230253454704606,-0.979628414498257,0.847394422236463
"84",2007,"Chena","Yukon (US)","Yukon",8.2398574110186,8.39366870513074,0.0599461050455342,0.178567043046363,-0.195792070157389,-0.754324273794372,0.22159263918665,2.08698574552041,-1.46219568097235,-1.12853920413267,-0.0388327624790002,1.23116092731811,-0.105815123109365,-1.0024872508733,-0.552731515616075,-0.362089495023996,0.43457612326361,0.847394422236463,0.982403288451929,0.521247653887849
"85",2008,"Chena","Yukon (US)","Yukon",8.07682603129881,7.43425738213314,0.0599461050455342,0.265264514514406,2.09507947621987,-0.842695958794525,0.244546513241457,1.92499646775577,-0.120712933158191,0.910072247867329,-0.349494862311002,0.234907974816963,1.76671986763345,-0.552731515616075,0.0830115684871751,-1.32369348809785,-0.462950239256285,0.521247653887849,-0.580224547597147,0.468693217437052
"86",2009,"Chena","Yukon (US)","Yukon",8.56331312702979,9.29440574709385,0.0399840138517517,0.0599461050455342,-0.169769296059958,-1.79348251637991,0.450328683955679,0.440093231762632,0.0700551536148946,-0.441855231466004,0.427160387269002,-0.726238387575072,-0.0127492638700124,0.0830115684871751,-0.99669622505098,-1.27286346766674,-1.19194660779167,0.468693217437052,0.18613442442581,0.516394796935091
"87",2010,"Chena","Yukon (US)","Yukon",7.77106708606541,7.91571319938212,0.0599461050455342,0.227042423085591,0.122553199634528,-1.38975246159157,0.776374563356984,2.80693873189922,-1.06848763504286,0.035055438867329,-1.28148116180701,-1.00651743347971,-1.03721370650022,-0.99669622505098,0.16193974968885,0.536185292266831,0.130660428219452,0.516394796935091,-0.153352927238223,-2.08335316455059
"88",2011,"Chena","Yukon (US)","Yukon",7.83241092718792,8.91193433616143,0.43811162980563,0.129455721445422,0.656020068631884,0.400999704018723,0.869724828731911,1.3940309716524,-0.957061749944225,-0.677629351132671,2.91245718592501,-0.184930300505119,-0.149451319313754,0.16193974968885,0.574347664399409,-0.82122623695094,-0.630833079739965,-2.08335316455059,-1.28554891997826,0.432249423382543
"89",2012,"Chena","Yukon (US)","Yukon",7.7106533235012,9.48880509487835,0.0599461050455342,0.109669413296135,0.684645120139059,1.02635855439462,1.28723628360689,-1.1078057809258,-0.11427724685083,0.789675236200662,-0.970819061975004,0.46231296154781,-0.525536202317067,0.574347664399409,0.36397736314172,-1.3736902295055,-1.25600746096584,0.432249423382543,-1.16489595448915,-1.3685181417872
"90",2013,"Chena","Yukon (US)","Yukon",7.57250298502038,8.65521448931361,0.0699144768469011,0.207738466139345,1.04722910589661,1.5760910898956,1.45963112202289,-1.11680518479609,-0.680329879207793,1.93087840120066,-1.12615011189101,1.89961572709859,-0.486460812033524,0.36397736314172,-1.11849537078612,1.62361441788328,2.47338499065043,-1.3685181417872,0.57745858184387,-2.25031669647219
"91",2014,"Chena","Yukon (US)","Yukon",8.88030735898387,8.57979233317276,0.0099997500135402,0.312233280220506,3.02322508569495,0.909103769949138,1.50121983002607,-1.12580458866638,-1.03651368927032,1.79354898186733,-1.28148116180701,1.26526994162505,0.734859617325469,-1.11849537078612,-0.280656172402095,-0.458749861745458,1.35454141815717,-2.25031669647219,-1.40799176540562,0.00197418083119085
"92",2015,"Chena","Yukon (US)","Yukon",8.7448067374019,8.71078434046842,0.0299932532886313,0.57814833369246,0.498148572440796,1.63648090735669,1.48911303731073,-0.432849815698314,-0.544410373113804,0.151237209867329,-0.0388327624790002,0.907881776534807,1.57738330967975,-0.280656172402095,-1.09678411440503,0.778669488093947,2.57294575699545,0.00197418083119085,0.406306708015537,0.361038574996559
"93",2016,"Chena","Yukon (US)","Yukon",8.79860565085442,8.97613587330255,0.0499687922466328,0.814341318505051,0.296905786087323,1.7797039830466,1.46777285570747,-0.477846871047401,-2.14356285455978,2.011604547534,-0.0388327624790002,0.450387850799135,1.38163675721486,-1.09678411440503,0.418141483520694,-0.564576297724989,-0.139775568177359,0.361038574996559,1.33943822769391,1.44752860193395
"94",1994,"EFAndreafsky","Yukon (US)","Yukon",8.99293035250973,8.05801080080209,0.00994258301130602,0.107633069730655,-1.11786569900973,-0.837131324956434,0.379401206566278,-0.927817480334625,0.891616251382732,-0.487292726466005,0.660156962143003,-1.78476419228644,1.4053597676835,0.950795201295433,-1.0769505089199,-1.39027488695208,-1.44635522278457,-0.845619209036087,-0.133232148505768,1.4042772061718
"95",1995,"EFAndreafsky","Yukon (US)","Yukon",8.66388757056704,8.28248300373056,0.385253170159927,0.17146836275913,-0.0535342384247613,-0.972404923734779,0.1332784847373,0.431093827892345,1.664572406684,0.651356856200662,-0.271829337353001,-1.44290016321561,-0.993585769220217,-1.0769505089199,-0.236563479011357,-0.0318402775775211,-0.815001082775293,1.4042772061718,-0.0479956937749227,-0.713552960040964
"96",1996,"EFAndreafsky","Yukon (US)","Yukon",7.9820748750812,7.60140233458373,0.385253170159927,0.18676524795105,-1.5316278071589,-0.690993441065626,-0.26192409142034,0.773071539439472,0.837133129229039,1.97658109686733,-1.82513983651301,-0.068298352975088,-0.538901235716798,-0.236563479011357,0.330392699426964,-1.2039526302188,-0.66092145688164,-0.713552960040964,0.896241915439809,0.748836166674696
"97",1997,"EFAndreafsky","Yukon (US)","Yukon",8.03138533062553,8.33830573135656,0.385253170159927,0.0683248702263183,-1.98702635386396,-1.61212961452942,-0.38443950400784,0.935060923397181,0.225062571446368,-0.790827154799338,-0.427160387269002,0.132362862526183,-0.999563049971124,0.330392699426964,-0.334629446729246,1.11384338616542,1.58471061170257,0.748836166674696,0.818783749934569,-1.0239097803294
"98",1998,"EFAndreafsky","Yukon (US)","Yukon",8.28778002708843,8.76013937002663,0.385253170159927,0.0561126642379971,-0.154155631601498,1.75068839231941,-0.105968146962429,0.692076793014169,-0.535231890615293,-0.194070259132671,-0.0388327624790002,-0.0722542090163558,0.644803866968695,-0.334629446729246,-0.620719940063793,-0.0635547042555264,0.113021220936249,-1.0239097803294,-0.487799064426287,-0.0818144118413881
"99",1999,"EFAndreafsky","Yukon (US)","Yukon",8.11880299698004,8.56044423341055,0.00446825294318425,0.0533999478504294,-0.091700973767662,-0.934909890968597,-0.116923799409464,-1.12580458866638,0.356816740746888,0.439467589533995,0.970819061975004,-0.134511947943639,-0.539519560549004,-0.620719940063793,-0.26769432063308,0.934128301656723,-0.375487615369981,-0.0818144118413881,0.056836500988433,-0.922243774948413
"100",2000,"EFAndreafsky","Yukon (US)","Yukon",7.36264527041782,8.89809234557915,0.122006483372648,0.052437286422355,-0.227019399074309,1.23874207921508,0.226912612046073,-0.369853904911765,-0.850920666693149,-0.705744345466004,0.815488012059004,0.887585845343138,0.013274632385641,-0.26769432063308,-0.130272101887945,0.149196241376092,-0.144332299199573,-0.922243774948413,-1.24724397985076,-1.15067025700094
"101",2001,"EFAndreafsky","Yukon (US)","Yukon",7.77527584648686,8.80267284031282,0.197960633383999,0.0563293101976858,0.0635682450136825,0.276220579522157,0.39519184569733,-1.08980697228529,0.194985907497199,0.153704484533995,-0.427160387269002,-0.361750146980637,-0.165631169056295,-0.130272101887945,-0.675469413837633,-1.92017009936375,-1.15182026009292,-1.15067025700094,-0.969543813805777,1.00499121657667
"102",2002,"EFAndreafsky","Yukon (US)","Yukon",8.32020459757888,8.19946419761216,0.385253170159927,0.0573860829591075,-0.0717501802929644,1.04013764770799,0.358632698087328,-0.94581628897514,-0.660071922216195,0.742252827200662,-1.12615011189101,0.54433468771178,-1.11745949976927,-0.675469413837633,-0.338394242916224,0.0619815680115778,-0.0445654721557158,1.00499121657667,0.804846751026766,-0.407005396296143
"103",2003,"EFAndreafsky","Yukon (US)","Yukon",8.36892517474713,8.99268175089254,0.385253170159927,0.0391446219504894,-0.678948242566377,-0.734980546642914,0.34284973139699,-1.12580458866638,0.890226185095998,0.914348523200662,-0.504825912227002,1.22440437758019,-0.703585249428935,-0.338394242916224,-0.920047484144827,-0.210233927641301,-1.15675830378262,-0.407005396296143,0.715207901281313,1.88877997970558
"104",2004,"EFAndreafsky","Yukon (US)","Yukon",8.97714648480847,7.08924315502751,0.00631306841104621,0.252788049514783,0.580554023749331,-0.846140732122867,0.15124071034945,-0.270860376844186,1.17028788523134,-0.311288038799338,0.504825912227002,1.12505228340538,-0.342888069102452,-0.920047484144827,-0.351499177144133,-0.383341839925413,0.47452663520478,1.88877997970558,1.72305378621354,0.463896830540996
"105",2005,"EFAndreafsky","Yukon (US)","Yukon",7.68570306123455,8.06871619271478,0.041782400847504,0.256004450711821,0.957016822358847,-1.121271254463,-0.0736804633396484,0.404095588383304,0.356061510862617,-2.12774729713267,-0.660156962143003,-0.386733432896471,0.907391414246375,-0.351499177144133,-0.8045125649177,-0.235341182094722,-0.756582507745028,0.463896830540996,0.533928154736632,0.525037714980133
"106",2006,"EFAndreafsky","Yukon (US)","Yukon",8.78293635634926,8.33854487998858,0.385253170159927,0.121974374262734,0.949209990129617,-1.08515500459704,0.394201158437261,1.8440016151374,0.0259280106178231,1.04211942386733,0.737822487101003,0.477632009544294,0.549167586013559,-0.8045125649177,-0.880547936540786,-0.461306472175509,1.09135295233648,0.525037714980133,-1.01919567494661,1.37937649862892
"107",2007,"EFAndreafsky","Yukon (US)","Yukon",8.43814998407578,8.49596955496461,0.385253170159927,0.0485923435112169,-0.195792070157389,-0.754324273794372,0.22159263918665,2.08698574552041,-1.46219568097235,-1.12853920413267,-0.0388327624790002,-2.01902372560973,-0.069582662752214,-0.880547936540786,0.42978813388722,-0.519449587751852,-1.14593087094918,1.37937649862892,0.737770677740845,-0.607643482215574
"108",2008,"EFAndreafsky","Yukon (US)","Yukon",8.38548870041881,7.34148385236316,0.385253170159927,0.112411284132064,2.09507947621987,-0.842695958794525,0.244546513241457,1.92499646775577,-0.120712933158191,0.910072247867329,-0.349494862311002,-0.305534882068343,-1.43549134328878,0.42978813388722,2.38211043592432,-1.06123771016778,-0.363165705202386,-0.607643482215574,-0.646233179184944,-0.373349389605757
"109",2009,"EFAndreafsky","Yukon (US)","Yukon",8.23270600986098,9.06750872286864,0.385253170159927,0.0591246670280914,-0.169769296059958,-1.79348251637991,0.450328683955679,0.440093231762632,0.0700551536148946,-0.441855231466004,0.427160387269002,1.12034921813101,-0.761296798281173,2.38211043592432,-0.373107454861687,0.262839603638945,0.0991995776668023,-0.373349389605757,0.0693912264390415,-0.862168807980422
"110",2010,"EFAndreafsky","Yukon (US)","Yukon",7.8811822022271,7.37023064180708,0.385253170159927,0.186649663281741,0.122553199634528,-1.38975246159157,0.776374563356984,2.80693873189922,-1.06848763504286,0.035055438867329,-1.28148116180701,0.00350520917799315,0.645628317666584,-0.373107454861687,-0.241457931989885,0.00251701799031791,0.213772507720689,-0.862168807980422,-0.44946107720528,-1.1717411167642
"111",1996,"George","Kuskokwim","Kuskokwim",9.01558268185401,8.54457850292796,0.0468595540507064,0.0755122843827438,-0.0191288565648025,-0.690993441065626,-0.26192409142034,0.773071539439472,0.187642788192855,1.97658109686733,-0.517125641760077,1.30828307528265,-0.499934248454176,-0.192142182707719,0.21946241333457,-1.71275482169159,-1.95336219860359,-0.210804813665435,1.15258322720982,2.4449953463676
"112",1997,"George","Kuskokwim","Kuskokwim",8.90819353827193,7.6926730670629,0.046067995901839,0.109756117526573,-1.94988232149833,-1.61212961452942,-0.38443950400784,0.935060923397181,-0.677266790381712,-0.790827154799338,0.867794531880645,-0.890342407331778,-0.329593037547249,0.21946241333457,-1.09084736406992,2.29658464771328,1.16987869350515,2.4449953463676,1.92518930464975,-1.32889633305082
"113",1998,"George","Kuskokwim","Kuskokwim",8.58416100477854,8.69432869311192,0.200686043805228,0.072388286033271,-0.505431635343158,1.75068839231941,-0.105968146962429,0.692076793014169,-1.05818377560981,-0.194070259132671,-0.0554855838798361,-0.49694248815265,1.16479026666073,-1.09084736406992,-0.748415588680175,0.730549701254957,-0.639730418528306,-1.32889633305082,-0.718568494402788,-0.618174943795209
"114",1999,"George","Kuskokwim","Kuskokwim",8.46656237525023,8.63454740237022,0.0951570514324758,0.0639481761687442,-1.34134668210812,-0.934909890968597,-0.116923799409464,-1.12580458866638,-0.106185171401277,0.439467589533995,0.636974502940525,-0.626658017029652,-0.611116202627413,-0.748415588680175,-0.610284911552911,-0.1531644634903,-1.06404793600246,-0.618174943795209,-0.191451416288914,-0.787548280974544
"115",2000,"George","Kuskokwim","Kuskokwim",7.94828680131196,8.82713548353534,0.0456945505576914,0.054378489455546,-2.22720633858545,1.23874207921508,0.226912612046073,-0.369853904911765,-0.13581214951335,-0.705744345466004,0.406154474000405,1.34845937275285,-0.432699215356171,-0.610284911552911,0.865367481929918,0.351930141154437,1.47767888784616,-0.787548280974544,1.25892653463051,-0.720162983897631
"116",2001,"George","Kuskokwim","Kuskokwim",8.18191578730463,8.07695479439186,0.0442070219021237,0.07910197203244,0.488203231566133,0.276220579522157,0.39519184569733,-1.08980697228529,-0.128795344375502,0.153704484533995,-0.978765699640318,-0.0387232058557465,-0.20657915990925,0.865367481929918,-0.340555053000627,-1.15368679039423,-0.518200810292879,-0.720162983897631,-1.62312034718182,-0.0567109222254643
"117",2002,"George","Kuskokwim","Kuskokwim",7.9612400130882,8.50972423645633,0.042551893975144,0.0728458971754523,0.243737510342419,1.04013764770799,0.358632698087328,-0.94581628897514,-0.315433857052252,0.742252827200662,-0.978765699640318,0.560048240483936,-0.969077021300031,-0.340555053000627,-0.20156241588827,0.350318994090179,0.122012371148251,-0.0567109222254643,1.53133365606771,-0.896885325589432
"118",2003,"George","Kuskokwim","Kuskokwim",8.05317543520444,9.20319438823503,0.0529100590075651,0.0667006482792728,-0.0191288565648025,-0.734980546642914,0.34284973139699,-1.12580458866638,0.251120119348879,0.914348523200662,-0.170895598349896,3.81464145073183,-0.354571355666869,-0.20156241588827,1.23229912840285,-1.5113614386594,-0.400122866073057,-0.896885325589432,-0.180527808390198,1.63270226233759
"119",2004,"George","Kuskokwim","Kuskokwim",8.47603242668109,8.32309010282833,0.0363686273492137,0.0881404518497042,0.622265078688813,-0.846140732122867,0.15124071034945,-0.270860376844186,-0.472618991584508,-0.311288038799338,1.44484460423095,-0.15844033926879,-1.18336515328219,1.23229912840285,0.05054806480285,-0.598646626757509,0.0543454904283946,1.63270226233759,1.11944946359573,0.765516716217825
"120",2005,"George","Kuskokwim","Kuskokwim",8.45206362386978,8.19173221524402,0.0373755858317743,0.0837829309476772,0.758955589480569,-1.121271254463,-0.0736804633396484,0.404095588383304,-0.448089008595094,-2.12774729713267,-0.863355685170257,0.239155265555225,-0.788969707735234,0.05054806480285,-0.652617677589854,-0.268361478584714,-0.218417296156765,0.765516716217825,1.29278955128496,-0.715090614346742
"121",2006,"George","Kuskokwim","Kuskokwim",8.17310704819962,8.06705786286697,0.0356035219409383,0.0817029843927363,1.59355630441099,-1.08515500459704,0.394201158437261,1.8440016151374,-0.773056322951777,1.04211942386733,0.290744459530344,-0.176653903753205,0.754994497805233,-0.652617677589854,-1.13875365292125,-0.446393229185172,0.7260282148489,-0.715090614346742,0.703577097200838,1.53399992340502
"122",2007,"George","Kuskokwim","Kuskokwim",8.18666952206364,8.13023477321499,0.0349229153295932,0.0777671470021458,-0.00335687455036866,-0.754324273794372,0.22159263918665,2.08698574552041,-1.72388566710767,-1.12853920413267,-0.170895598349896,-1.46630941629817,-0.637784847040588,-1.13875365292125,0.254538693943664,-0.0218559777533113,-1.05168880990303,1.53399992340502,0.708562436041376,0.0477713909581916
"123",2008,"George","Kuskokwim","Kuskokwim",8.06500864284717,8.40465994364898,0.0337060525401021,0.0657211984628549,2.22443558498832,-0.842695958794525,0.244546513241457,1.92499646775577,-0.940204655426023,0.910072247867329,0.752384517410585,-0.876081302030826,-1.33098180644779,0.254538693943664,1.62536560297171,-1.52666733576985,-1.35408550677338,0.0477713909581916,-1.31688384143882,1.10327211471033
"124",2009,"George","Kuskokwim","Kuskokwim",8.05373061826073,7.84960398473971,0.0346052125859187,0.0891495172519366,0.702439320595515,-1.79348251637991,0.450328683955679,0.440093231762632,-0.397059713216582,-0.441855231466004,0.0599244305902241,0.243971028204745,-1.48291794464121,1.62536560297171,-0.642051496319971,-0.462504699827747,-0.596707523564249,1.10327211471033,1.5625719728926,-0.0389865776099551
"125",2010,"George","Kuskokwim","Kuskokwim",7.23896348596067,7.08097510553107,0.0371230567252284,0.107732010388384,-0.674980441998316,-1.38975246159157,0.776374563356984,2.80693873189922,-1.48639045910408,0.035055438867329,0.521564488470465,-0.439299813479934,0.419758429188674,-0.642051496319971,1.12585414808747,-0.659064641667166,-0.598107738897187,-0.0389865776099551,-0.306184414513914,-0.421796423801773
"126",2011,"George","Kuskokwim","Kuskokwim",7.43093882482728,8.02178591990805,0.0372155277191935,0.0799926612006036,1.22948638624449,0.400999704018723,0.869724828731911,1.3940309716524,-1.51921515732705,-0.677629351132671,2.13730469105131,-0.0642032922829881,-0.512705148595696,1.12585414808747,0.248407608123187,1.17200399686152,1.65436801129708,-0.421796423801773,-0.885349195925823,-0.554143375804421
"127",2012,"George","Kuskokwim","Kuskokwim",7.72215494057722,8.47182720566482,0.0393264360439622,0.183704455422871,1.90110995369244,1.02635855439462,1.28723628360689,-1.1078057809258,-0.855110859199874,0.789675236200662,-0.978765699640318,0.555757015520887,1.69102635523667,0.248407608123187,0.0932792368019765,-0.522922714737404,-0.624912225668016,-0.554143375804421,-1.41100857676794,0.147976216937828
"128",2013,"George","Kuskokwim","Kuskokwim",7.03323618315105,8.41484415743857,0.038234657229932,0.269496035050269,0.666952361063042,1.5760910898956,1.45963112202289,-1.11680518479609,-0.372254210955026,1.93087840120066,-0.747945670700197,-1.85853253633994,2.03452594747422,0.0932792368019765,-1.2688504627663,-0.637314156299689,-0.542327760718974,0.147976216937828,0.926826184846331,0.73412817051023
"129",1995,"Gisasa","Yukon (US)","Yukon",8.30647216010058,8.41737285613403,0.00320986827515855,0.061598979026839,-0.0535342384247613,-0.972404923734779,0.1332784847373,0.431093827892345,1.664572406684,0.651356856200662,-0.271829337353001,-0.999731218073869,-1.04757288200584,-1.1689112647646,-0.204501042444566,-0.30832820548921,-1.24784738268957,0.690336237375818,-1.03529280386869,-1.23352245750625
"130",1996,"Gisasa","Yukon (US)","Yukon",7.6685611080159,7.60837447438078,0.0732660544549477,0.126048535150095,-1.5316278071589,-0.690993441065626,-0.26192409142034,0.773071539439472,0.837133129229039,1.97658109686733,-1.82513983651301,-0.253283168868439,-0.47474679499504,-0.204501042444566,0.272478228102555,-1.03334775316295,-0.158757232497797,-1.23352245750625,1.04125860936394,1.34218493357453
"131",1997,"Gisasa","Yukon (US)","Yukon",8.33351070898294,7.81843027207066,0.140614243844143,0.0799204816396499,-1.98702635386396,-1.61212961452942,-0.38443950400784,0.935060923397181,0.225062571446368,-0.790827154799338,-0.427160387269002,-0.0573917152691146,-0.742762477559313,0.272478228102555,-0.599556655629611,2.4163420301234,1.86172621632269,1.34218493357453,0.387960369693787,-1.06698168664962
"132",1998,"Gisasa","Yukon (US)","Yukon",7.77821147451249,8.06620756800626,0.0464573337570463,0.0433077858995597,-0.154155631601498,1.75068839231941,-0.105968146962429,0.692076793014169,-0.535231890615293,-0.194070259132671,-0.0388327624790002,-1.19702348363556,1.65767148511816,-0.599556655629611,-0.728865304056228,0.164103886865939,-0.218896697478956,-1.06698168664962,-0.450763484419446,-0.361764303140265
"133",1999,"Gisasa","Yukon (US)","Yukon",7.89058253465654,7.39264752072162,0.011975618519213,0.0744042947719297,-0.091700973767662,-0.934909890968597,-0.116923799409464,-1.12580458866638,0.356816740746888,0.439467589533995,0.970819061975004,-0.555579905520513,-0.120179990772295,-0.728865304056228,0.332768366787687,-0.420589296741918,-1.1656691672346,-0.361764303140265,0.136363853918171,-0.641978121561296
"134",2000,"Gisasa","Yukon (US)","Yukon",7.64683139143048,8.28878581042693,0.00764076718017146,0.0660249882393526,-0.227019399074309,1.23874207921508,0.226912612046073,-0.369853904911765,-0.850920666693149,-0.705744345466004,0.815488012059004,0.532637038626995,-0.648685227255254,0.332768366787687,-0.182392762802314,-0.469703524164978,-1.09802670001542,-0.641978121561296,-1.03226369041121,-1.06966048570835
"135",2001,"Gisasa","Yukon (US)","Yukon",8.05420489706441,8.42879904065364,0.0311332232787753,0.0399665560889628,0.0635682450136825,0.276220579522157,0.39519184569733,-1.08980697228529,0.194985907497199,0.153704484533995,-0.427160387269002,-0.160980060158963,-0.774121596673678,-0.182392762802314,-0.747280133698806,-0.949151934723421,-1.5287325442075,-1.06966048570835,-0.938913198403259,0.278502919457385
"136",2002,"Gisasa","Yukon (US)","Yukon",7.66809370908241,7.35564110297425,0.0821426821496129,0.0625585515191101,-0.0717501802929644,1.04013764770799,0.358632698087328,-0.94581628897514,-0.660071922216195,0.742252827200662,-1.12615011189101,-0.6833391035249,-0.941370089231576,-0.747280133698806,-0.489773026556733,-0.149291659547873,-0.816191242415672,0.278502919457385,0.942732910665033,-0.61725858344679
"137",2003,"Gisasa","Yukon (US)","Yukon",7.55590509361135,7.87853419614036,0.00261505829070215,0.063572079326617,-0.678948242566377,-0.734980546642914,0.34284973139699,-1.12580458866638,0.890226185095998,0.914348523200662,-0.504825912227002,0.962470857617098,0.0688108058181297,-0.489773026556733,0.30500227861808,-1.12222111707135,-1.43577205003007,-0.61725858344679,0.846100552066458,1.0536350477023
"138",2004,"Gisasa","Yukon (US)","Yukon",7.48493028328966,7.0335064842877,0.00224592642099705,0.208472635164824,0.580554023749331,-0.846140732122867,0.15124071034945,-0.270860376844186,1.17028788523134,-0.311288038799338,0.504825912227002,0.127475767976021,-0.68798862300636,0.30500227861808,0.193683540639647,-0.528172842525764,0.185930345032938,1.0536350477023,1.93257728889909,1.20900990700254
"139",2005,"Gisasa","Yukon (US)","Yukon",8.06022424044096,7.76259604854007,0.004737812957768,0.245915803664378,0.957016822358847,-1.121271254463,-0.0736804633396484,0.404095588383304,0.356061510862617,-2.12774729713267,-0.660156962143003,-0.43325460738296,-0.0348832595677672,0.193683540639647,-1.03256198044265,-0.100177432124813,-0.220527364018402,1.20900990700254,0.650677590655095,0.164402119026359
"140",2006,"Gisasa","Yukon (US)","Yukon",8.04974629095219,8.0013550258267,0.0124476505923051,0.11088109585053,0.949209990129617,-1.08515500459704,0.394201158437261,1.8440016151374,0.0259280106178231,1.04211942386733,0.737822487101003,-0.0695131007106567,1.40888932567853,-1.03256198044265,-1.08759984746702,-0.0510632047017527,1.12537692886122,0.164402119026359,-1.02361898146884,2.02226555341595
"141",2007,"Gisasa","Yukon (US)","Yukon",7.33432935030054,7.77443551030296,0.005874622943808,0.0780650248754357,-0.195792070157389,-0.754324273794372,0.22159263918665,2.08698574552041,-1.46219568097235,-1.12853920413267,-0.0388327624790002,-1.06679583909341,-0.151957204358296,-1.08759984746702,0.797769340733442,-0.776082752375496,-1.0145356533126,2.02226555341595,0.870423647599347,-0.165731041346257
"142",2008,"Gisasa","Yukon (US)","Yukon",7.48268182815465,6.61873898351722,0.0112545676290868,0.204776958265265,2.09507947621987,-0.842695958794525,0.244546513241457,1.92499646775577,-0.120712933158191,0.910072247867329,-0.349494862311002,-0.529121882165224,-1.08771252021974,0.797769340733442,2.74133615663439,-1.16431902629111,-0.582669244725628,-0.165731041346257,-0.621558426959224,0.53547600827847
"143",2009,"Gisasa","Yukon (US)","Yukon",7.58171964012531,7.55642796944025,0.00254841584198461,0.320401456342429,-0.169769296059958,-1.79348251637991,0.450328683955679,0.440093231762632,0.0700551536148946,-0.441855231466004,0.427160387269002,0.80403076403526,-1.08018633805463,2.74133615663439,-0.525993381589554,-0.238165023456267,-0.0292561574896159,0.53547600827847,0.483343969526197,0.343686721532448
"144",2010,"Gisasa","Yukon (US)","Yukon",7.38894609761844,6.96129604591017,0.074063951543255,0.167537823721486,0.122553199634528,-1.38975246159157,0.776374563356984,2.80693873189922,-1.06848763504286,0.035055438867329,-1.28148116180701,-0.694023929396506,-0.298299635346457,-0.525993381589554,0.569947684966107,-0.0136428409508498,0.221497791328834,0.343686721532448,-0.191847413599348,-0.311029850728158
"145",1991,"Goodnews","Kuskokwim","Kuskokwim",7.64012317269536,7.82240626721119,0.385253170159927,0.385253170159927,0.561805814300154,0.268640913441283,0.23967891272426,-0.459848028209116,0.20214769654752,1.76418042220066,-0.978765699640318,-0.718237678773519,0.355175527170323,0.646147917787158,0.7702812615438,-0.579378018129458,-0.619767111303586,-1.0576011567093,0.0502294009619227,-1.29946635535143
"146",1992,"Goodnews","Kuskokwim","Kuskokwim",7.27586460054653,7.76324237301745,0.385253170159927,0.385253170159927,1.3136036236548,-0.840046133157339,0.662912275127818,-0.441849219568601,0.338248854729961,1.29914490420066,-0.401715627290017,-0.000313067466473959,-1.38274364783206,0.7702812615438,-0.0663783517555456,2.1921234592283,0.256023497395867,-1.29946635535143,0.357843731964317,0.492625770742175
"147",1993,"Goodnews","Kuskokwim","Kuskokwim",7.66481578528574,8.44022281263651,0.385253170159927,0.385253170159927,-0.408171079587487,0.768520328259355,0.87285227026053,0.521087951189696,0.328891266140669,-1.330623288466,-0.517125641760077,0.673865646091579,0.596010768650054,-0.0663783517555456,0.198335667780279,0.944713318827007,0.620642070632661,0.492625770742175,1.39175730069294,-0.871092698169905
"148",1994,"Goodnews","Kuskokwim","Kuskokwim",8.02649693894541,7.95009325699353,0.385253170159927,0.385253170159927,0.0886463538671587,-0.837131324956434,0.379401206566278,-0.927817480334625,0.360307379925145,-0.487292726466005,-0.170895598349896,-0.680015938788883,0.200817804831962,0.198335667780279,-0.844875302406776,0.091222170131387,0.151632502668451,-0.871092698169905,-1.43373899863699,1.22398651262288
"149",1995,"Goodnews","Kuskokwim","Kuskokwim",8.45062594714412,9.18250230362256,0.385253170159927,0.385253170159927,0.0557880580037557,-0.972404923734779,0.1332784847373,0.431093827892345,0.352492657139844,0.651356856200662,-0.978765699640318,-0.606133449872459,-0.259465764791462,-0.844875302406776,-0.465132388180071,-0.673168254249855,-0.150215336187096,1.22398651262288,0.135091819083356,-0.343973423056332
"150",1996,"Goodnews","Kuskokwim","Kuskokwim",7.98309894071089,7.85932372984588,0.385253170159927,0.385253170159927,-0.0191288565648025,-0.690993441065626,-0.26192409142034,0.773071539439472,0.187642788192855,1.97658109686733,-0.517125641760077,-0.939874984958046,-0.616999134066477,-0.465132388180071,0.0780647508654079,-0.870127750102691,-0.528775941243988,-0.343973423056332,1.46750605961031,0.547924624919915
"151",1997,"Goodnews","Kuskokwim","Kuskokwim",7.97143099776935,7.86551035902326,0.385253170159927,0.385253170159927,-1.94988232149833,-1.61212961452942,-0.38443950400784,0.935060923397181,-0.677266790381712,-0.790827154799338,0.867794531880645,-0.985980794987036,0.268233104886048,0.0780647508654079,-0.702273934138856,0.635205539629695,-0.370033780029451,0.547924624919915,0.631754359681101,-0.646948524376107
"152",1998,"Goodnews","Kuskokwim","Kuskokwim",8.17554759602103,8.54931588853455,0.385253170159927,0.385253170159927,-0.505431635343158,1.75068839231941,-0.105968146962429,0.692076793014169,-1.05818377560981,-0.194070259132671,-0.0554855838798361,-1.6669590828985,0.205467133818058,-0.702273934138856,-0.279934903043854,-0.239388412193015,-0.475660535504982,-0.646948524376107,-0.581301203224528,0.19523874525604
"153",1999,"Goodnews","Kuskokwim","Kuskokwim",8.21689858091361,8.06981361725805,0.385253170159927,0.385253170159927,-1.34134668210812,-0.934909890968597,-0.116923799409464,-1.12580458866638,-0.106185171401277,0.439467589533995,0.636974502940525,-0.211604723973915,-0.400805365968756,-0.279934903043854,-0.552660557095918,-0.162011467393687,-0.0762641693580161,0.19523874525604,-0.00413726428255607,-0.682273354044214
"154",2000,"Goodnews","Kuskokwim","Kuskokwim",7.8898337513943,8.83500380668919,0.385253170159927,0.385253170159927,-2.22720633858545,1.23874207921508,0.226912612046073,-0.369853904911765,-0.13581214951335,-0.705744345466004,0.406154474000405,0.183596167975787,0.0631976668435445,-0.552660557095918,-0.503780304553861,-0.635652159801696,-0.813135871611974,-0.682273354044214,1.58394607785191,-0.626604450086573
"155",2001,"Goodnews","Kuskokwim","Kuskokwim",8.5850387383113,8.6235271131606,0.385253170159927,0.385253170159927,0.488203231566133,0.276220579522157,0.39519184569733,-1.08980697228529,-0.128795344375502,0.153704484533995,-0.978765699640318,0.010111661000513,0.74571916200232,-0.503780304553861,-0.495101918693797,-0.959228474417069,0.248019286818358,-0.626604450086573,-1.57173526807268,0.0856386378462993
"156",2002,"Goodnews","Kuskokwim","Kuskokwim",8.01466637046494,8.02648877164646,0.385253170159927,0.385253170159927,0.243737510342419,1.04013764770799,0.358632698087328,-0.94581628897514,-0.315433857052252,0.742252827200662,-0.978765699640318,-0.906847530354611,0.167807598786392,-0.495101918693797,-0.882969697113278,0.353834831268501,-0.165768556803977,0.0856386378462993,1.88221675382226,0.38994413748862
"157",2003,"Goodnews","Kuskokwim","Kuskokwim",7.71779621101358,8.19712896414468,0.385253170159927,0.385253170159927,-0.0191288565648025,-0.734980546642914,0.34284973139699,-1.12580458866638,0.251120119348879,0.914348523200662,-0.170895598349896,1.07595421792662,-0.734627187170391,-0.882969697113278,-0.0524344949700386,-1.51728037933344,-0.0212643959372722,0.38994413748862,0.0078234799696316,1.42634475439085
"158",2004,"Goodnews","Kuskokwim","Kuskokwim",8.39795910349254,7.88089504350948,0.385253170159927,0.385253170159927,0.622265078688813,-0.846140732122867,0.15124071034945,-0.270860376844186,-0.472618991584508,-0.311288038799338,1.44484460423095,-0.849276557321421,-0.263185227980338,-0.0524344949700386,-0.104272939757668,0.281147398275193,0.595399580059702,1.42634475439085,0.301709582324163,1.53275188017468
"159",2005,"Goodnews","Kuskokwim","Kuskokwim",8.4724050086261,8.73022773848932,0.385253170159927,0.385253170159927,0.758955589480569,-1.121271254463,-0.0736804633396484,0.404095588383304,-0.448089008595094,-2.12774729713267,-0.863355685170257,0.141374211253685,0.203142499080715,-0.104272939757668,-0.0098544111952069,-1.37425026924983,-0.0753619143873625,1.53275188017468,1.62102420126745,-0.680583490113597
"160",2006,"Goodnews","Kuskokwim","Kuskokwim",8.4277060249147,8.44942385681694,0.385253170159927,0.385253170159927,1.59355630441099,-1.08515500459704,0.394201158437261,1.8440016151374,-0.773056322951777,1.04211942386733,0.290744459530344,1.09638230198521,2.15539571058638,-0.0098544111952069,-0.622895080696056,-0.555930459099358,0.415518958461432,-0.680583490113597,0.975869272708312,0.24424936967049
"161",2007,"Goodnews","Kuskokwim","Kuskokwim",8.27231514795602,9.11544996405531,0.385253170159927,0.385253170159927,-0.00335687455036866,-0.754324273794372,0.22159263918665,2.08698574552041,-1.72388566710767,-1.12853920413267,-0.170895598349896,-0.366531904508725,0.955868832173822,-0.622895080696056,0.437684486617543,-0.222975120871946,-1.00393972563266,0.24424936967049,0.981327941990023,-0.563674333014181
"162",2008,"Goodnews","Kuskokwim","Kuskokwim",7.7066129139642,7.54389444615612,0.385253170159927,0.385253170159927,2.22443558498832,-0.842695958794525,0.244546513241457,1.92499646775577,-0.940204655426023,0.910072247867329,0.752384517410585,-0.576432915235043,-2.10338964067682,0.437684486617543,1.1255972763559,-0.227664632677966,-0.345173195802407,-0.563674333014181,-1.63132024549883,-0.6115317523863
"163",2009,"Goodnews","Kuskokwim","Kuskokwim",7.41997992366183,7.5324474790801,0.385253170159927,0.385253170159927,0.702439320595515,-1.79348251637991,0.450328683955679,0.440093231762632,-0.397059713216582,-0.441855231466004,0.0599244305902241,0.261866354861874,0.185010086279239,1.1255972763559,0.750170910701636,0.40307470523171,0.737574645873531,-0.6115317523863,0.304079982495634,-1.4486384117771
"164",1980,"Holitna","Kuskokwim","Kuskokwim",9.55242774557066,8.40732601229841,0.716495079557011,1.48672177039933,-1.11791027023698,0,-2.01802025249725,0.0171208367860922,1.72855273791902,-0.302185813132671,0.867794531880645,-0.886784498822751,0.0517717247948368,-1.40416866212896,-0.866198840960992,-0.702420093579798,0.468060395555896,-0.984603432732296,-1.2879391041769,-1.07513384810984
"165",1981,"Holitna","Kuskokwim","Kuskokwim",8.9105042944251,9.27827920175003,0.649878739525408,1.00008022483661,0.402771662321285,0,-1.77101670670564,-0.423850383929847,1.8071152081044,0.415989796867329,0.0599244305902241,0.557137731678996,-1.12675977354374,-0.866198840960992,0.0319228079940167,1.03317801364832,2.28586344159689,-1.07513384810984,-1.13824197070129,-0.358233718479665
"166",1982,"Holitna","Kuskokwim","Kuskokwim",8.7419664309571,10.2186224723833,0.149589596959063,1.19095916955394,-0.191306326889031,1.37825539901292,-1.40413179453567,0.0171208367860922,1.66608812508933,-1.067292888466,0.290744459530344,0.713937481920913,1.58255808352857,0.0319228079940167,-1.56119321196305,-1.20863629485956,-1.35347329089652,-0.358233718479665,-0.588161431488346,0.262058518757816
"167",1983,"Holitna","Kuskokwim","Kuskokwim",9.30832419192359,9.89632128818166,0.146179992746845,1.098004133651,-0.660522791818418,0.281757550345353,-1.34456479966258,-0.126869774528753,1.49271020071685,-0.049611727132671,1.67566463317107,0.474003840021555,-0.3952453653059,-1.56119321196305,0.0619156949636464,-1.56290632049227,-1.4514323980362,0.262058518757816,0.548482648909443,-0.251552811198689
"168",1984,"Holitna","Kuskokwim","Kuskokwim",9.40170830556756,8.9175680806106,0.63472832040465,1.69509898380315,0.985020665020779,0.820202119821548,-1.48983394715242,-0.126869774528753,1.21241213717676,0.410774907200663,0.406154474000405,0.815385096567044,-1.50805360627298,0.0619156949636464,0.536289331604622,0.331138329825711,1.18656229068396,-0.251552811198689,-0.233183709102856,-0.904044945733193
"169",1985,"Holitna","Kuskokwim","Kuskokwim",9.11775916332359,9.96148813555865,0.728522439123729,1.13032069583452,-0.404228084083879,0.258006668136884,-1.27917654971365,-1.12580458866638,1.56858376405733,-0.335565367799338,0.867794531880645,-0.186512441225327,0.802294728756118,0.536289331604622,-1.1755869291749,-0.215705167971568,0.452817800846667,-0.904044945733193,-0.840844712530508,-0.655914629623508
"170",1986,"Holitna","Kuskokwim","Kuskokwim",8.8798569707216,10.9976474766705,0.144698541231427,0.595798527369997,-0.80509929361739,-0.346118634385869,-1.29574183544293,0.0441190744952505,1.12739071296402,0.533319712200663,0.0599244305902241,0.0732139496240317,1.49193418435867,-1.1755869291749,0.138939966799132,1.27369160903199,-0.388680211781385,-0.655914629623508,-0.412969871122197,-1.52154152295331
"171",1987,"Holitna","Kuskokwim","Kuskokwim",9.997715658876,9.54767485205483,0.557763022076883,0.873358488149691,1.46212312095738,-0.168182842848829,-1.11856755022012,-0.333856260632496,0.801156433276907,2.00961041486733,0.0599244305902241,-1.11326326894702,-0.60868851869109,0.138939966799132,0.931965148009251,-0.146367915248347,-0.998698544977718,-1.52154152295331,-1.34466872386825,-0.837484912735758
"172",1988,"Holitna","Kuskokwim","Kuskokwim",9.87171967954445,10.3352928733442,0.714131749321706,0.802093175852561,1.24262970458985,-0.450256781927279,-1.1231596681299,-0.315857451991981,0.87117365199568,0.183154662867329,-0.517125641760077,-0.66328566103981,-0.6482487966569,0.931965148009251,0.103909183756399,2.84975977859645,0.0636465281446528,-0.837484912735758,0.182627242549412,-1.54810064252463
"173",1989,"Holitna","Kuskokwim","Kuskokwim",10.1360429399642,10.0554006999718,1.05093771274782,0.836006773963678,0.719525634444487,-0.319203976842451,-1.16353841061299,0.0351196616255506,0.4999523443463,1.90560269420066,-0.286305612819956,-0.562089118608052,1.49810670999873,0.103909183756399,2.33442079287866,0.822457595701027,-0.954359927865601,-1.54810064252463,-0.982533809245502,0.804858997072193
"174",1990,"Holitna","Kuskokwim","Kuskokwim",10.1223395207249,9.20512699732226,0.617385720609113,1.09821358070458,-0.652636800811201,-0.53505120231723,-0.409177252447506,0.755072676802479,0.00241819546050322,1.41279300086733,1.56025461870101,-1.80649804959493,0.0548579876148645,2.33442079287866,-0.0595031502642212,0.220361147983062,-1.80860730289279,0.804858997072193,0.441372122778535,0.216671619168677
"175",1991,"Holitna","Kuskokwim","Kuskokwim",9.80383118800894,10.472443235366,0.485867015058721,0.652365045861884,0.561805814300154,0.268640913441283,0.23967891272426,-0.459848028209116,0.20214769654752,1.76418042220066,-0.978765699640318,-0.893377795259907,0.348894663559321,-0.0595031502642212,0.277213002623349,-0.298313917552277,-1.12702649872241,0.216671619168677,0.156334366017089,0.934487589437896
"176",1992,"Holitna","Kuskokwim","Kuskokwim",9.92321801289845,9.25412386040043,0.146163684973603,1.36267312914555,1.3136036236548,-0.840046133157339,0.662912275127818,-0.441849219568601,0.338248854729961,1.29914490420066,-0.401715627290017,-0.676804492413682,0.0780050036561677,0.277213002623349,0.733740838681522,0.793747812838449,-0.599121962910033,0.934487589437896,0.240257550079449,-0.0192925064118905
"177",1993,"Holitna","Kuskokwim","Kuskokwim",9.85644794566915,10.2726542605181,0.156875978298289,0.312326589751401,-0.408171079587487,0.768520328259355,0.87285227026053,0.521087951189696,0.328891266140669,-1.330623288466,-0.517125641760077,-0.107714125795093,1.56488221465023,0.733740838681522,1.81472889335105,1.05565836438311,-0.814876414317763,-0.0192925064118905,1.08340277122972,-1.06269650001069
"178",1994,"Holitna","Kuskokwim","Kuskokwim",9.86897371965907,7.7030012028146,0.328649094317205,0.676603255433407,0.0886463538671587,-0.837131324956434,0.379401206566278,-0.927817480334625,0.360307379925145,-0.487292726466005,-0.170895598349896,0.299398869371301,-0.0770096056045007,1.81472889335105,-1.03407635723947,0.898837086497081,0.514818389573483,-1.06269650001069,-1.49708996754843,0.368490769221045
"179",1995,"Holitna","Kuskokwim","Kuskokwim",9.9443628418086,10.8317310145341,0.14590314616721,0.151290737717109,0.0557880580037557,-0.972404923734779,0.1332784847373,0.431093827892345,0.352492657139844,0.651356856200662,-0.978765699640318,-0.376258664912848,-0.189938812773882,-1.03407635723947,-0.376776019680404,-0.869533793260064,-0.437680357820792,0.368490769221045,-0.0642951221052415,-0.210804813665435
"180",1996,"Holitna","Kuskokwim","Kuskokwim",9.77511674285246,8.767835068639,0.256658677345006,0.749026872962463,-0.0191288565648025,-0.690993441065626,-0.26192409142034,0.773071539439472,0.187642788192855,1.97658109686733,-0.517125641760077,-0.977544350083705,-1.03501368676692,-0.376776019680404,0.208836531193328,-1.8291505370037,-1.39930180174052,-0.210804813665435,1.15258322720982,2.4449953463676
"181",1997,"Holitna","Kuskokwim","Kuskokwim",10.0233948493361,8.70466025957242,0.16670217820711,0.717114656894775,-1.94988232149833,-1.61212961452942,-0.38443950400784,0.935060923397181,-0.677266790381712,-0.790827154799338,0.867794531880645,-0.195809961830349,1.65571656327614,0.208836531193328,-0.965184242466338,0.353076983273602,1.15362954930561,2.4449953463676,1.92518930464975,-1.32889633305082
"182",1998,"Holitna","Kuskokwim","Kuskokwim",9.36382307497614,10.2899979352639,0.382923519770156,0.662636717813599,-0.505431635343158,1.75068839231941,-0.105968146962429,0.692076793014169,-1.05818377560981,-0.194070259132671,-0.0554855838798361,-0.624458753855227,-0.564358561821602,-0.965184242466338,-0.26060544025701,0.0104535359808153,0.0469582283099844,-1.32889633305082,-0.718568494402788,-0.618174943795209
"183",1999,"Holitna","Kuskokwim","Kuskokwim",9.03700563907445,9.70409914376233,0.157547115095859,0.820854442147457,-1.34134668210812,-0.934909890968597,-0.116923799409464,-1.12580458866638,-0.106185171401277,0.439467589533995,0.636974502940525,-0.5219600553116,-0.112501672925915,-0.26060544025701,-0.450428731448403,-1.07212857856072,-0.472232881389517,-0.618174943795209,-0.191451416288914,-0.787548280974544
"184",2000,"Holitna","Kuskokwim","Kuskokwim",8.82456903192285,10.8589966165568,0.113672690443808,0.471738447144054,-2.22720633858545,1.23874207921508,0.226912612046073,-0.369853904911765,-0.13581214951335,-0.705744345466004,0.406154474000405,1.05511217630281,-0.649160624589997,-0.450428731448403,0.462419758790702,0.174316878596549,0.658507160214249,-0.787548280974544,1.25892653463051,-0.720162983897631
"185",2001,"Holitna","Kuskokwim","Kuskokwim",10.0302818132858,8.96161834578233,0.119135348198883,0.793263920961027,0.488203231566133,0.276220579522157,0.39519184569733,-1.08980697228529,-0.128795344375502,0.153704484533995,-0.978765699640318,0.722349895944574,-1.05507435020601,0.462419758790702,-0.540899232474338,-0.943475559593501,0.132468371373726,-0.720162983897631,-1.62312034718182,-0.0567109222254643
"186",2002,"Holitna","Kuskokwim","Kuskokwim",9.20923077749721,10.2293978017205,0.158337247022891,0.430439835717651,0.243737510342419,1.04013764770799,0.358632698087328,-0.94581628897514,-0.315433857052252,0.742252827200662,-0.978765699640318,0.669821209693438,-0.216452571200298,-0.540899232474338,-0.637596966713378,-0.353837976131109,-0.602858564034142,-0.0567109222254643,1.53133365606771,-0.896885325589432
"187",2003,"Holitna","Kuskokwim","Kuskokwim",9.58067598729278,10.5023709092885,0.29121487165329,0.85740867473376,-0.0191288565648025,-0.734980546642914,0.34284973139699,-1.12580458866638,0.251120119348879,0.914348523200662,-0.170895598349896,1.43100276224114,0.370498503299515,-0.637596966713378,0.529893882949342,-1.4927565218387,-0.172788783146773,-0.896885325589432,-0.180527808390198,1.63270226233759
"188",2004,"Holitna","Kuskokwim","Kuskokwim",10.2800814919705,9.39297852854277,0.111056626016182,0.804870411969125,0.622265078688813,-0.846140732122867,0.15124071034945,-0.270860376844186,-0.472618991584508,-0.311288038799338,1.44484460423095,-0.119938235293713,-1.36503335905388,0.529893882949342,-0.17655391007941,-1.12656924256576,0.446076428408914,1.63270226233759,1.11944946359573,0.765516716217825
"189",2005,"Holitna","Kuskokwim","Kuskokwim",10.2069119568333,9.71792801982811,0.146055388896479,0.611001456153108,0.758955589480569,-1.121271254463,-0.0736804633396484,0.404095588383304,-0.448089008595094,-2.12774729713267,-0.863355685170257,0.257187321539686,-1.16589924237973,-0.17655391007941,-0.0570112927999025,-0.0439871280242167,-0.172135883592994,0.765516716217825,1.29278955128496,-0.715090614346742
"190",2006,"Holitna","Kuskokwim","Kuskokwim",9.95104664742525,9.35249129115055,0.137600599283225,0.731568991509305,1.59355630441099,-1.08515500459704,0.394201158437261,1.8440016151374,-0.773056322951777,1.04211942386733,0.290744459530344,0.138778635594081,2.25529334818553,-0.0570112927999025,-0.95845046335632,0.0109950599245841,-0.161348642717747,-0.715090614346742,0.703577097200838,1.53399992340502
"191",2007,"Holitna","Kuskokwim","Kuskokwim",9.82529765388598,8.99202071830422,0.475682800119843,1.07102766120683,-0.00335687455036866,-0.754324273794372,0.22159263918665,2.08698574552041,-1.72388566710767,-1.12853920413267,-0.170895598349896,-0.4626663416304,-0.448974440200205,-0.95845046335632,1.36100728332488,0.217652661548562,-0.891305711788359,1.53399992340502,0.708562436041376,0.0477713909581916
"192",2008,"Holitna","Kuskokwim","Kuskokwim",9.67853321160987,10.0855056909717,0.464454730565764,0.569201902288285,2.22443558498832,-0.842695958794525,0.244546513241457,1.92499646775577,-0.940204655426023,0.910072247867329,0.752384517410585,-0.022976326543089,-0.666275354773787,1.36100728332488,2.92587696814948,-0.475719865683646,-0.540857911937485,0.0477713909581916,-1.31688384143882,1.10327211471033
"193",2009,"Holitna","Kuskokwim","Kuskokwim",9.62028948723046,8.61312248030705,0.465480571900947,0.732435065034753,0.702439320595515,-1.79348251637991,0.450328683955679,0.440093231762632,-0.397059713216582,-0.441855231466004,0.0599244305902241,-0.634634789379603,-0.604339648917229,2.92587696814948,-0.0367070413128086,0.508002407327048,-0.333142148782437,1.10327211471033,1.5625719728926,-0.0389865776099551
"194",2010,"Holitna","Kuskokwim","Kuskokwim",8.76896686141838,8.29853322075641,0.146442283644621,0.604882226635036,-0.674980441998316,-1.38975246159157,0.776374563356984,2.80693873189922,-1.48639045910408,0.035055438867329,0.521564488470465,-0.568690317901755,0.695117238096974,-0.0367070413128086,1.04782375754342,-0.431571450129717,-0.05810269547377,-0.0389865776099551,-0.306184414513914,-0.421796423801773
"195",2011,"Holitna","Kuskokwim","Kuskokwim",8.96105571476841,9.55107253608985,0.328662614509985,0.384957919845617,1.22948638624449,0.400999704018723,0.869724828731911,1.3940309716524,-1.51921515732705,-0.677629351132671,2.13730469105131,0.753990756387485,-1.1018593113097,1.04782375754342,0.471970474442829,1.87362126760236,1.66420995931164,-0.421796423801773,-0.885349195925823,-0.554143375804421
"196",2012,"Holitna","Kuskokwim","Kuskokwim",9.25873790953631,9.82421033465963,0.340991446545845,0.37968549821468,1.90110995369244,1.02635855439462,1.28723628360689,-1.1078057809258,-0.855110859199874,0.789675236200662,-0.978765699640318,-0.149730006611619,1.53878926535364,0.471970474442829,0.126179571938925,-0.577829717592761,-0.574520306497918,-0.554143375804421,-1.41100857676794,0.147976216937828
"197",2013,"Holitna","Kuskokwim","Kuskokwim",8.58526537942543,8.44858709800769,0.147473287791646,0.704065994140891,0.666952361063042,1.5760910898956,1.45963112202289,-1.11680518479609,-0.372254210955026,1.93087840120066,-0.747945670700197,-1.41443901817089,1.41274350853578,0.126179571938925,-1.30341749469903,-0.302647495847478,-0.0540443636138672,0.147976216937828,0.926826184846331,0.73412817051023
"198",1993,"Holokuk","Kuskokwim","Kuskokwim",6.76266073892304,6.73875125621526,0.177522764009005,1.01114280257042,-0.408171079587487,0.768520328259355,0.87285227026053,0.521087951189696,0.328891266140669,-1.330623288466,-0.517125641760077,0.854324964121873,0.924998971621122,0.156941220589649,1.48654051490895,1.28084708983964,-0.839249862179138,-0.0192925064118905,1.08340277122972,-1.06269650001069
"199",1994,"Holokuk","Kuskokwim","Kuskokwim",7.27976366140806,5.65047381468424,0.921272423152053,1.09924121445691,0.0886463538671587,-0.837131324956434,0.379401206566278,-0.927817480334625,0.360307379925145,-0.487292726466005,-0.170895598349896,0.0749331995488763,-0.457251796701815,1.48654051490895,-0.94989097594909,1.11467031086593,0.647147269014783,-1.06269650001069,-1.49708996754843,0.368490769221045
"200",1995,"Holokuk","Kuskokwim","Kuskokwim",8.2333018440062,4.87640958048507,1.05040817216055,1.0904948477237,0.0557880580037557,-0.972404923734779,0.1332784847373,0.431093827892345,0.352492657139844,0.651356856200662,-0.978765699640318,-1.20339978949633,-0.324969232458881,-0.94989097594909,-0.590195636665256,-0.385075119371822,-0.859499814504953,0.368490769221045,-0.0642951221052415,-0.210804813665435
"201",1996,"Holokuk","Kuskokwim","Kuskokwim",8.56313763928129,3.92719763262524,0.863988258951697,1.56219701951002,-0.0191288565648025,-0.690993441065626,-0.26192409142034,0.773071539439472,0.187642788192855,1.97658109686733,-0.517125641760077,-0.174341090861557,-0.362008369202531,-0.590195636665256,0.261853120792615,-1.75395633616777,-1.5993362020606,-0.210804813665435,1.15258322720982,2.4449953463676
"202",1997,"Holokuk","Kuskokwim","Kuskokwim",8.56064512050049,7.47138072281257,0.806669331649571,0.713680141963263,-1.94988232149833,-1.61212961452942,-0.38443950400784,0.935060923397181,-0.677266790381712,-0.790827154799338,0.867794531880645,-0.724581741562169,-0.228911758570715,0.261853120792615,-0.451074818593815,1.4802592246081,1.08532838268062,2.4449953463676,1.92518930464975,-1.32889633305082
"203",1998,"Holokuk","Kuskokwim","Kuskokwim",8.0705110128586,9.06663946600943,0.74186949736181,0.184990099902627,-0.505431635343158,1.75068839231941,-0.105968146962429,0.692076793014169,-1.05818377560981,-0.194070259132671,-0.0554855838798361,0.56640320262305,-0.12023659170435,-0.451074818593815,-0.849971885055456,0.140458944132542,0.407542333132419,-1.32889633305082,-0.718568494402788,-0.618174943795209
"204",1999,"Holokuk","Kuskokwim","Kuskokwim",6.10287353462925,6.31679701146481,0.636674456561581,0.918790578418209,-1.34134668210812,-0.934909890968597,-0.116923799409464,-1.12580458866638,-0.106185171401277,0.439467589533995,0.636974502940525,-0.843569090829834,-0.421433755590973,-0.849971885055456,-0.222279876804292,-0.343530924628394,0.0350533166923578,-0.618174943795209,-0.191451416288914,-0.787548280974544
"205",2000,"Holokuk","Kuskokwim","Kuskokwim",4.8411919145229,5.25216961322238,0.731767342611591,1.23079102673137,-2.22720633858545,1.23874207921508,0.226912612046073,-0.369853904911765,-0.13581214951335,-0.705744345466004,0.406154474000405,2.55928589624194,-0.887882336420799,-0.222279876804292,1.76918108043465,0.204852445984856,2.54690339326698,-0.787548280974544,1.25892653463051,-0.720162983897631
"206",2001,"Holokuk","Kuskokwim","Kuskokwim",5.61967909077606,8.76026282496275,0.231462299184763,0.243453675095158,0.488203231566133,0.276220579522157,0.39519184569733,-1.08980697228529,-0.128795344375502,0.153704484533995,-0.978765699640318,0.157924163582155,-0.6941392958667,1.76918108043465,-0.668605631572906,-1.09963526895878,-0.1227378640822,-0.720162983897631,-1.62312034718182,-0.0567109222254643
"207",2002,"Holokuk","Kuskokwim","Kuskokwim",7.47603795111922,6.95392616359177,0.115754650508813,0.892102875686481,0.243737510342419,1.04013764770799,0.358632698087328,-0.94581628897514,-0.315433857052252,0.742252827200662,-0.978765699640318,1.05714402312596,-1.13901562134165,-0.668605631572906,-0.309043097894708,0.362720386009882,-0.0380146466237635,-0.0567109222254643,1.53133365606771,-0.896885325589432
"208",2003,"Holokuk","Kuskokwim","Kuskokwim",8.01619566609913,6.91808850709114,0.105774773174146,0.918981466236995,-0.0191288565648025,-0.734980546642914,0.34284973139699,-1.12580458866638,0.251120119348879,0.914348523200662,-0.170895598349896,0.882345300540143,0.432500906347049,-0.309043097894708,0.591578246599459,-1.61270607404012,0.0431705769408474,-0.896885325589432,-0.180527808390198,1.63270226233759
"209",2004,"Holokuk","Kuskokwim","Kuskokwim",7.88976530102207,8.8437975765678,0.142371129540877,0.18191439801036,0.622265078688813,-0.846140732122867,0.15124071034945,-0.270860376844186,-0.472618991584508,-0.311288038799338,1.44484460423095,0.103140304015526,-1.44224792724996,0.591578246599459,-0.00297468398250174,-0.999929201574556,0.481852136617331,1.63270226233759,1.11944946359573,0.765516716217825
"210",2005,"Holokuk","Kuskokwim","Kuskokwim",7.67050557569662,6.17435724648456,0.14058218994987,0.69709084452097,0.758955589480569,-1.121271254463,-0.0736804633396484,0.404095588383304,-0.448089008595094,-2.12774729713267,-0.863355685170257,0.543399026930349,-0.42631803392427,-0.00297468398250174,-0.562756281947807,-0.518016542550791,0.0656553177111308,0.765516716217825,1.29278955128496,-0.715090614346742
"211",2006,"Holokuk","Kuskokwim","Kuskokwim",7.72630367299721,5.53962869897043,0.134855272379064,0.83709546093721,1.59355630441099,-1.08515500459704,0.394201158437261,1.8440016151374,-0.773056322951777,1.04211942386733,0.290744459530344,-0.321831404164132,2.59053788327526,-0.562756281947807,-0.982293767261202,0.35856596653554,-0.0184296500156448,-0.715090614346742,0.703577097200838,1.53399992340502
"212",2007,"Holokuk","Kuskokwim","Kuskokwim",7.34783572857671,5.29727994987701,0.192580753844127,0.643087786120477,-0.00335687455036866,-0.754324273794372,0.22159263918665,2.08698574552041,-1.72388566710767,-1.12853920413267,-0.170895598349896,-0.373684958388646,-0.345320444279919,-0.982293767261202,1.10594930215579,0.163308251241428,-1.08070575425321,1.53399992340502,0.708562436041376,0.0477713909581916
"213",2008,"Holokuk","Kuskokwim","Kuskokwim",7.45368595865828,5.25747355879402,0.127485065874048,0.77400791648724,2.22443558498832,-0.842695958794525,0.244546513241457,1.92499646775577,-0.940204655426023,0.910072247867329,0.752384517410585,-0.796252144499732,-1.22733968058491,1.10594930215579,1.49032886820196,-0.920995231562043,-0.537343651401559,0.0477713909581916,-1.31688384143882,1.10327211471033
"214",2009,"Holokuk","Kuskokwim","Kuskokwim",7.58112327257631,5.86893361725429,0.117119066759831,0.471895600781274,0.702439320595515,-1.79348251637991,0.450328683955679,0.440093231762632,-0.397059713216582,-0.441855231466004,0.0599244305902241,-0.70667323738647,-0.723851963011437,1.49032886820196,-0.435476904512339,0.479044131291481,-0.460349266201801,1.10327211471033,1.5625719728926,-0.0389865776099551
"215",2010,"Holokuk","Kuskokwim","Kuskokwim",6.67099187050793,5.33967690963079,0.129006285652848,0.650970603541057,-0.674980441998316,-1.38975246159157,0.776374563356984,2.80693873189922,-1.48639045910408,0.035055438867329,0.521564488470465,-0.770844672611581,0.294113020236978,-0.435476904512339,0.592808872577234,0.0220579891137727,-0.707590176543758,-0.0389865776099551,-0.306184414513914,-0.421796423801773
"216",2011,"Holokuk","Kuskokwim","Kuskokwim",5.4573370521973,5.82580468937411,0.197691189834302,0.737153421965461,1.22948638624449,0.400999704018723,0.869724828731911,1.3940309716524,-1.51921515732705,-0.677629351132671,2.13730469105131,0.829305199376143,-0.427132080313153,0.592808872577234,0.372271794714896,1.59242855041535,1.62738110520317,-0.421796423801773,-0.885349195925823,-0.554143375804421
"217",2012,"Holokuk","Kuskokwim","Kuskokwim",5.11546444132182,6.18785093450315,0.229427345776673,0.917163293597867,1.90110995369244,1.02635855439462,1.28723628360689,-1.1078057809258,-0.855110859199874,0.789675236200662,-0.978765699640318,0.187217335562011,1.4077284802286,0.372271794714896,0.311597029501961,-1.0040836210489,-0.645024260757993,-0.554143375804421,-1.41100857676794,0.147976216937828
"218",2013,"Holokuk","Kuskokwim","Kuskokwim",4.51414698655491,6.91162857985392,0.193321927937588,0.524464958580093,0.666952361063042,1.5760910898956,1.45963112202289,-1.11680518479609,-0.372254210955026,1.93087840120066,-0.747945670700197,-1.67913836732856,1.73497512855948,0.311597029501961,-1.15544238652474,-0.626031448883704,-0.328102116075049,0.147976216937828,0.926826184846331,0.73412817051023
"219",1980,"Kisaralik","Kuskokwim","Kuskokwim",8.98380156049533,5.52251293941438,0.827896526848894,1.50969293456949,-1.11791027023698,0,-2.01802025249725,0.0171208367860922,1.72855273791902,-0.302185813132671,0.867794531880645,-0.954123197793144,-0.392316743195156,-1.0846842516785,-0.122121233201621,-0.212624752655677,-0.419244650595884,0.0153660451255519,-1.21530525454274,0.119770747118706
"220",1981,"Kisaralik","Kuskokwim","Kuskokwim",7.6947917448149,7.69486640023735,0.742989716934918,1.05030243117164,0.402771662321285,0,-1.77101670670564,-0.423850383929847,1.8071152081044,0.415989796867329,0.0599244305902241,1.06133999400418,-0.0919087216186103,-0.122121233201621,0.784700947579843,1.14488494191809,1.99159030196625,0.119770747118706,-1.34558195264454,-0.900932525679707
"221",1982,"Kisaralik","Kuskokwim","Kuskokwim",6.37524892324411,9.78161331770915,0.256562180913294,0.305618465286499,-0.191306326889031,1.37825539901292,-1.40413179453567,0.0171208367860922,1.66608812508933,-1.067292888466,0.290744459530344,-0.234936366686745,0.55738204302809,0.784700947579843,-1.16854197636141,-1.10880039893889,-1.23809108665469,-0.900932525679707,-1.11642042594117,0.216937708170378
"222",1983,"Kisaralik","Kuskokwim","Kuskokwim",6.38812906826752,6.87439585236092,0.598117106205927,0.750430327144133,-0.660522791818418,0.281757550345353,-1.34456479966258,-0.126869774528753,1.49271020071685,-0.049611727132671,1.67566463317107,-0.14864819931904,1.81638310060441,-1.16854197636141,-0.231872636334102,-1.10880039893889,-1.17546182662497,0.216937708170378,0.804470441968112,-1.55729277303714
"223",1984,"Kisaralik","Kuskokwim","Kuskokwim",6.09704419625195,6.26022883397331,0.48425191001405,1.07807069584736,0.985020665020779,0.820202119821548,-1.48983394715242,-0.126869774528753,1.21241213717676,0.410774907200663,0.406154474000405,0.841003364632489,-0.745646539998438,-0.231872636334102,-0.495124139933882,2.06938010403696,-0.682917418817674,-1.55729277303714,-0.0805458962651807,-0.181793063405592
"224",1985,"Kisaralik","Kuskokwim","Kuskokwim",6.01831347366317,7.7732169950785,0.25788484971612,0.924234356581631,-0.404228084083879,0.258006668136884,-1.27917654971365,-1.12580458866638,1.56858376405733,-0.335565367799338,0.867794531880645,0.0664621713685742,0.944732676097973,-0.495124139933882,-1.26313702383555,-0.309459226158247,-0.302448495995951,-0.181793063405592,-0.423891435223356,0.00603706379645947
"225",1986,"Kisaralik","Kuskokwim","Kuskokwim",7.36230391090757,8.88162391704275,0.470819427934749,0.659947114147424,-0.80509929361739,-0.346118634385869,-1.29574183544293,0.0441190744952505,1.12739071296402,0.533319712200663,0.0599244305902241,0.163376390884584,0.549376805529423,-1.26313702383555,0.0935590329720251,-0.384368913207405,-1.03213291909516,0.00603706379645947,-0.284102937123362,-1.35532415660704
"226",1987,"Kisaralik","Kuskokwim","Kuskokwim",8.68354639816233,7.99326361560151,0.346145944979423,0.750421595273629,1.46212312095738,-0.168182842848829,-1.11856755022012,-0.333856260632496,0.801156433276907,2.00961041486733,0.0599244305902241,0.660794150784381,-1.8409909254879,0.0935590329720251,2.89205743222051,-0.777188003831037,-0.426761274310877,-1.35532415660704,-1.3389886931002,0.0475098372357159
"227",1988,"Kisaralik","Kuskokwim","Kuskokwim",8.41201316321317,8.90163726052514,0.250284964085124,0.843035560861495,1.24262970458985,-0.450256781927279,-1.1231596681299,-0.315857451991981,0.87117365199568,0.183154662867329,-0.517125641760077,0.00671233597880014,-1.48966243805929,2.89205743222051,0.722604943558541,2.35896999177578,0.253955038679322,0.0475098372357159,-0.0169186625260176,-0.40230715101194
"228",1989,"Kisaralik","Kuskokwim","Kuskokwim",7.1115565283908,9.74429959736561,0.239602773754832,0.558729836622456,0.719525634444487,-0.319203976842451,-1.16353841061299,0.0351196616255506,0.4999523443463,1.90560269420066,-0.286305612819956,-0.0175442486046531,-0.00518839877230668,0.722604943558541,3.63165120976527,0.472524824013449,1.08651911717988,-0.40230715101194,-0.928973201451265,0.0389868226246434
"229",1990,"Kisaralik","Kuskokwim","Kuskokwim",7.76609623038141,7.49303019942968,0.186922942871681,1.25502084829392,-0.652636800811201,-0.53505120231723,-0.409177252447506,0.755072676802479,0.00241819546050322,1.41279300086733,1.56025461870101,-1.70944578302135,0.584509796582558,3.63165120976527,0.502808614074036,-0.501301107625602,-1.69142098187529,0.0389868226246434,-0.0708565342433634,-0.558914463671352
"230",1991,"Kisaralik","Kuskokwim","Kuskokwim",7.60268687687442,7.6163450594398,0.190465961642373,1.04688941994277,0.561805814300154,0.268640913441283,0.23967891272426,-0.459848028209116,0.20214769654752,1.76418042220066,-0.978765699640318,-0.68436267222829,-1.18325063066902,0.502808614074036,0.652507159736631,-0.842962363191274,-0.699370589219461,-0.558914463671352,0.0229214982253818,-1.43399153169332
"231",1992,"Kisaralik","Kuskokwim","Kuskokwim",8.15552519550581,6.00735491884854,0.355717893888882,1.31609819983013,1.3136036236548,-0.840046133157339,0.662912275127818,-0.441849219568601,0.338248854729961,1.29914490420066,-0.401715627290017,0.112653321089475,-0.55708542775827,0.652507159736631,0.0361586759715759,1.85744050165398,-0.245991987559833,-1.43399153169332,0.341007333761717,0.552648394408168
"232",1993,"Kisaralik","Kuskokwim","Kuskokwim",8.69216841178272,9.13689106431261,0.232556050909872,0.367133744695492,-0.408171079587487,0.768520328259355,0.87285227026053,0.521087951189696,0.328891266140669,-1.330623288466,-0.517125641760077,1.04867001587362,0.63876558831204,0.0361586759715759,0.66544446554497,1.73594064339132,-0.328249018719971,0.552648394408168,1.41011637139897,-0.964005338953178
"233",1994,"Kisaralik","Kuskokwim","Kuskokwim",8.85573004457751,7.41312730385312,0.235721757689249,1.06538395645474,0.0886463538671587,-0.837131324956434,0.379401206566278,-0.927817480334625,0.360307379925145,-0.487292726466005,-0.170895598349896,0.33855513318423,0.342582331821588,0.66544446554497,-0.881619535695244,0.710043343925413,1.53667579720349,-0.964005338953178,-1.51156269423008,1.3943986173721
"234",1995,"Kisaralik","Kuskokwim","Kuskokwim",8.96758611715263,9.67349988695543,0.234733672791954,1.09541154138972,0.0557880580037557,-0.972404923734779,0.1332784847373,0.431093827892345,0.352492657139844,0.651356856200662,-0.978765699640318,-1.29591134000181,-0.583991034975977,-0.881619535695244,-0.590899792590194,-0.493079312705573,-0.904732022559257,1.3943986173721,0.11067271932691,-0.928880066853665
"235",1996,"Kisaralik","Kuskokwim","Kuskokwim",7.80044733645681,10.0361201847404,0.460468849408743,0.485870603717475,-0.0191288565648025,-0.690993441065626,-0.26192409142034,0.773071539439472,0.187642788192855,1.97658109686733,-0.517125641760077,-0.503078207989537,-0.55841958657129,-0.590899792590194,0.082483226725972,-0.872195411795823,-1.01368715768764,-0.928880066853665,1.4884436950726,0.223260900327135
"236",1997,"Kisaralik","Kuskokwim","Kuskokwim",8.04762183465208,7.73685490664395,0.230609650126341,0.907350317869025,-1.94988232149833,-1.61212961452942,-0.38443950400784,0.935060923397181,-0.677266790381712,-0.790827154799338,0.867794531880645,-0.612766688090825,-0.15883909322692,0.082483226725972,-0.610737582623836,0.49810374154243,0.0678760667295523,0.223260900327135,0.624242157690961,0.285257557459347
"237",1998,"Kisaralik","Kuskokwim","Kuskokwim",7.86227253807984,7.63914819331816,0.216040498773506,0.904471220599632,-0.505431635343158,1.75068839231941,-0.105968146962429,0.692076793014169,-1.05818377560981,-0.194070259132671,-0.0554855838798361,-0.2347590863055,-0.622459209596252,-0.610737582623836,-0.658090579118785,0.121728240758857,0.00932767082838728,0.285257557459347,-0.437884856291381,0.365974732159448
"238",1999,"Kisaralik","Kuskokwim","Kuskokwim",8.14946362180257,9.0881423355243,0.391994984410978,0.672985298461008,-1.34134668210812,-0.934909890968597,-0.116923799409464,-1.12580458866638,-0.106185171401277,0.439467589533995,0.636974502940525,-0.70210278301239,-1.3953818819392,-0.658090579118785,-0.560341503817646,0.280682942546094,-0.130898860861227,0.365974732159448,-0.0332958635706773,0.206266428728755
"239",2000,"Kisaralik","Kuskokwim","Kuskokwim",8.64026050958391,11.0248300278163,0.480890457306526,0.22941549618591,-2.22720633858545,1.23874207921508,0.226912612046073,-0.369853904911765,-0.13581214951335,-0.705744345466004,0.406154474000405,3.00830842136454,-0.360074643035641,-0.560341503817646,0.554594192703684,0.253276959479329,2.25596824350928,0.206266428728755,1.60884744990273,-1.29895527005594
"240",2001,"Kisaralik","Kuskokwim","Kuskokwim",9.68758659562911,5.88201008587708,0.611751939672246,1.476860868635,0.488203231566133,0.276220579522157,0.39519184569733,-1.08980697228529,-0.128795344375502,0.153704484533995,-0.978765699640318,0.719525214931289,0.337690273863575,0.554594192703684,-0.782280196904441,-0.874022477333607,-0.0922989191484304,-1.29895527005594,-1.65425649695805,1.34623278559553
"241",2002,"Kisaralik","Kuskokwim","Kuskokwim",9.04520829366885,9.52025349615944,0.242615839425702,0.653517825145952,0.243737510342419,1.04013764770799,0.358632698087328,-0.94581628897514,-0.315433857052252,0.742252827200662,-0.978765699640318,0.540251073268181,-0.537517765167309,-0.782280196904441,-0.607594210010083,-0.4665868624077,-0.307140955837478,1.34623278559553,1.9172715628914,0.864329580100267
"242",2003,"Kisaralik","Kuskokwim","Kuskokwim",8.30828614041147,9.45627057613422,0.249357457942771,0.544303263231011,-0.0191288565648025,-0.734980546642914,0.34284973139699,-1.12580458866638,0.251120119348879,0.914348523200662,-0.170895598349896,0.739840802670037,0.228289535816476,-0.607594210010083,-0.017107112140085,-1.4577699166557,0.225287507050644,0.864329580100267,-0.0209279634254011,1.32251829646981
"243",2004,"Kisaralik","Kuskokwim","Kuskokwim",9.86588952479496,5.83645885541588,0.166611319133507,1.31772118704072,0.622265078688813,-0.846140732122867,0.15124071034945,-0.270860376844186,-0.472618991584508,-0.311288038799338,1.44484460423095,0.393758567522355,-0.447684405090625,-0.017107112140085,-0.056479163807708,-0.952586295458334,0.524897514832726,1.32251829646981,0.28296232060441,0.309847800131719
"244",2005,"Kisaralik","Kuskokwim","Kuskokwim",10.0427405054209,7.16969076003015,0.176561499028038,1.53184281646337,0.758955589480569,-1.121271254463,-0.0736804633396484,0.404095588383304,-0.448089008595094,-2.12774729713267,-0.863355685170257,0.158998280667287,0.544929894106569,-0.056479163807708,-0.213625995608945,-0.138171802757917,0.0709537662303624,0.309847800131719,1.64718775033126,-0.0684461354019871
"245",2006,"Kisaralik","Kuskokwim","Kuskokwim",9.61979606366634,8.35845991510201,0.169141163598716,0.54115021863448,1.59355630441099,-1.08515500459704,0.394201158437261,1.8440016151374,-0.773056322951777,1.04211942386733,0.290744459530344,-0.37894927343585,1.37900129858086,-0.213625995608945,-0.66823178082914,-0.615492703737124,0.492316512612778,-0.0684461354019871,0.980071092169055,1.14080156169765
"246",2007,"Kisaralik","Kuskokwim","Kuskokwim",8.80102638770295,9.06131679162348,0.174533637729137,0.466694019217826,-0.00335687455036866,-0.754324273794372,0.22159263918665,2.08698574552041,-1.72388566710767,-1.12853920413267,-0.170895598349896,-0.435139330032442,-0.208202826998389,-0.66823178082914,1.21622481050759,-0.491252247167789,-0.575860613299299,1.14080156169765,0.985715580102149,-0.457205954562225
"247",2008,"Kisaralik","Kuskokwim","Kuskokwim",8.50072063110876,8.79363326325422,0.185335694073363,0.520253326324527,2.22443558498832,-0.842695958794525,0.244546513241457,1.92499646775577,-0.940204655426023,0.910072247867329,0.752384517410585,-0.93581214251362,-1.17457866953952,1.21622481050759,0.667482148304248,-1.38560082791322,-1.13712794670975,-0.457205954562225,-1.71586980758714,-0.0714110071992201
"248",2009,"Kisaralik","Kuskokwim","Kuskokwim",7.98569822352419,7.75192815584695,0.332778411885011,0.751333739502978,0.702439320595515,-1.79348251637991,0.450328683955679,0.440093231762632,-0.397059713216582,-0.441855231466004,0.0599244305902241,-0.941083599973655,-1.06829054179198,0.667482148304248,-0.353934053030871,0.598592346120569,-0.705989038142603,-0.0714110071992201,0.285413411607358,-0.97733328604862
"249",2010,"Kisaralik","Kuskokwim","Kuskokwim",7.10787577670537,8.06749790505625,0.248057728839422,0.567594802111708,-0.674980441998316,-1.38975246159157,0.776374563356984,2.80693873189922,-1.48639045910408,0.035055438867329,0.521564488470465,-0.766419016937704,1.76902053389733,-0.353934053030871,0.179437008334051,0.488968413853508,-0.873917332306185,-0.97733328604862,-0.163198573240599,-1.57458531122383
"250",2011,"Kisaralik","Kuskokwim","Kuskokwim",7.90748709470025,8.60343357555815,0.259921946548286,0.508598028540801,1.22948638624449,0.400999704018723,0.869724828731911,1.3940309716524,-1.51921515732705,-0.677629351132671,2.13730469105131,-0.361726809590394,-0.312044925766919,0.179437008334051,0.617536007044189,1.52400104100834,0.683663825335855,-1.57458531122383,-0.818939080459394,-1.63805719655394
"251",2012,"Kisaralik","Kuskokwim","Kuskokwim",8.4946512397147,8.37562102861566,0.22010865699835,0.735444366142971,1.90110995369244,1.02635855439462,1.28723628360689,-1.1078057809258,-0.855110859199874,0.789675236200662,-0.978765699640318,-0.291518639292111,0.568944468120384,0.617536007044189,0.345005375548324,-0.664823473257301,-1.00590018660403,-1.63805719655394,-1.41409983622464,-0.932985521436106
"252",2013,"Kisaralik","Kuskokwim","Kuskokwim",7.6415601750799,7.08769258502843,0.158091478409888,0.899499079379844,0.666952361063042,1.5760910898956,1.45963112202289,-1.11680518479609,-0.372254210955026,1.93087840120066,-0.747945670700197,-1.56594733238193,0.72659778132433,0.345005375548324,-1.13576005715457,-1.27963102672173,-0.652124913365041,-0.932985521436106,1.23283761849668,1.11744614750415
"253",1980,"Kogrukluk","Kuskokwim","Kuskokwim",9.84647840880065,9.08834884483719,0.44892654023947,0.17273628649567,-1.11791027023698,0,-2.01802025249725,0.0171208367860922,1.72855273791902,-0.302185813132671,0.867794531880645,-0.679320509009272,0.528092499956685,-1.19849191138216,-0.618492562201059,-0.614701770764195,0.302415171472375,-0.83396229976218,-1.1941490046521,0.195182298833477
"254",1981,"Kogrukluk","Kuskokwim","Kuskokwim",9.6863500634757,9.80190774310679,0.0496706786327617,0.174841121128324,0.402771662321285,0,-1.77101670670564,-0.423850383929847,1.8071152081044,0.415989796867329,0.0599244305902241,0.929077905902163,-1.06344522234153,-0.618492562201059,0.686886095841352,0.924675077493775,2.60111410971848,0.195182298833477,-1.03042609067156,-1.55693953180353
"255",1982,"Kogrukluk","Kuskokwim","Kuskokwim",9.46747818895728,9.32136115991891,0.049569115525217,0.142180638846825,-0.191306326889031,1.37825539901292,-1.40413179453567,0.0171208367860922,1.66608812508933,-1.067292888466,0.290744459530344,0.0729403052715225,0.986471102299682,0.686886095841352,-1.51768496875814,-1.17257923990426,-1.73342257089667,-1.55693953180353,-1.04119837662049,-0.305042129963421
"256",1983,"Kogrukluk","Kuskokwim","Kuskokwim",9.03832656735617,10.2256205931085,0.318176884486733,0.136278534145138,-0.660522791818418,0.281757550345353,-1.34456479966258,-0.126869774528753,1.49271020071685,-0.049611727132671,1.67566463317107,0.283287096129586,0.735313727911459,-1.51768496875814,-0.407627499826632,-1.58316662957509,-2.06288915143815,-0.305042129963421,0.814335150868103,0.385566441029302
"257",1984,"Kogrukluk","Kuskokwim","Kuskokwim",8.53264686598199,9.16160053009692,0.0487818445880226,0.150051064257138,0.985020665020779,0.820202119821548,-1.48983394715242,-0.126869774528753,1.21241213717676,0.410774907200663,0.406154474000405,1.52146913952132,-1.62674596542113,-0.407627499826632,-0.0569803435047967,0.817792010976287,-0.0291540774608176,0.385566441029302,-0.0405689539936272,-2.06261993421388
"258",1985,"Kogrukluk","Kuskokwim","Kuskokwim",8.38816403769133,10.1069831552782,0.0491091262569037,0.102073611600573,-0.404228084083879,0.258006668136884,-1.27917654971365,-1.12580458866638,1.56858376405733,-0.335565367799338,0.867794531880645,0.369189293897063,0.515632995744214,-0.0569803435047967,-1.26832595684412,0.284680130419547,0.55899465624538,-2.06261993421388,-1.72658609790033,-0.483396351988692
"259",1986,"Kogrukluk","Kuskokwim","Kuskokwim",8.66501452109278,9.63552760044561,0.365435083857416,0.0841752454295445,-0.80509929361739,-0.346118634385869,-1.29574183544293,0.0441190744952505,1.12739071296402,0.533319712200663,0.0599244305902241,1.5107486423683,1.14057549650656,-1.26832595684412,-0.262231099517036,0.473680674871203,-0.431944104856768,-0.483396351988692,-0.237200069471739,-0.234403941574037
"260",1987,"Kogrukluk","Kuskokwim","Kuskokwim",9.40792847009161,9.51111102275874,0.216326343099985,0.0681229280575752,1.46212312095738,-0.168182842848829,-1.11856755022012,-0.333856260632496,0.801156433276907,2.00961041486733,0.0599244305902241,-0.824664798893504,-0.803762924018462,-0.262231099517036,1.38295869297775,0.110017558305603,-1.26010870038437,-0.234403941574037,-1.2561938710382,-0.153907317084956
"261",1988,"Kogrukluk","Kuskokwim","Kuskokwim",8.97912768023168,9.4072520332358,0.0496849196698841,0.080410852002709,1.24262970458985,-0.450256781927279,-1.1231596681299,-0.315857451991981,0.87117365199568,0.183154662867329,-0.517125641760077,-0.817093525396541,-0.487029211669867,1.38295869297775,0.245981406094531,1.98829193454585,0.501878325196875,-0.153907317084956,0.0208933952927073,-1.32956079622388
"262",1989,"Kogrukluk","Kuskokwim","Kuskokwim",9.50968298137545,10.4449671453969,0.195749529640567,0.0575736914256175,0.719525634444487,-0.319203976842451,-1.16353841061299,0.0351196616255506,0.4999523443463,1.90560269420066,-0.286305612819956,-0.543774596683449,1.44681699478149,0.245981406094531,3.09755912512299,0.327694047432682,-0.501170061104076,-1.32956079622388,-0.860128949155166,0.480933038083088
"263",1990,"Kogrukluk","Kuskokwim","Kuskokwim",9.18995314903986,9.67379796926111,0.0481182945778201,0.07002148652798,-0.652636800811201,-0.53505120231723,-0.409177252447506,0.755072676802479,0.00241819546050322,1.41279300086733,1.56025461870101,-1.60992367401315,-0.00701041779994725,3.09755912512299,0.747536231961796,0.62748801449393,-1.49489969753038,0.480933038083088,-0.0312092676148663,-0.87472675709034
"264",1991,"Kogrukluk","Kuskokwim","Kuskokwim",8.90001182168759,10.1478649411865,0.0452085013734301,0.0533285725507121,0.561805814300154,0.268640913441283,0.23967891272426,-0.459848028209116,0.20214769654752,1.76418042220066,-0.978765699640318,-1.01972533984302,0.573995936528945,0.747536231961796,0.813033278473375,-0.640770811378217,-0.815974803718873,-0.87472675709034,0.0593780147209921,-1.43837051597199
"265",1992,"Kogrukluk","Kuskokwim","Kuskokwim",8.86835273205072,9.34026229735429,0.0426707953458752,0.103399128335234,1.3136036236548,-0.840046133157339,0.662912275127818,-0.441849219568601,0.338248854729961,1.29914490420066,-0.401715627290017,-0.45444226309364,-0.246364051355304,0.813033278473375,0.638619617425059,0.96768899450691,0.0835823885389404,-1.43837051597199,0.366641140553483,-0.60446478095019
"266",1993,"Kogrukluk","Kuskokwim","Kuskokwim",9.33900528830796,9.93753736175805,0.0439069904795713,0.0817685760698258,-0.408171079587487,0.768520328259355,0.87285227026053,0.521087951189696,0.328891266140669,-1.330623288466,-0.517125641760077,0.270477042294623,0.907779496747236,0.638619617425059,1.63037532843036,1.33135211107251,-0.258882398047409,-0.60446478095019,1.39937428381432,0.0805498646531282
"267",1994,"Kogrukluk","Kuskokwim","Kuskokwim",9.42209082196126,8.7936936537435,0.0844283224862347,0.0994046294767638,0.0886463538671587,-0.837131324956434,0.379401206566278,-0.927817480334625,0.360307379925145,-0.487292726466005,-0.170895598349896,-0.218167078019603,0.643506854766939,1.63037532843036,-0.924832563254668,1.10976526585333,1.49315774097961,0.0805498646531282,-1.4228961290472,1.42317179425483
"268",1995,"Kogrukluk","Kuskokwim","Kuskokwim",9.90638981414769,9.14892721424382,0.0489301487468215,0.0786650789794068,0.0557880580037557,-0.972404923734779,0.1332784847373,0.431093827892345,0.352492657139844,0.651356856200662,-0.978765699640318,-0.952710605830915,0.310706834695913,-0.924832563254668,-0.235790291992482,-0.743743521803602,-0.54084436776565,1.42317179425483,0.144143544898753,0.443681620690651
"269",1996,"Kogrukluk","Kuskokwim","Kuskokwim",9.45857151283932,9.32185383182756,0.0469641684794166,0.0645276387343261,-0.0191288565648025,-0.690993441065626,-0.26192409142034,0.773071539439472,0.187642788192855,1.97658109686733,-0.517125641760077,-0.79224224154994,-1.03393587025937,-0.235790291992482,0.252690651575083,-1.65615994329435,-0.99743197425399,0.443681620690651,1.47503655990867,0.259704925490878
"270",1997,"Kogrukluk","Kuskokwim","Kuskokwim",9.55791073221896,9.71784716069287,0.0456613483794253,0.0518801644634628,-1.94988232149833,-1.61212961452942,-0.38443950400784,0.935060923397181,-0.677266790381712,-0.790827154799338,0.867794531880645,-0.758805194336962,1.98978907309337,0.252690651575083,-0.779154429588211,-0.0646450138083414,1.09103864183549,0.259704925490878,0.640239042825285,0.581926853974606
"271",1998,"Kogrukluk","Kuskokwim","Kuskokwim",9.00510082985279,9.65246164491208,0.194246822197982,0.0538583907961809,-0.505431635343158,1.75068839231941,-0.105968146962429,0.692076793014169,-1.05818377560981,-0.194070259132671,-0.0554855838798361,-0.717161479176374,-0.949998157670091,-0.779154429588211,-0.26686402017511,0.081341613630179,0.294187798929623,0.581926853974606,-0.571431567098197,0.254768791050479
"272",1999,"Kogrukluk","Kuskokwim","Kuskokwim",8.632853230842,10.0209784732118,0.0492314895955892,0.0477509533776924,-1.34134668210812,-0.934909890968597,-0.116923799409464,-1.12580458866638,-0.106185171401277,0.439467589533995,0.636974502940525,-0.698895370308208,-0.263413899225,-0.26686402017511,-0.502139918611901,-0.621219030917701,-0.297818782229007,0.254768791050479,0.00507342023193647,0.0449430378852629
"273",2000,"Kogrukluk","Kuskokwim","Kuskokwim",8.12030307860732,10.4565209664018,0.0418206349436695,0.0406544345689047,-2.22720633858545,1.23874207921508,0.226912612046073,-0.369853904911765,-0.13581214951335,-0.705744345466004,0.406154474000405,1.68988822530534,-1.08377388710925,-0.502139918611901,0.455350222563867,-0.273197338720513,0.883634797239318,0.0449430378852629,1.59134363786672,-1.17037980207545
"274",2001,"Kogrukluk","Kuskokwim","Kuskokwim",8.93751098167265,10.0082442214551,0.0414318235369776,0.0527142329004275,0.488203231566133,0.276220579522157,0.39519184569733,-1.08980697228529,-0.128795344375502,0.153704484533995,-0.978765699640318,0.607642318341046,-0.744088456474524,0.455350222563867,-0.645453886377131,-1.06699962541747,0.031230510253764,-1.17037980207545,-1.56073484729503,0.81617414121191
"275",2002,"Kogrukluk","Kuskokwim","Kuskokwim",9.1826069452191,9.9367556382474,0.0360171530106823,0.0632014767858525,0.243737510342419,1.04013764770799,0.358632698087328,-0.94581628897514,-0.315433857052252,0.742252827200662,-0.978765699640318,0.810007245033452,-0.181771337479909,-0.645453886377131,-0.589789736630115,-0.0959278625451672,-0.243683487088576,0.81617414121191,1.88927377637547,0.552883701690891
"276",2003,"Kogrukluk","Kuskokwim","Kuskokwim",9.41128270050625,9.82614922192073,0.0359003142565925,0.0783821299373479,-0.0191288565648025,-0.734980546642914,0.34284973139699,-1.12580458866638,0.251120119348879,0.914348523200662,-0.170895598349896,1.48946709276912,-0.0765213360379411,-0.589789736630115,0.16005529972279,-1.7135118326452,-0.0393794362100929,0.552883701690891,0.017020508828994,0.135744060943189
"277",2004,"Kogrukluk","Kuskokwim","Kuskokwim",9.84760095288896,9.85776270901372,0.0333587906053681,0.0697126113229317,0.622265078688813,-0.846140732122867,0.15124071034945,-0.270860376844186,-0.472618991584508,-0.311288038799338,1.44484460423095,-0.0724546254238464,-1.39493358974678,0.16005529972279,-0.512708138867873,-1.57925627348299,0.770824157712031,0.135744060943189,0.310571079616536,1.3461283351849
"278",2005,"Kogrukluk","Kuskokwim","Kuskokwim",10.0580057502084,9.3306279921443,0.0341546324277888,0.0762436831237667,0.758955589480569,-1.121271254463,-0.0736804633396484,0.404095588383304,-0.448089008595094,-2.12774729713267,-0.863355685170257,0.553257666314645,-0.98868819706671,-0.512708138867873,-0.301881437436552,-0.178045340479335,-0.0347915946036053,1.3461283351849,1.62837942896116,0.348395210577207
"279",2006,"Kogrukluk","Kuskokwim","Kuskokwim",9.80414037962761,9.61170748084442,0.0345180107776985,0.0695763388819958,1.59355630441099,-1.08515500459704,0.394201158437261,1.8440016151374,-0.773056322951777,1.04211942386733,0.290744459530344,-0.0577698867662617,2.54161385210775,-0.301881437436552,-0.980316588487772,-0.0907140544223629,-0.0174306821500119,0.348395210577207,0.983961077744046,1.80538749896399
"280",2007,"Kogrukluk","Kuskokwim","Kuskokwim",9.34039594144363,9.55550774011273,0.0452101724285538,0.0712669518698983,-0.00335687455036866,-0.754324273794372,0.22159263918665,2.08698574552041,-1.72388566710767,-1.12853920413267,-0.170895598349896,-0.461170117601592,-0.533916314295961,-0.980316588487772,1.24001710011868,0.323783691340579,-1.03028600151173,1.80538749896399,0.989413514829532,-0.302203669203574
"281",2008,"Kogrukluk","Kuskokwim","Kuskokwim",9.17545166908074,8.04743600034443,0.0357302509473871,0.10937960069298,2.22443558498832,-0.842695958794525,0.244546513241457,1.92499646775577,-0.940204655426023,0.910072247867329,0.752384517410585,-0.591983298022401,-0.79982834374084,1.24001710011868,1.85546221128024,-0.133727971435498,-0.900605678384308,-0.302203669203574,-1.62025179618671,0.437147802115946
"282",2009,"Kogrukluk","Kuskokwim","Kuskokwim",9.13869023655205,8.17226513373511,0.0360297828685261,0.0914462879565788,0.702439320595515,-1.79348251637991,0.450328683955679,0.440093231762632,-0.397059713216582,-0.441855231466004,0.0599244305902241,-0.904360594123963,-0.40669821865284,1.85546221128024,-0.418624244926326,0.726550368827211,-0.601307043243083,0.437147802115946,0.312938773487581,0.25735437762554
"283",2010,"Kogrukluk","Kuskokwim","Kuskokwim",8.64276305536792,8.63109752171299,0.0365815020093839,0.0778648280446207,-0.674980441998316,-1.38975246159157,0.776374563356984,2.80693873189922,-1.48639045910408,0.035055438867329,0.521564488470465,-0.768288443051452,0.433006809914146,-0.418624244926326,0.792377827691336,-0.619915578887,-0.563566458581714,0.25735437762554,-0.120409415430927,-1.27900159779147
"284",2011,"Kogrukluk","Kuskokwim","Kuskokwim",8.80671704968024,9.51272338189012,0.0386253036816068,0.0682218246485289,1.22948638624449,0.400999704018723,0.869724828731911,1.3940309716524,-1.51921515732705,-0.677629351132671,2.13730469105131,0.513276840876419,-0.903766860392457,0.792377827691336,0.748454366201956,1.9270296891029,1.04325961291357,-1.27900159779147,-0.753838683487769,-1.56489745089008
"285",2012,"Kogrukluk","Kuskokwim","Kuskokwim",8.91356882676263,9.44134720072831,0.0606194592471819,0.184440119835873,1.90110995369244,1.02635855439462,1.28723628360689,-1.1078057809258,-0.855110859199874,0.789675236200662,-0.978765699640318,-0.18140116800837,0.905812206608425,0.748454366201956,0.273435670260678,-0.917102641886845,-0.915750491232144,-1.56489745089008,-1.32874939550018,-0.670011592570346
"286",2013,"Kogrukluk","Kuskokwim","Kuskokwim",7.60262156513839,9.41245744255936,0.0411057116925514,0.266375227979056,0.666952361063042,1.5760910898956,1.45963112202289,-1.11680518479609,-0.372254210955026,1.93087840120066,-0.747945670700197,-1.4805574819343,1.22287390556896,0.273435670260678,-1.30794602035254,-0.391811473514311,-0.194367353505673,-0.670011592570346,1.22812735083286,0.772492315295215
"287",1992,"Kwethluk","Kuskokwim","Kuskokwim",9.17904164115132,9.04302672871537,0.0496069515230703,0.643352609584987,1.3136036236548,-0.840046133157339,0.662912275127818,-0.441849219568601,0.338248854729961,1.29914490420066,-0.401715627290017,0.0263066137011995,-0.920921218587671,0.66333223916803,-0.14875030420127,1.75636132400344,-0.170303107061563,-1.43399153169332,0.341007333761717,0.552648394408168
"288",1993,"Kwethluk","Kuskokwim","Kuskokwim",9.88609148330736,10.9397176585167,0.27254110571268,0.284325157141735,-0.408171079587487,0.768520328259355,0.87285227026053,0.521087951189696,0.328891266140669,-1.330623288466,-0.517125641760077,1.58868057036834,0.655134018012854,-0.14875030420127,0.549849732235282,1.67779110703255,-0.00105107382688507,0.552648394408168,1.41011637139897,-0.964005338953178
"289",1994,"Kwethluk","Kuskokwim","Kuskokwim",10.1542459996121,8.57657477497644,0.297346891651101,0.137047339796788,0.0886463538671587,-0.837131324956434,0.379401206566278,-0.927817480334625,0.360307379925145,-0.487292726466005,-0.170895598349896,0.1249790831979,0.363971228401282,0.549849732235282,-0.910764184336777,0.998158869914672,1.04700978301075,-0.964005338953178,-1.51156269423008,1.3943986173721
"290",1995,"Kwethluk","Kuskokwim","Kuskokwim",10.4830994801209,9.30690776991279,0.369548520654058,0.114222905950142,0.0557880580037557,-0.972404923734779,0.1332784847373,0.431093827892345,0.352492657139844,0.651356856200662,-0.978765699640318,-1.09393067445268,-0.0813438345617705,-0.910764184336777,-0.527748669283726,-0.312654389563512,-0.946346783472765,1.3943986173721,0.11067271932691,-0.928880066853665
"291",1996,"Kwethluk","Kuskokwim","Kuskokwim",9.76005590955648,9.06065239710504,0.377967754326384,0.0736774142097994,-0.0191288565648025,-0.690993441065626,-0.26192409142034,0.773071539439472,0.187642788192855,1.97658109686733,-0.517125641760077,-0.57602863451544,-0.948248784165549,-0.527748669283726,0.16994037509356,-1.17125226057326,-1.12000333075093,-0.928880066853665,1.4884436950726,0.223260900327135
"292",1997,"Kwethluk","Kuskokwim","Kuskokwim",10.0159453163153,9.31798322630097,0.301880138528194,0.056949462536642,-1.94988232149833,-1.61212961452942,-0.38443950400784,0.935060923397181,-0.677266790381712,-0.790827154799338,0.867794531880645,-1.0335651639212,-0.728386176969176,0.16994037509356,-0.83732849880347,-0.064721704899793,-0.128305572445048,0.223260900327135,0.624242157690961,0.285257557459347
"293",1998,"Kwethluk","Kuskokwim","Kuskokwim",9.65247602094596,10.1235052602715,0.330994049507277,0.0417360819988333,-0.505431635343158,1.75068839231941,-0.105968146962429,0.692076793014169,-1.05818377560981,-0.194070259132671,-0.0554855838798361,-0.834889806315576,-0.587773271453532,-0.83732849880347,-0.51600085577854,-0.54792853927081,-0.00655840859821231,0.285257557459347,-0.437884856291381,0.365974732159448
"294",1999,"Kwethluk","Kuskokwim","Kuskokwim",9.44470743184468,10.3237293289077,0.275145993608266,0.0525096716462813,-1.34134668210812,-0.934909890968597,-0.116923799409464,-1.12580458866638,-0.106185171401277,0.439467589533995,0.636974502940525,-0.0576637977670055,-0.985762158229917,-0.51600085577854,-0.702760212928238,-0.441858746360099,-0.0414709774086229,0.365974732159448,-0.0332958635706773,0.206266428728755
"295",2000,"Kwethluk","Kuskokwim","Kuskokwim",8.07245597052002,11.0020357131812,0.0466985223280664,0.0451669673550789,-2.22720633858545,1.23874207921508,0.226912612046073,-0.369853904911765,-0.13581214951335,-0.705744345466004,0.406154474000405,2.44207549323956,-0.706275612594156,-0.702760212928238,-0.129174757321026,0.152219254500576,1.61373426726544,0.206266428728755,1.60884744990273,-1.29895527005594
"296",2001,"Kwethluk","Kuskokwim","Kuskokwim",8.8901021127979,9.80939448043388,0.073318636615407,0.0597785764748722,0.488203231566133,0.276220579522157,0.39519184569733,-1.08980697228529,-0.128795344375502,0.153704484533995,-0.978765699640318,-0.330987859486079,0.130072070546895,-0.129174757321026,-0.798994965050619,-0.843876356527855,-0.13952079765903,-1.29895527005594,-1.65425649695805,1.34623278559553
"297",2002,"Kwethluk","Kuskokwim","Kuskokwim",9.09030398403722,9.9224426086169,0.0374885746033715,0.0518397163500495,0.243737510342419,1.04013764770799,0.358632698087328,-0.94581628897514,-0.315433857052252,0.742252827200662,-0.978765699640318,-0.0854050499218304,-0.149787004462824,-0.798994965050619,-0.750597057400629,-0.342336471530296,-0.148088889540683,1.34623278559553,1.9172715628914,0.864329580100267
"298",2003,"Kwethluk","Kuskokwim","Kuskokwim",9.55257404929444,10.0010714186554,0.0363918800242552,0.0613245331071911,-0.0191288565648025,-0.734980546642914,0.34284973139699,-1.12580458866638,0.251120119348879,0.914348523200662,-0.170895598349896,0.474072205289578,-0.193759621300145,-0.750597057400629,-0.261148060802718,-2.00235055564319,0.240779937469688,0.864329580100267,-0.0209279634254011,1.32251829646981
"299",2004,"Kwethluk","Kuskokwim","Kuskokwim",10.2982291341719,8.85381754278351,0.0353502908091582,0.0714649401441802,0.622265078688813,-0.846140732122867,0.15124071034945,-0.270860376844186,-0.472618991584508,-0.311288038799338,1.44484460423095,0.551998783553082,-0.826020036308131,-0.261148060802718,-0.211885793838946,0.417175625855042,0.563560866628612,1.32251829646981,0.28296232060441,0.309847800131719
"300",2005,"Kwethluk","Kuskokwim","Kuskokwim",10.3938627342361,8.90891521957295,0.0431787566152655,0.0598245110957715,0.758955589480569,-1.121271254463,-0.0736804633396484,0.404095588383304,-0.448089008595094,-2.12774729713267,-0.863355685170257,-0.0669309621701525,0.144356974120881,-0.211885793838946,-0.114638964621156,-0.616022727312254,-0.102264945441242,0.309847800131719,1.64718775033126,-0.0684461354019871
"301",2006,"Kwethluk","Kuskokwim","Kuskokwim",9.9600961173414,8.27216108970271,0.0340189570911992,0.077698984844494,1.59355630441099,-1.08515500459704,0.394201158437261,1.8440016151374,-0.773056322951777,1.04211942386733,0.290744459530344,0.0837864492374763,2.70358368923508,-0.114638964621156,-0.687540922677406,-0.477651845202396,0.805185787366645,-0.0684461354019871,0.980071092169055,1.14080156169765
"302",2007,"Kwethluk","Kuskokwim","Kuskokwim",9.36220631156287,8.87484314504031,0.0335403916384881,0.0816593334277006,-0.00335687455036866,-0.754324273794372,0.22159263918665,2.08698574552041,-1.72388566710767,-1.12853920413267,-0.170895598349896,-0.198483648728989,0.186838837475391,-0.687540922677406,1.15196198781227,0.0708118495348117,-0.358681521476372,1.14080156169765,0.985715580102149,-0.457205954562225
"303",2008,"Kwethluk","Kuskokwim","Kuskokwim",9.00404700042334,7.93882012942105,0.0324329729242756,0.0867983744937739,2.22443558498832,-0.842695958794525,0.244546513241457,1.92499646775577,-0.940204655426023,0.910072247867329,0.752384517410585,-0.713091267440898,-1.28388105544313,1.15196198781227,0.853526376921621,-1.02633386038249,-1.01570989992976,-0.457205954562225,-1.71586980758714,-0.0714110071992201
"304",2009,"Kwethluk","Kuskokwim","Kuskokwim",8.76475512283706,8.04442809389783,0.0330670969874406,0.0692753703016789,0.702439320595515,-1.79348251637991,0.450328683955679,0.440093231762632,-0.397059713216582,-0.441855231466004,0.0599244305902241,-0.815145288575003,0.156405906467395,0.853526376921621,-0.243751698989071,0.517570903095633,-0.631697551680711,-0.0714110071992201,0.285413411607358,-0.97733328604862
"305",2010,"Kwethluk","Kuskokwim","Kuskokwim",7.74296269093529,8.58550420828499,0.0362160714087074,0.0610829319403838,-0.674980441998316,-1.38975246159157,0.776374563356984,2.80693873189922,-1.48639045910408,0.035055438867329,0.521564488470465,-0.725400581778695,0.802206007304706,-0.243751698989071,0.0819635290022571,0.327693018429684,-0.913082292136536,-0.97733328604862,-0.163198573240599,-1.57458531122383
"306",2011,"Kwethluk","Kuskokwim","Kuskokwim",8.0205863222881,9.34429666328754,0.0402040986537393,0.074036525898923,1.22948638624449,0.400999704018723,0.869724828731911,1.3940309716524,-1.51921515732705,-0.677629351132671,2.13730469105131,-0.16919650901502,-1.26301273263821,0.0819635290022571,0.740570646664989,1.78386103962364,0.687752637180866,-1.57458531122383,-0.818939080459394,-1.63805719655394
"307",2012,"Kwethluk","Kuskokwim","Kuskokwim",8.11852967342811,9.40968345043445,0.0672102939826335,0.192636567741625,1.90110995369244,1.02635855439462,1.28723628360689,-1.1078057809258,-0.855110859199874,0.789675236200662,-0.978765699640318,-0.39902305157032,0.791274981073555,0.740570646664989,0.330117859343888,-0.921573571087965,-0.962526236693493,-1.63805719655394,-1.41409983622464,-0.932985521436106
"308",2013,"Kwethluk","Kuskokwim","Kuskokwim",7.1690415465475,9.21603176863235,0.056831109215185,0.27106708192294,0.666952361063042,1.5760910898956,1.45963112202289,-1.11680518479609,-0.372254210955026,1.93087840120066,-0.747945670700197,-1.48743012511864,1.52613806270413,0.330117859343888,-0.955467982728712,-1.34541624152541,-0.761637332261738,-0.932985521436106,1.23283761849668,1.11744614750415
"309",1985,"LwrMain","Yukon (CA)","Yukon",8.33774884362567,10.4456080624437,0.176205220511459,0.145559603884783,0.0488220063584715,0.258006668136884,-1.27917654971365,-1.12580458866638,0.503640325437147,-0.335565367799338,0.736646271462287,-0.102988988859469,0.150511590448523,0.0738759071963737,-0.171774362554979,0.146673940207498,-1.27508878102591,-0.833012809695323,-0.49963022099787,-0.554607685147762
"310",1986,"LwrMain","Yukon (CA)","Yukon",8.92234347094247,9.36232888289526,0.135405305046028,0.445820153479352,-0.291208908514641,-0.346118634385869,-1.29574183544293,0.0441190744952505,0.223767349258781,0.533319712200663,-0.851150873243988,-1.14475004323079,1.93494853598343,-0.171774362554979,0.360470766311841,-0.303169796053891,-0.502320924946368,-0.554607685147762,-0.721003147891233,-1.83951174632346
"311",1987,"LwrMain","Yukon (CA)","Yukon",8.36136447680137,9.82673604224206,0.144560887800427,0.579774943856951,1.27449466634752,-0.168182842848829,-1.11856755022012,-0.333856260632496,2.13326745795133,2.00961041486733,-1.24810015942056,-0.600504897487343,-0.0328718927257552,0.360470766311841,0.769647006316597,1.23297780986928,-0.371292837595438,-1.83951174632346,-0.431158900133424,-0.332362657722618
"312",1988,"LwrMain","Yukon (CA)","Yukon",7.9233723809925,11.0661502128597,0.178848655975449,0.179338839234692,0.683777694335811,-0.450256781927279,-1.1231596681299,-0.315857451991981,1.22934600213327,0.183154662867329,-1.04962551633227,-1.10092418107696,0.60921556779296,0.769647006316597,0.257610607023245,-1.07713674839881,-1.33576357103241,-0.332362657722618,-0.266156538013572,2.62829216195862
"313",1989,"LwrMain","Yukon (CA)","Yukon",7.40579588569466,9.43835942592896,0.283430543855177,0.575117254367341,2.25295097241096,-0.319203976842451,-1.16353841061299,0.0351196616255506,2.07711734333032,1.90560269420066,-0.851150873243988,-0.48878451118562,-1.0775996365932,0.257610607023245,0.762048215522357,0.37650676615764,-0.307323567769492,2.62829216195862,0.566647809719603,0.44512189326885
"314",1990,"LwrMain","Yukon (CA)","Yukon",7.81046283860559,9.77090767122443,0.2205969667469,0.415421932615479,-0.481175159425894,-0.53505120231723,-0.409177252447506,0.755072676802479,0.605303194768709,1.41279300086733,0.538171628374003,0.231476805270307,-0.471091044326663,0.762048215522357,2.03065505699213,-0.191199957770488,-0.49269247099359,0.44512189326885,1.59479609838847,-0.907824390145041
"315",1991,"LwrMain","Yukon (CA)","Yukon",9.37021774862463,10.5627033062856,0.108802443357003,0.133884383414095,0.101734980356583,0.268640913441283,0.23967891272426,-0.459848028209116,0.519564766012831,1.76418042220066,-1.24810015942056,-0.715599175080554,0.709777656324143,2.03065505699213,1.05684643624675,-0.32477801045946,-0.460229345977469,-0.907824390145041,2.14465804344566,-1.1730265525946
"316",1992,"LwrMain","Yukon (CA)","Yukon",8.80061387142562,7.15724711637897,0.161625204429839,0.654166247882344,0.0427500257357361,-0.840046133157339,0.662912275127818,-0.441849219568601,-1.06189275548094,1.29914490420066,-0.851150873243988,-0.485702110202768,-0.205865989569272,1.05684643624675,0.828275704809902,0.106404086088029,-0.820656733943799,-1.1730265525946,-0.7511667167908,-0.0589782873044965
"317",1993,"LwrMain","Yukon (CA)","Yukon",9.25082192475582,9.77957068826542,0.11016272230098,0.227516102530694,0.348951334282187,0.768520328259355,0.87285227026053,0.521087951189696,-0.821515927688113,-1.330623288466,-0.652676230155703,-1.06776158700061,-0.147841896708608,0.828275704809902,-0.129112386967102,-0.687206697534684,-0.707934966265549,-0.0589782873044965,-0.314242202270647,0.742756318286907
"318",1994,"LwrMain","Yukon (CA)","Yukon",9.50867214377419,9.67548844997105,0.10551057878059,0.192799932018954,-1.11786569900973,-0.837131324956434,0.379401206566278,-0.927817480334625,0.891616251382732,-0.487292726466005,0.339696985285719,-0.771215761076488,-1.2077617908482,-0.129112386967102,-1.46010949248701,0.18203283650752,-0.599685385416156,0.742756318286907,-0.785334620428343,0.338410108943807
"319",1995,"LwrMain","Yukon (CA)","Yukon",9.16345832912453,8.59457920990103,0.141125585540699,0.538355630446744,-0.0535342384247613,-0.972404923734779,0.1332784847373,0.431093827892345,1.664572406684,0.651356856200662,-0.255726943979134,-0.735681189594591,-0.295254456949213,-1.46010949248701,0.822883524639663,-0.063515054464854,-0.558931503324784,0.338410108943807,0.565697305928207,-0.924884532386089
"320",1996,"LwrMain","Yukon (CA)","Yukon",9.24099375338517,9.20564297165128,0.108509664247033,0.378024636791203,-1.5316278071589,-0.690993441065626,-0.26192409142034,0.773071539439472,0.837133129229039,1.97658109686733,-0.255726943979134,-0.673231830054872,-0.759055207881781,0.822883524639663,-0.157068184455744,1.01886004894137,0.157482380793162,-0.924884532386089,-0.0808782172912132,0.511984988053936
"321",1997,"LwrMain","Yukon (CA)","Yukon",9.32852633498905,10.2901042046674,0.0947484573878122,0.17262935597486,-1.98702635386396,-1.61212961452942,-0.38443950400784,0.935060923397181,0.225062571446368,-0.790827154799338,0.538171628374003,-0.725813485638755,0.313410373336771,-0.157068184455744,-1.69569635132795,-1.35215038628787,-0.680515067025252,0.511984988053936,-0.223147352827953,-0.26847126618344
"322",1998,"LwrMain","Yukon (CA)","Yukon",7.93796114027259,10.2755099762579,0.16068536169685,0.17052858353275,-0.154155631601498,1.75068839231941,-0.105968146962429,0.692076793014169,-0.535231890615293,-0.194070259132671,-0.0572523008908502,0.766698114405733,-1.34831339416271,-1.69569635132795,1.44704501835362,-1.24018054800447,-0.711261939772543,-0.26847126618344,0.173458175758969,0.0736303825134185
"323",1999,"LwrMain","Yukon (CA)","Yukon",8.58527764543683,9.24202416560456,0.122014922113287,0.372562659944768,-0.091700973767662,-0.934909890968597,-0.116923799409464,-1.12580458866638,0.356816740746888,0.439467589533995,0.538171628374003,-0.611492564560279,-0.689073447235643,1.44704501835362,-0.413527601451988,1.72309140025014,0.0120682366846718,0.0736303825134185,1.10884559844027,-0.979099555804506
"324",2000,"LwrMain","Yukon (CA)","Yukon",8.79438763809993,10.3848524939952,0.107575105014651,0.108154878802553,-0.227019399074309,1.23874207921508,0.226912612046073,-0.369853904911765,-0.850920666693149,-0.705744345466004,1.33207020072714,-1.36072833803213,-0.267026519881863,-0.413527601451988,-0.0981714627339592,0.78608064829956,-0.585942692167457,-0.979099555804506,-1.32257000241835,0.0522573285116012
"325",2001,"LwrMain","Yukon (CA)","Yukon",9.00321425875653,9.59554675081061,0.174325542578789,0.257082976547309,0.0635682450136825,0.276220579522157,0.39519184569733,-1.08980697228529,0.194985907497199,0.153704484533995,-0.851150873243988,-0.273835685395622,0.260090936653999,-0.0981714627339592,-0.212398346145867,0.304806781993707,-0.19630075038513,0.0522573285116012,-1.33310735337064,0.0596002550423699
"326",2002,"LwrMain","Yukon (CA)","Yukon",8.97397806356561,8.41730628674772,0.113970309781028,0.248063661637639,-0.0717501802929644,1.04013764770799,0.358632698087328,-0.94581628897514,-0.660071922216195,0.742252827200662,-0.255726943979134,2.55352161245079,0.459058750239415,-0.212398346145867,2.27774447736147,-0.291383497287217,-0.0346991797824863,0.0596002550423699,-1.70170925452538,-1.41567114236596
"327",2003,"LwrMain","Yukon (CA)","Yukon",9.64089708258199,9.44628013612138,0.0960055380715927,0.119137868967528,-0.678948242566377,-0.734980546642914,0.34284973139699,-1.12580458866638,0.890226185095998,0.914348523200662,-1.24810015942056,-0.143845577031983,0.48101381240291,2.27774447736147,2.2617295051836,-2.07307899418276,-1.06821822995423,-1.41567114236596,-0.0513462129258699,-0.189540726513501
"328",2004,"LwrMain","Yukon (CA)","Yukon",9.32712431455965,8.59427907658747,0.10238530830228,0.203670091254957,0.580554023749331,-0.846140732122867,0.15124071034945,-0.270860376844186,1.17028788523134,-0.311288038799338,1.13359555763886,-0.0063234686981031,1.34667054913497,2.2617295051836,0.97867226969955,-0.720601210706927,0.112850149309343,-0.189540726513501,1.82170148489077,0.456917828501868
"329",2005,"LwrMain","Yukon (CA)","Yukon",9.35763440085297,8.9828784226596,0.108949472519614,0.177166933543799,0.957016822358847,-1.121271254463,-0.0736804633396484,0.404095588383304,0.356061510862617,-2.12774729713267,-0.255726943979134,-0.728053175282141,-1.0121265047842,0.97867226969955,-0.764198347385816,-1.04963538460991,-0.82153406981813,0.456917828501868,-0.0283926358280244,0.827839122050025
"330",2006,"LwrMain","Yukon (CA)","Yukon",9.56437799725634,9.0565570147152,0.0298302482656968,0.347866384312604,0.949209990129617,-1.08515500459704,0.394201158437261,1.8440016151374,0.0259280106178231,1.04211942386733,-0.255726943979134,0.508730273631654,-0.995464180820837,-0.764198347385816,-0.333367250361378,0.160424622101951,0.745507112513846,0.827839122050025,-1.01561778626729,0.420937150037057
"331",2007,"LwrMain","Yukon (CA)","Yukon",8.3882455717844,9.54174252644061,0.19618493264656,0.396988311787075,-0.195792070157389,-0.754324273794372,0.22159263918665,2.08698574552041,-1.46219568097235,-1.12853920413267,-0.255726943979134,1.03342157270255,-0.282120687848015,-0.333367250361378,-0.152187438429843,1.41173667449717,0.834452848431551,0.420937150037057,1.46317996093852,0.0412714505409509
"332",2008,"LwrMain","Yukon (CA)","Yukon",8.45542109408188,7.51370568748484,0.0779346448273883,0.396723666282026,2.09507947621987,-0.842695958794525,0.244546513241457,1.92499646775577,-0.120712933158191,0.910072247867329,-1.24810015942056,1.69761014878665,-0.0777622164852203,-0.152187438429843,-0.725109600804595,-0.974988825754307,-0.00977474813062157,0.0412714505409509,0.1063715828396,0.577806027725547
"333",2009,"LwrMain","Yukon (CA)","Yukon",8.88459021085627,9.46238425699436,0.0991170956364213,0.117058500129457,-0.169769296059958,-1.79348251637991,0.450328683955679,0.440093231762632,0.0700551536148946,-0.441855231466004,0.339696985285719,1.65806142094501,-0.395228526186909,-0.725109600804595,-1.53647180200586,0.207569817168647,2.04974897243725,0.577806027725547,0.482663548935651,-0.0335755051148624
"334",2010,"LwrMain","Yukon (CA)","Yukon",8.16403127366543,8.64464569786066,0.115629022398418,0.209237547857919,0.122553199634528,-1.38975246159157,0.776374563356984,2.80693873189922,-1.06848763504286,0.035055438867329,-0.851150873243988,1.87091804679821,-0.663197838257239,-1.53647180200586,-1.35818856031973,0.632858764332799,2.65926676444146,-0.0335755051148624,-0.163445031027103,-0.393977100473207
"335",2011,"LwrMain","Yukon (CA)","Yukon",8.63109377751416,9.9125738701799,0.146323064193363,0.0883207602677723,0.656020068631884,0.400999704018723,0.869724828731911,1.3940309716524,-0.957061749944225,-0.677629351132671,1.92749412999199,-0.0984544122289884,-0.114517374239373,-1.35818856031973,-0.784521740767836,-0.0340493075481691,0.613496679599615,-0.393977100473207,-0.80312474218027,0.351544441487621
"336",2012,"LwrMain","Yukon (CA)","Yukon",8.84753763768631,9.47622130264651,0.04568154328923,0.122819538358611,0.684645120139059,1.02635855439462,1.28723628360689,-1.1078057809258,-0.11427724685083,0.789675236200662,-0.652676230155703,0.587615573490277,-0.960767341508886,-0.784521740767836,0.307801772896456,-0.564432752048497,0.0177915433189033,0.351544441487621,-0.739586956085237,-0.277916146596685
"337",2013,"LwrMain","Yukon (CA)","Yukon",8.9792777407173,9.49811296548995,0.301935156644336,0.148738587942601,1.04722910589661,1.5760910898956,1.45963112202289,-1.11680518479609,-0.680329879207793,1.93087840120066,-0.255726943979134,1.59260933536438,0.826021932114964,0.307801772896456,-0.797851044366804,-0.163698593981583,2.05002547843214,-0.277916146596685,0.856696178866829,-0.0821064467869942
"338",2014,"LwrMain","Yukon (CA)","Yukon",9.00094796902721,9.35192535731716,0.116697231087009,0.41437151065535,3.02322508569495,0.909103769949138,1.50121983002607,-1.12580458866638,-1.03651368927032,1.79354898186733,-2.43894801795026,0.745932335925164,0.191089312711588,-0.797851044366804,0.818436161307638,0.449188941885463,2.4914453525787,-0.0821064467869942,-0.138615288640166,0.0314036532508813
"339",2015,"LwrMain","Yukon (CA)","Yukon",9.37384778274426,9.20485973370559,0.0467830964610658,0.87115788612061,0.498148572440796,1.63648090735669,1.48911303731073,-0.432849815698314,-0.544410373113804,0.151237209867329,-0.454201587067419,1.05613645633462,0.664887332564677,0.818436161307638,-0.518763272716611,1.44807776236108,1.38879259282649,0.0314036532508813,0.8473320405069,1.3560655930295
"340",1985,"MidMain","Yukon (CA)","Yukon",9.0634271289791,9.91492639465912,0.126548468750942,0.268161669423498,0.0488220063584715,0.258006668136884,-1.27917654971365,-1.12580458866638,0.503640325437147,-0.335565367799338,0.736646271462287,1.11255940513631,0.559685748168214,0.27611006547526,0.380727915890008,1.020125632247,-0.0966727138125095,-0.293569935707643,-0.394040508533918,-0.0793919647213658
"341",1986,"MidMain","Yukon (CA)","Yukon",9.43701426776676,10.6972311653907,0.101936411412068,0.191040527481266,-0.291208908514641,-0.346118634385869,-1.29574183544293,0.0441190744952505,0.223767349258781,0.533319712200663,-0.851150873243988,-0.820046362640085,1.35083476572944,0.380727915890008,-0.319472067723966,0.332458009253346,-0.0221782678577158,-0.0793919647213658,-1.09325093437648,-0.161212518590232
"342",1987,"MidMain","Yukon (CA)","Yukon",8.92739110400549,9.59589394412273,0.127128473020976,0.451172965218313,1.27449466634752,-0.168182842848829,-1.11856755022012,-0.333856260632496,2.13326745795133,2.00961041486733,-1.24810015942056,0.199229459683435,0.662596809446495,-0.319472067723966,0.175049764290405,1.72980680371139,1.7052792415914,-0.161212518590232,-0.631574099087573,-1.02777434670676
"343",1988,"MidMain","Yukon (CA)","Yukon",8.50028683226673,9.95737660305341,0.136704566717302,0.363494681451307,0.683777694335811,-0.450256781927279,-1.1231596681299,-0.315857451991981,1.22934600213327,0.183154662867329,-1.04962551633227,0.101065554664643,2.91026324111885,0.175049764290405,0.880579026345302,-0.500216850672314,-0.84993072617588,-1.02777434670676,-0.328544028262953,-0.844137058467942
"344",1989,"MidMain","Yukon (CA)","Yukon",7.31471118000417,11.1477595481095,0.307343135532201,0.141602689301971,2.25295097241096,-0.319203976842451,-1.16353841061299,0.0351196616255506,2.07711734333032,1.90560269420066,-0.851150873243988,-0.693825424174646,-0.877303442877979,0.880579026345302,2.07398600868041,0.149118529174963,0.248675753805551,-0.844137058467942,0.807811060148708,-0.380834458354325
"345",1990,"MidMain","Yukon (CA)","Yukon",7.44485383098248,8.77550880855146,0.260032665164759,0.656348504656854,-0.481175159425894,-0.53505120231723,-0.409177252447506,0.755072676802479,0.605303194768709,1.41279300086733,0.538171628374003,0.832050370206299,-0.178054585174698,2.07398600868041,2.77603252195055,0.148542695702408,1.93788315793312,-0.380834458354325,1.42598792969114,-1.31356578375251
"346",1991,"MidMain","Yukon (CA)","Yukon",9.25876168410756,11.3111181832099,0.135376538507442,0.0943437933317644,0.101734980356583,0.268640913441283,0.23967891272426,-0.459848028209116,0.519564766012831,1.76418042220066,-1.24810015942056,0.788929357823443,0.14573614639045,2.77603252195055,0.704153401006104,1.06120926178643,-0.633054636206544,-1.31356578375251,2.02415445214996,-0.963828677632136
"347",1992,"MidMain","Yukon (CA)","Yukon",9.44082263107144,7.12524024942508,0.152314203972025,0.60781180677298,0.0427500257357361,-0.840046133157339,0.662912275127818,-0.441849219568601,-1.06189275548094,1.29914490420066,-0.851150873243988,-0.169778487997871,1.52889382882158,0.704153401006104,0.100126413007537,1.14286375876882,0.383481052726588,-0.963828677632136,-1.12606432922184,-0.421355161560203
"348",1993,"MidMain","Yukon (CA)","Yukon",8.88136232337315,9.37694884588606,0.123408418959951,0.304911375359196,0.348951334282187,0.768520328259355,0.87285227026053,0.521087951189696,-0.821515927688113,-1.330623288466,-0.652676230155703,-0.4279851238356,0.445058174670738,0.100126413007537,0.91186956539224,0.289199236347814,-0.800099302629957,-0.421355161560203,0.748268464380317,-0.0845699008326199
"349",1994,"MidMain","Yukon (CA)","Yukon",9.16053844809028,9.54773767894788,0.120669217726745,0.321644238453927,-1.11786569900973,-0.837131324956434,0.379401206566278,-0.927817480334625,0.891616251382732,-0.487292726466005,0.339696985285719,-0.042762980280565,0.0335551721801791,0.91186956539224,0.348484135983133,-1.43553689396168,-0.854367258514364,-0.0845699008326199,0.252513052440391,2.14525396169115
"350",1995,"MidMain","Yukon (CA)","Yukon",9.94008253032698,10.5873123591488,0.0956607897556035,0.212249025859274,-0.0535342384247613,-0.972404923734779,0.1332784847373,0.431093827892345,1.664572406684,0.651356856200662,-0.255726943979134,0.108444845716645,-1.51349755836575,0.348484135983133,0.40295396846873,-0.902220286534175,-1.01816239814248,2.14525396169115,0.306484295213395,-0.261168218979585
"351",1996,"MidMain","Yukon (CA)","Yukon",9.6687378762205,10.9551261352153,0.0813421162456814,0.113397976869506,-1.5316278071589,-0.690993441065626,-0.26192409142034,0.773071539439472,0.837133129229039,1.97658109686733,-0.255726943979134,-1.32769594848552,-0.579769684731544,0.40295396846873,0.608041928045661,-0.475451915808536,-0.424813279949159,-0.261168218979585,-0.367650222277641,-0.125814790993692
"352",1997,"MidMain","Yukon (CA)","Yukon",10.0060754755781,9.22567247189122,0.0919734254093506,0.414212465615211,-1.98702635386396,-1.61212961452942,-0.38443950400784,0.935060923397181,0.225062571446368,-0.790827154799338,0.538171628374003,-0.941018953287249,-0.25419098418952,0.608041928045661,-1.5066773485426,-1.57990481649066,-2.10002894182833,-0.125814790993692,-0.551659227047107,1.67205011224885
"353",1998,"MidMain","Yukon (CA)","Yukon",7.85378114685188,10.472800321727,0.143479497756326,0.13743529908992,-0.154155631601498,1.75068839231941,-0.105968146962429,0.692076793014169,-0.535231890615293,-0.194070259132671,-0.0572523008908502,-1.25438429892149,-1.44649013081734,-1.5066773485426,0.364844416552499,-0.804822928348692,-0.508889561149149,1.67205011224885,-0.0522902353659522,1.06755651188166
"354",1999,"MidMain","Yukon (CA)","Yukon",8.37406627486749,10.1247133927557,0.127264795568518,0.0947445641023529,-0.091700973767662,-0.934909890968597,-0.116923799409464,-1.12580458866638,0.356816740746888,0.439467589533995,0.538171628374003,-0.516928916465025,-0.187936449085468,0.364844416552499,-1.02764194397099,1.77172182866283,1.25724926864656,1.06755651188166,0.897347380451266,-0.243493046703082
"355",2000,"MidMain","Yukon (CA)","Yukon",9.23296693651849,9.66506513124151,0.0935143543319013,0.09943798964518,-0.227019399074309,1.23874207921508,0.226912612046073,-0.369853904911765,-0.850920666693149,-0.705744345466004,1.33207020072714,-0.929262344754102,1.35874013639526,-1.02764194397099,-0.566710465705021,0.867182869451396,-0.321873618209826,-0.243493046703082,-1.74766456789598,0.369711316803605
"356",2001,"MidMain","Yukon (CA)","Yukon",10.512678207034,7.82574523651332,0.132453805837673,0.256193836158909,0.0635682450136825,0.276220579522157,0.39519184569733,-1.08980697228529,0.194985907497199,0.153704484533995,-0.851150873243988,0.152606740552422,1.44461685554131,-0.566710465705021,-1.46774704848327,-0.723808155323725,-0.476838160489989,0.369711316803605,-1.75912760990448,1.12073907405555
"357",2002,"MidMain","Yukon (CA)","Yukon",10.0422250921699,9.51960564008039,0.0796515565269537,0.076319923835987,-0.0717501802929644,1.04013764770799,0.358632698087328,-0.94581628897514,-0.660071922216195,0.742252827200662,-0.255726943979134,-1.08969799083245,-0.93160565984926,-1.46774704848327,0.00188172251421928,-1.26160426389353,-1.1189177086395,1.12073907405555,1.34598421043597,1.02079316652955
"358",2003,"MidMain","Yukon (CA)","Yukon",9.37169588409959,8.84019932937777,0.103692282603466,0.0752146736726717,-0.678948242566377,-0.734980546642914,0.34284973139699,-1.12580458866638,0.890226185095998,0.914348523200662,-1.24810015942056,-1.18671017494715,-0.862433817101785,0.00188172251421928,0.376418688728047,-0.315853484618549,-1.21456402492889,1.02079316652955,-0.364765605232632,-0.575164904761018
"359",2004,"MidMain","Yukon (CA)","Yukon",9.52219208067049,8.96723886685508,0.0917165321412045,0.0869265195354125,0.580554023749331,-0.846140732122867,0.15124071034945,-0.270860376844186,1.17028788523134,-0.311288038799338,1.13359555763886,0.550320947522006,-0.651435709568709,0.376418688728047,-0.592961924992386,0.490648392449986,0.630364973653197,-0.575164904761018,1.67282662655193,-0.504833915694717
"360",2005,"MidMain","Yukon (CA)","Yukon",9.55651618075631,9.73952010921422,0.0151042683924501,0.0532897140613932,0.957016822358847,-1.121271254463,-0.0736804633396484,0.404095588383304,0.356061510862617,-2.12774729713267,-0.255726943979134,-1.35074153759629,-0.203747190417117,-0.592961924992386,-0.306014252250943,0.042186335232326,-0.0571875640400425,-0.504833915694717,-0.339795589551367,0.221848593322963
"361",2006,"MidMain","Yukon (CA)","Yukon",8.80550103046574,9.37099787147882,0.0233620851883092,0.0612334649268065,0.949209990129617,-1.08515500459704,0.394201158437261,1.8440016151374,0.0259280106178231,1.04211942386733,-0.255726943979134,-0.106935858055582,-0.156691412644352,-0.306014252250943,1.40066247303543,1.74913244671955,1.10529232339915,0.221848593322963,-0.182292339042092,-0.818880347798909
"362",2007,"MidMain","Yukon (CA)","Yukon",7.76812098861118,8.82871974251077,0.0391172799191365,0.0619662850060287,-0.195792070157389,-0.754324273794372,0.22159263918665,2.08698574552041,-1.46219568097235,-1.12853920413267,-0.255726943979134,0.490031542622069,1.63349889809968,1.40066247303543,0.88554284901026,0.849520426821652,0.689522584489327,-0.818880347798909,1.28280950473266,-1.22275828089934
"363",2008,"MidMain","Yukon (CA)","Yukon",8.81752939454988,9.30527442852516,0.0269935334880743,0.0701601248270928,2.09507947621987,-0.842695958794525,0.244546513241457,1.92499646775577,-0.120712933158191,0.910072247867329,-1.24810015942056,1.12481034686367,0.573332074300805,0.88554284901026,0.790485236774647,0.650950847636647,-0.61080181461061,-1.22275828089934,-0.193192528988758,-1.24397781582413
"364",2009,"MidMain","Yukon (CA)","Yukon",8.68464184993644,9.88728623911643,0.0243857193032527,0.0443165961353638,-0.169769296059958,-1.79348251637991,0.450328683955679,0.440093231762632,0.0700551536148946,-0.441855231466004,0.339696985285719,0.211090597444844,-0.521655723892935,0.790485236774647,-0.451309457551669,-0.891725455286502,-0.306944144413096,-1.24397781582413,0.237449856537823,-0.355900919299813
"365",2010,"MidMain","Yukon (CA)","Yukon",8.66044311703541,9.32435776120978,0.0329441709758407,0.0585587457158103,0.122553199634528,-1.38975246159157,0.776374563356984,2.80693873189922,-1.06848763504286,0.035055438867329,-0.851150873243988,-0.0321147147120167,-1.02298813086246,-0.451309457551669,0.286978303531389,-0.309294471060247,0.973967843194202,-0.355900919299813,-0.459774892196414,0.243563462318348
"366",2011,"MidMain","Yukon (CA)","Yukon",9.16697550485666,9.12055468270822,0.0158091572583643,0.0518330275657603,0.656020068631884,0.400999704018723,0.869724828731911,1.3940309716524,-0.957061749944225,-0.677629351132671,1.92749412999199,0.343909235465643,-0.562476648755431,0.286978303531389,1.06049577999954,0.603979873738766,0.881861533943732,0.243563462318348,-1.18258679206988,-0.514509317593948
"367",2012,"MidMain","Yukon (CA)","Yukon",8.80513873404361,9.4383453481561,0.0221367193071881,0.0474814339940853,0.684645120139059,1.02635855439462,1.28723628360689,-1.1078057809258,-0.11427724685083,0.789675236200662,-0.652676230155703,-0.0674001445697944,0.559780010302249,1.06049577999954,0.747235766210842,0.23173343120226,0.394929257032606,-0.514509317593948,-1.11346730326939,-0.356495761382705
"368",2013,"MidMain","Yukon (CA)","Yukon",8.57441461890241,9.58068135299386,0.0243302038454451,0.108891848117866,1.04722910589661,1.5760910898956,1.45963112202289,-1.11680518479609,-0.680329879207793,1.93087840120066,-0.255726943979134,3.5274515594057,-0.134057357667919,0.747235766210842,-1.79704470738735,0.174012064117251,1.73145536122619,-0.356495761382705,0.623046998688041,0.484861866558098
"369",2014,"MidMain","Yukon (CA)","Yukon",9.77950288846284,9.8938623113921,0.0455471757813204,0.284152486917341,3.02322508569495,0.909103769949138,1.50121983002607,-1.12580458866638,-1.03651368927032,1.79354898186733,-2.43894801795026,1.82140367090418,-0.104365387761038,-1.79704470738735,-1.05821503400888,-0.129058184596054,1.30932793288536,0.484861866558098,-0.459701143157132,-0.100299702537761
"370",2015,"MidMain","Yukon (CA)","Yukon",9.79634372915712,10.2808597744146,0.0134150185155915,0.911510842522414,0.498148572440796,1.63648090735669,1.48911303731073,-0.432849815698314,-0.544410373113804,0.151237209867329,-0.454201587067419,0.58803711648137,0.0574125268002153,-1.05821503400888,-1.143147272062,-0.996993629741947,0.322273445505381,-0.100299702537761,0.612860234303029,1.87471414323504
"371",1987,"Oskawalik","Kuskokwim","Kuskokwim",6.65025094383257,6.80804568519687,0.197698143157536,0.588147278046474,1.46212312095738,-0.168182842848829,-1.11856755022012,-0.333856260632496,0.801156433276907,2.00961041486733,0.0599244305902241,-0.218987905090559,-0.474576104289539,0.576921578046391,-0.147387819657207,-0.709821842007835,-0.0458327960552817,-1.52154152295331,-1.34466872386825,-0.837484912735758
"372",1988,"Oskawalik","Kuskokwim","Kuskokwim",5.90398790719537,6.08056091719262,0.209473593254791,0.973879651365866,1.24262970458985,-0.450256781927279,-1.1231596681299,-0.315857451991981,0.87117365199568,0.183154662867329,-0.517125641760077,0.489274618767815,-0.914184581874031,-0.147387819657207,0.619016259068492,2.58625607868392,0.850825773877351,-0.837484912735758,0.182627242549412,-1.54810064252463
"373",1989,"Oskawalik","Kuskokwim","Kuskokwim",6.82179069589811,5.157017610144,0.366608852390623,1.16012589275096,0.719525634444487,-0.319203976842451,-1.16353841061299,0.0351196616255506,0.4999523443463,1.90560269420066,-0.286305612819956,-0.440933745791704,0.449282675625547,0.619016259068492,2.78769839735056,0.181487046853924,0.0940382871895708,-1.54810064252463,-0.982533809245502,0.804858997072193
"374",1990,"Oskawalik","Kuskokwim","Kuskokwim",6.22262950214374,7.41395599635723,0.196183556488567,1.16947392252933,-0.652636800811201,-0.53505120231723,-0.409177252447506,0.755072676802479,0.00241819546050322,1.41279300086733,1.56025461870101,-1.63003412132219,-0.30433185737644,2.78769839735056,0.0932914466422994,-0.328147491084359,-1.50135782692155,0.804858997072193,0.441372122778535,0.216671619168677
"375",1991,"Oskawalik","Kuskokwim","Kuskokwim",5.81680138484603,7.27079007277224,0.275479902572408,1.53407389024127,0.561805814300154,0.268640913441283,0.23967891272426,-0.459848028209116,0.20214769654752,1.76418042220066,-0.978765699640318,-0.389814347923559,-0.393615506868643,0.0932914466422994,0.375813881098664,-1.2481371115184,-1.03752131932224,0.216671619168677,0.156334366017089,0.934487589437896
"376",1992,"Oskawalik","Kuskokwim","Kuskokwim",6.0711928317592,9.59774882208681,0.174880925649846,0.664142238744966,1.3136036236548,-0.840046133157339,0.662912275127818,-0.441849219568601,0.338248854729961,1.29914490420066,-0.401715627290017,-0.274927665490001,-0.291468958720783,0.375813881098664,0.0363783508421824,0.316065864231566,-0.188724982746125,0.934487589437896,0.240257550079449,-0.0192925064118905
"377",1993,"Oskawalik","Kuskokwim","Kuskokwim",6.14441137703209,5.93091508293465,0.1739734679734,0.994209746236197,-0.408171079587487,0.768520328259355,0.87285227026053,0.521087951189696,0.328891266140669,-1.330623288466,-0.517125641760077,1.10996133791514,1.16733507705013,0.0363783508421824,1.51515599338282,1.02425931305489,-0.852669645660906,-0.0192925064118905,1.08340277122972,-1.06269650001069
"378",1994,"Oskawalik","Kuskokwim","Kuskokwim",6.3082480883968,6.40212912783378,0.397690767051482,0.909508697559973,0.0886463538671587,-0.837131324956434,0.379401206566278,-0.927817480334625,0.360307379925145,-0.487292726466005,-0.170895598349896,-0.115137784331955,-0.505598389282592,1.51515599338282,-1.10007607764501,0.0535268598391168,-0.241994271674068,-1.06269650001069,-1.49708996754843,0.368490769221045
"379",1995,"Oskawalik","Kuskokwim","Kuskokwim",7.25141306697687,5.45608669734995,0.212632412023081,1.21534473709271,0.0557880580037557,-0.972404923734779,0.1332784847373,0.431093827892345,0.352492657139844,0.651356856200662,-0.978765699640318,-1.17424606919225,-0.341785567484806,-1.10007607764501,-0.583079329218116,-0.678934900314606,-0.894310634135231,0.368490769221045,-0.0642951221052415,-0.210804813665435
"380",1996,"Oskawalik","Kuskokwim","Kuskokwim",8.21838174641104,4.67512209966006,0.203744555159033,1.11418440722456,-0.0191288565648025,-0.690993441065626,-0.26192409142034,0.773071539439472,0.187642788192855,1.97658109686733,-0.517125641760077,0.445843431381823,-0.85062672969314,-0.583079329218116,0.219866629009265,-1.65187356365133,-2.26716776630609,-0.210804813665435,1.15258322720982,2.4449953463676
"381",1997,"Oskawalik","Kuskokwim","Kuskokwim",8.54128759456839,7.80050801301156,0.209470746897209,0.804351494614023,-1.94988232149833,-1.61212961452942,-0.38443950400784,0.935060923397181,-0.677266790381712,-0.790827154799338,0.867794531880645,-0.726649592330479,-0.174946229722484,0.219866629009265,-0.963013428601522,1.40372745385742,1.36552560879394,2.4449953463676,1.92518930464975,-1.32889633305082
"382",1998,"Oskawalik","Kuskokwim","Kuskokwim",8.39980138610026,8.47314531603055,0.418305335843314,0.368273228520627,-0.505431635343158,1.75068839231941,-0.105968146962429,0.692076793014169,-1.05818377560981,-0.194070259132671,-0.0554855838798361,0.0636386169786083,0.549159300481232,-0.963013428601522,-0.773530655804312,0.249879560603217,-0.0066849270580808,-1.32889633305082,-0.718568494402788,-0.618174943795209
"383",1999,"Oskawalik","Kuskokwim","Kuskokwim",6.04499493626811,5.98930418851676,0.199859588553917,1.06701653027833,-1.34134668210812,-0.934909890968597,-0.116923799409464,-1.12580458866638,-0.106185171401277,0.439467589533995,0.636974502940525,-0.740952334895769,-0.22639782434511,-0.773530655804312,-0.567426335399016,-0.242105296367506,-0.24103833088807,-0.618174943795209,-0.191451416288914,-0.787548280974544
"384",2000,"Oskawalik","Kuskokwim","Kuskokwim",5.42704984594191,4.32360408739005,0.514608297186356,1.25461060897052,-2.22720633858545,1.23874207921508,0.226912612046073,-0.369853904911765,-0.13581214951335,-0.705744345466004,0.406154474000405,2.07611892710428,-0.576344307676188,-0.567426335399016,1.40838871780212,0.0182274979039977,2.0784808959396,-0.787548280974544,1.25892653463051,-0.720162983897631
"385",2001,"Oskawalik","Kuskokwim","Kuskokwim",6.20265269819519,8.75291197466921,0.601088635888363,0.195770394995908,0.488203231566133,0.276220579522157,0.39519184569733,-1.08980697228529,-0.128795344375502,0.153704484533995,-0.978765699640318,-0.144412072128776,-0.570669523658266,1.40838871780212,-0.474651563737702,-1.04075336014958,-0.276673346440797,-0.720162983897631,-1.62312034718182,-0.0567109222254643
"386",2002,"Oskawalik","Kuskokwim","Kuskokwim",7.33427947133699,6.1555856619127,0.176905462939472,0.794748390780757,0.243737510342419,1.04013764770799,0.358632698087328,-0.94581628897514,-0.315433857052252,0.742252827200662,-0.978765699640318,0.663153928011975,-0.952394981504819,-0.474651563737702,-0.388620582687206,0.234436089756603,0.112759897285089,-0.0567109222254643,1.53133365606771,-0.896885325589432
"387",2003,"Oskawalik","Kuskokwim","Kuskokwim",7.73177445844173,6.2426796287744,0.123806958227762,0.966125686832941,-0.0191288565648025,-0.734980546642914,0.34284973139699,-1.12580458866638,0.251120119348879,0.914348523200662,-0.170895598349896,2.80829445464891,0.271472017738532,-0.388620582687206,0.984725841126791,-1.36286003780754,0.00284744224584332,-0.896885325589432,-0.180527808390198,1.63270226233759
"388",2004,"Oskawalik","Kuskokwim","Kuskokwim",7.37698844527978,8.45477461716352,0.203503771202732,0.228710936032248,0.622265078688813,-0.846140732122867,0.15124071034945,-0.270860376844186,-0.472618991584508,-0.311288038799338,1.44484460423095,0.0454846964145784,-1.2395402537524,0.984725841126791,0.00338077587877134,-1.12900176498738,0.0498405185759154,1.63270226233759,1.11944946359573,0.765516716217825
"389",2005,"Oskawalik","Kuskokwim","Kuskokwim",7.58486008320424,5.80774928839037,0.153830692263621,0.680722453443078,0.758955589480569,-1.121271254463,-0.0736804633396484,0.404095588383304,-0.448089008595094,-2.12774729713267,-0.863355685170257,0.547681160320921,-0.791230379335389,0.00338077587877134,-0.560828758366769,-0.341384751810029,-0.251368145132061,0.765516716217825,1.29278955128496,-0.715090614346742
"390",2006,"Oskawalik","Kuskokwim","Kuskokwim",7.58453170568407,5.54223970113235,0.155518070948461,0.748750275441374,1.59355630441099,-1.08515500459704,0.394201158437261,1.8440016151374,-0.773056322951777,1.04211942386733,0.290744459530344,-0.235857012357491,1.88652231905823,-0.560828758366769,-0.982038380808337,0.192518097458649,0.166581106724064,-0.715090614346742,0.703577097200838,1.53399992340502
"391",2007,"Oskawalik","Kuskokwim","Kuskokwim",7.12235715265432,5.39263930788454,0.187240022134563,0.652742640080172,-0.00335687455036866,-0.754324273794372,0.22159263918665,2.08698574552041,-1.72388566710767,-1.12853920413267,-0.170895598349896,-0.965027018559591,-0.43598740832257,-0.982038380808337,0.85698515749866,0.13956905455597,-1.091090096091,1.53399992340502,0.708562436041376,0.0477713909581916
"392",2008,"Oskawalik","Kuskokwim","Kuskokwim",7.02058492725564,5.85544138239332,0.137274223865081,0.897783478246491,2.22443558498832,-0.842695958794525,0.244546513241457,1.92499646775577,-0.940204655426023,0.910072247867329,0.752384517410585,-0.584683855795478,-1.00611645099459,0.85698515749866,1.95283559388766,-1.19518806861572,-0.404744786204939,0.0477713909581916,-1.31688384143882,1.10327211471033
"393",2009,"Oskawalik","Kuskokwim","Kuskokwim",7.17650387266114,6.88262007064747,0.147978895476105,0.506683864189952,0.702439320595515,-1.79348251637991,0.450328683955679,0.440093231762632,-0.397059713216582,-0.441855231466004,0.0599244305902241,-0.433480081091579,-0.961852971009699,1.95283559388766,-0.389438714375318,-0.156063101650653,-0.410826141033082,1.10327211471033,1.5625719728926,-0.0389865776099551
"394",2010,"Oskawalik","Kuskokwim","Kuskokwim",6.31847272873458,5.61338294990109,0.176486902330508,0.768984951767075,-0.674980441998316,-1.38975246159157,0.776374563356984,2.80693873189922,-1.48639045910408,0.035055438867329,0.521564488470465,-0.928525446137016,0.639956232168218,-0.389438714375318,0.83622527259277,-0.178125202860103,-0.724828250620339,-0.0389865776099551,-0.306184414513914,-0.421796423801773
"395",2011,"Oskawalik","Kuskokwim","Kuskokwim",5.25801885182657,5.25319144481413,0.250583633138689,0.765134923012687,1.22948638624449,0.400999704018723,0.869724828731911,1.3940309716524,-1.51921515732705,-0.677629351132671,2.13730469105131,0.748043099694606,-0.986065486126228,0.83622527259277,0.486133882079516,1.64641056716137,1.9007931933834,-0.421796423801773,-0.885349195925823,-0.554143375804421
"396",2012,"Oskawalik","Kuskokwim","Kuskokwim",5.32734703170194,5.88749664920216,0.202373491067494,0.789974559928669,1.90110995369244,1.02635855439462,1.28723628360689,-1.1078057809258,-0.855110859199874,0.789675236200662,-0.978765699640318,0.136452934980494,1.50328372429198,0.486133882079516,0.387258938384427,-0.429633156647827,-0.489915363684341,-0.554143375804421,-1.41100857676794,0.147976216937828
"397",2013,"Oskawalik","Kuskokwim","Kuskokwim",5.25566443442735,7.20194144861859,0.156241763362173,0.460547907342212,0.666952361063042,1.5760910898956,1.45963112202289,-1.11680518479609,-0.372254210955026,1.93087840120066,-0.747945670700197,-1.11227295710419,1.88652231905823,0.387258938384427,-1.00200549904605,-0.555387133541689,-0.198109599649085,0.147976216937828,0.926826184846331,0.73412817051023
"398",1985,"Pelly","Yukon (CA)","Yukon",8.74170589804342,9.20199197948197,0.162332542787814,0.430349641844428,0.0488220063584715,0.258006668136884,-1.27917654971365,-1.12580458866638,0.503640325437147,-0.335565367799338,0.736646271462287,0.700450580104324,0.000226614734165066,1.32546219099423,0.416723558853706,0.135980774504092,0.334935641220989,-1.79013869619644,-0.435749819830673,-0.583848404831882
"399",1986,"Pelly","Yukon (CA)","Yukon",9.17146823668831,10.2207089537735,0.143333972387297,0.232584148059781,-0.291208908514641,-0.346118634385869,-1.29574183544293,0.0441190744952505,0.223767349258781,0.533319712200663,-0.851150873243988,-0.359908543529167,-0.117059201305817,0.416723558853706,-0.399748078274952,0.488299274502711,-0.0452401100061159,-0.583848404831882,-1.09565023198903,-0.459189757721122
"400",1987,"Pelly","Yukon (CA)","Yukon",8.92120657031991,9.87063762578782,0.138734609168369,0.288711946823836,1.27449466634752,-0.168182842848829,-1.11856755022012,-0.333856260632496,2.13326745795133,2.00961041486733,-1.24810015942056,0.3080347044788,0.262248118653274,-0.399748078274952,0.260899199791875,1.31722773989973,0.634617242593881,-0.459189757721122,-0.659929134832914,-0.598579725563329
"401",1988,"Pelly","Yukon (CA)","Yukon",8.91887566557711,9.85949273281202,0.19637509653063,0.304203419748741,0.683777694335811,-0.450256781927279,-1.1231596681299,-0.315857451991981,1.22934600213327,0.183154662867329,-1.04962551633227,-0.664343672436434,0.140907108092066,0.260899199791875,0.300866743278735,-1.40188708776939,-1.36234144074741,-0.598579725563329,-0.373935589481277,1.470569939811
"402",1989,"Pelly","Yukon (CA)","Yukon",8.91248276493617,10.1499105527777,0.299706381154711,0.303922838342259,2.25295097241096,-0.319203976842451,-1.16353841061299,0.0351196616255506,2.07711734333032,1.90560269420066,-0.851150873243988,0.305257521384721,-1.48861710199535,0.300866743278735,0.847437294795249,0.681906981093648,0.894288857404261,1.470569939811,0.698532960022225,-0.792647931420417
"403",1990,"Pelly","Yukon (CA)","Yukon",8.56833173921765,9.19977137159319,0.322243814968054,0.394301493681665,-0.481175159425894,-0.53505120231723,-0.409177252447506,0.755072676802479,0.605303194768709,1.41279300086733,0.538171628374003,0.982212426748428,0.709244227307086,0.847437294795249,3.43875404122728,2.08640084605943,1.70964958319399,-0.792647931420417,1.28195556918347,-1.44769776833219
"404",1991,"Pelly","Yukon (CA)","Yukon",8.9587875916643,10.0353627212735,0.195179268679874,0.245143306612189,0.101734980356583,0.268640913441283,0.23967891272426,-0.459848028209116,0.519564766012831,1.76418042220066,-1.24810015942056,-0.496531242479333,2.33190596943471,3.43875404122728,0.441667306742621,0.0465865282357854,-0.38253938287047,-1.44769776833219,1.84649282452294,-1.74233149820555
"405",1992,"Pelly","Yukon (CA)","Yukon",9.08474525425953,9.58327788115916,0.162328826426118,0.321395150721379,0.0427500257357361,-0.840046133157339,0.662912275127818,-0.441849219568601,-1.06189275548094,1.29914490420066,-0.851150873243988,-0.367230647674606,-0.190674766692614,0.441667306742621,-0.22584918376373,0.613546828097878,0.543594368590348,-1.74233149820555,-1.12661883883821,-0.29226199109165
"406",1993,"Pelly","Yukon (CA)","Yukon",8.81313879223527,9.99785006391729,0.152338035781391,0.239416430417248,0.348951334282187,0.768520328259355,0.87285227026053,0.521087951189696,-0.821515927688113,-1.330623288466,-0.652676230155703,-0.117688147878666,-0.510403487364005,-0.22584918376373,-0.768215176702766,-1.03570530893772,-1.29034176450682,-0.29226199109165,0.642337883352435,0.881987783477795
"407",1994,"Pelly","Yukon (CA)","Yukon",8.77262345519306,9.40598860220879,0.139411429910412,0.245735978671981,-1.11786569900973,-0.837131324956434,0.379401206566278,-0.927817480334625,0.891616251382732,-0.487292726466005,0.339696985285719,-0.608550816620183,-0.0630953485306685,-0.768215176702766,-0.195468944172002,0.158448847095591,0.339635932062899,0.881987783477795,0.68597897383759,0.302737454966242
"408",1995,"Pelly","Yukon (CA)","Yukon",9.1264198334294,8.94389056603839,0.215724865374445,0.35165086959937,-0.0535342384247613,-0.972404923734779,0.1332784847373,0.431093827892345,1.664572406684,0.651356856200662,-0.255726943979134,0.894208063105384,0.820915296834516,-0.195468944172002,-0.10199080174109,-0.0843975545316794,1.06638579098096,0.302737454966242,0.225391075148045,-0.188552051755402
"409",1996,"Pelly","Yukon (CA)","Yukon",8.90171781962244,8.51308555584764,0.139675938654873,0.387271732868852,-1.5316278071589,-0.690993441065626,-0.26192409142034,0.773071539439472,0.837133129229039,1.97658109686733,-0.255726943979134,-1.14895378496274,0.297184319175822,-0.10199080174109,-0.791620113630342,0.429499697512548,0.103639145594618,-0.188552051755402,-0.410843210698653,-0.178993306628309
"410",1997,"Pelly","Yukon (CA)","Yukon",9.08023810396949,10.0868475973003,0.157077388866595,0.169450141107224,-1.98702635386396,-1.61212961452942,-0.38443950400784,0.935060923397181,0.225062571446368,-0.790827154799338,0.538171628374003,-1.23893513739692,0.270670138604387,-0.791620113630342,-1.61875065764816,-1.2388740504566,-0.969406204129305,-0.178993306628309,-0.58450712302075,2.00124880122943
"411",1998,"Pelly","Yukon (CA)","Yukon",8.78161569288776,9.97843363688693,0.115406258807978,0.198633378407625,-0.154155631601498,1.75068839231941,-0.105968146962429,0.692076793014169,-0.535231890615293,-0.194070259132671,-0.0572523008908502,-1.21876874978183,-1.39628571490004,-1.61875065764816,-0.548850012352154,-0.50507636050018,0.479412543997787,2.00124880122943,-0.113212944258468,0.0424515492679929
"412",1999,"Pelly","Yukon (CA)","Yukon",8.70774849673595,9.34726728517168,0.169109488241559,0.255221887474299,-0.091700973767662,-0.934909890968597,-0.116923799409464,-1.12580458866638,0.356816740746888,0.439467589533995,0.538171628374003,2.43370215082407,0.747923592171336,-0.548850012352154,-0.796284767770896,0.27748198039488,2.04510713182004,0.0424515492679929,0.783035496722249,-0.956952691695992
"413",2000,"Pelly","Yukon (CA)","Yukon",8.65604784987824,9.46172257021358,0.129711946680606,0.378255210896543,-0.227019399074309,1.23874207921508,0.226912612046073,-0.369853904911765,-0.850920666693149,-0.705744345466004,1.33207020072714,0.955147454448709,0.88798022480562,-0.796284767770896,-0.655236991062759,-0.0595392614517226,-0.948588992416287,-0.956952691695992,-1.71327235334281,-0.407594272347317
"414",2001,"Pelly","Yukon (CA)","Yukon",8.9215591856634,10.4303697309145,0.171250203685637,0.11964088180203,0.0635682450136825,0.276220579522157,0.39519184569733,-1.08980697228529,0.194985907497199,0.153704484533995,-0.851150873243988,0.624191889326814,-0.0540494678559386,-0.655236991062759,-1.15424789298427,0.013123441397382,-0.487078166992291,-0.407594272347317,-1.72409093651379,0.347765660639084
"415",2002,"Pelly","Yukon (CA)","Yukon",8.60578404455014,8.04367161165279,0.124483200481531,0.213157299995517,-0.0717501802929644,1.04013764770799,0.358632698087328,-0.94581628897514,-0.660071922216195,0.742252827200662,-0.255726943979134,-1.23603534851407,0.990293383478796,-1.15424789298427,0.0456194886791198,-1.16764547990057,-1.42389535132687,0.347765660639084,1.20644970519829,0.525663634167744
"416",2003,"Pelly","Yukon (CA)","Yukon",9.40570793818769,9.74369427981529,0.113561672062443,0.0752242464341597,-0.678948242566377,-0.734980546642914,0.34284973139699,-1.12580458866638,0.890226185095998,0.914348523200662,-1.24810015942056,-0.303772860072493,-1.4686535588396,0.0456194886791198,0.47291736246962,-1.10167539441914,-0.914923628221517,0.525663634167744,-0.408120768488746,1.10098078520154
"417",2004,"Pelly","Yukon (CA)","Yukon",9.05985550995114,9.21725159189332,0.134488239493893,0.099930226616563,0.580554023749331,-0.846140732122867,0.15124071034945,-0.270860376844186,1.17028788523134,-0.311288038799338,1.13359555763886,-0.420389930514656,-1.07484152696528,0.47291736246962,-0.627650133306618,1.25077976329473,0.457101840912948,1.10098078520154,1.5149168520459,-0.716920147296209
"418",2005,"Pelly","Yukon (CA)","Yukon",9.04923339102852,9.29718692828059,0.117929533465872,0.102378894079694,0.957016822358847,-1.121271254463,-0.0736804633396484,0.404095588383304,0.356061510862617,-2.12774729713267,-0.255726943979134,-0.97828191305423,0.0108320474002218,-0.627650133306618,-0.098020585867421,-0.581085372033124,-0.565663841977083,-0.716920147296209,-0.384554581500314,0.135688156757735
"419",2006,"Pelly","Yukon (CA)","Yukon",9.39163609226647,9.00971059525433,0.0853148546889797,0.130718898766792,0.949209990129617,-1.08515500459704,0.394201158437261,1.8440016151374,0.0259280106178231,1.04211942386733,-0.255726943979134,0.149125757061764,-0.86849954272012,-0.098020585867421,2.80360119444537,0.101083555372614,-0.238956375689015,0.135688156757735,-0.235906254636329,-0.47159431162277
"420",2007,"Pelly","Yukon (CA)","Yukon",9.05107994326322,8.43750580667269,0.0997761506872616,0.142396695233723,-0.195792070157389,-0.754324273794372,0.22159263918665,2.08698574552041,-1.46219568097235,-1.12853920413267,-0.255726943979134,2.65467793856351,-0.406218746519978,2.80360119444537,-0.564065149998882,0.920929029939387,2.07602557894134,-0.47159431162277,1.14682671791036,-1.25217559740302
"421",2008,"Pelly","Yukon (CA)","Yukon",8.58195906055724,8.43847708615547,0.0669020465234235,0.154540921662565,2.09507947621987,-0.842695958794525,0.244546513241457,1.92499646775577,-0.120712933158191,0.910072247867329,-1.24810015942056,-0.427832963444371,0.926971619849394,-0.564065149998882,0.136017003140469,-1.14183109862523,-0.885114719277294,-1.25217559740302,-0.246193629613242,0.688761190775636
"422",2009,"Pelly","Yukon (CA)","Yukon",9.26055162695054,9.54958586418523,0.0526772833144802,0.0679781785319214,-0.169769296059958,-1.79348251637991,0.450328683955679,0.440093231762632,0.0700551536148946,-0.441855231466004,0.339696985285719,-1.00437297781165,-1.20819170672954,0.136017003140469,-0.233376625413442,-0.941530621692498,-1.51623748288524,0.688761190775636,1.48935835264354,1.68494816015197
"423",2010,"Pelly","Yukon (CA)","Yukon",8.56117578296881,8.85628707044794,0.0664397334818712,0.0970686903013118,0.122553199634528,-1.38975246159157,0.776374563356984,2.80693873189922,-1.06848763504286,0.035055438867329,-0.851150873243988,-0.0759324529799299,-1.66891285112064,-0.233376625413442,0.492500021561965,1.6442099027207,1.08683662739527,1.68494816015197,0.427048715657264,-0.605538149102386
"424",2011,"Pelly","Yukon (CA)","Yukon",8.79642643582651,9.4991350881395,0.079469178103396,0.097841238840654,0.656020068631884,0.400999704018723,0.869724828731911,1.3940309716524,-0.957061749944225,-0.677629351132671,1.92749412999199,-0.696493204236209,1.701182777858,0.492500021561965,0.837994521771219,0.494991891870391,-0.109036974621752,-0.605538149102386,-1.17996357620348,-1.35033642811786
"425",2012,"Pelly","Yukon (CA)","Yukon",8.41323635212087,9.37186768838254,0.101724233057484,0.0954564278497823,0.684645120139059,1.02635855439462,1.28723628360689,-1.1078057809258,-0.11427724685083,0.789675236200662,-0.652676230155703,-0.779387933245158,-0.092416802540664,0.837994521771219,0.680958793514087,-0.446754980581819,-0.0106763311881246,-1.35033642811786,-1.11473002495507,1.12381609146782
"426",2013,"Pelly","Yukon (CA)","Yukon",8.08494590992475,9.04992746483058,0.104780109732615,0.176895644882487,1.04722910589661,1.5760910898956,1.45963112202289,-1.11680518479609,-0.680329879207793,1.93087840120066,-0.255726943979134,0.413547005917553,-0.199720847002775,0.680958793514087,-1.00205078401947,-0.371224013146566,0.502338791296046,1.12381609146782,0.52415644073188,0.157714621970763
"427",2014,"Pelly","Yukon (CA)","Yukon",9.23340438207734,9.77172029886019,0.0745090655070923,0.289244992329006,3.02322508569495,0.909103769949138,1.50121983002607,-1.12580458866638,-1.03651368927032,1.79354898186733,-2.43894801795026,1.16290122597479,-0.632992119554731,-1.00205078401947,-0.895053457708781,0.180438875589399,0.273997785122476,0.157714621970763,-0.497718975679894,0.430067048122703
"428",2015,"Pelly","Yukon (CA)","Yukon",9.4465544423933,9.80801065315897,0.0431029299039138,0.629155891151096,0.498148572440796,1.63648090735669,1.48911303731073,-0.432849815698314,-0.544410373113804,0.151237209867329,-0.454201587067419,0.421923397686737,1.31002210415019,-0.895053457708781,-1.04305760712699,-0.710635322507515,-0.647880185352572,0.430067048122703,0.514542382119798,1.1882610409582
"429",2000,"Pitka","Kuskokwim","Kuskokwim",7.87876317423333,9.4782444836361,0.129796636435338,0.34697079057793,-2.22720633858545,1.23874207921508,0.226912612046073,-0.369853904911765,-0.13581214951335,-0.705744345466004,0.406154474000405,0.896251590979092,-0.597518532366251,-0.246515292857606,1.29397497317634,0.535780718217134,2.74436101889728,-1.11227046956025,1.34237221599581,-0.0977089436055254
"430",2001,"Pitka","Kuskokwim","Kuskokwim",8.65882311732773,8.3400134139186,0.121828304101576,0.546120194818826,0.488203231566133,0.276220579522157,0.39519184569733,-1.08980697228529,-0.128795344375502,0.153704484533995,-0.978765699640318,-0.139307485878033,0.99328867768987,1.29397497317634,-0.626364361762761,-0.60272763816301,-0.939947739974217,-0.0977089436055254,-1.78038413285928,-0.222859235642288
"431",2002,"Pitka","Kuskokwim","Kuskokwim",8.75704303300062,8.95263731410233,0.125694986941009,0.298856102874039,0.243737510342419,1.04013764770799,0.358632698087328,-0.94581628897514,-0.315433857052252,0.742252827200662,-0.978765699640318,-0.10724403994445,-1.66474776476983,-0.626364361762761,0.180588630743584,-1.06848105668216,0.0826440664974705,-0.222859235642288,1.69898324598295,0.474382256444237
"432",2003,"Pitka","Kuskokwim","Kuskokwim",8.6650904262147,9.64556382623821,0.125318355612841,0.217027827021155,-0.0191288565648025,-0.734980546642914,0.34284973139699,-1.12580458866638,0.251120119348879,0.914348523200662,-0.170895598349896,5.47403577620293,-0.0906682856291272,0.180588630743584,3.95401427196392,-0.13697421964386,0.0372055977536925,0.474382256444237,0.328910380400972,1.94449035319646
"433",2004,"Pitka","Kuskokwim","Kuskokwim",9.06141871834199,7.95844469545622,0.10635172396102,0.557464428862689,0.622265078688813,-0.846140732122867,0.15124071034945,-0.270860376844186,-0.472618991584508,-0.311288038799338,1.44484460423095,-0.0891944140873219,-1.11607819074417,3.95401427196392,-0.326373204054579,1.26603607811753,-0.416724107644333,1.94449035319646,1.1171166039854,1.30808300874021
"434",2005,"Pitka","Kuskokwim","Kuskokwim",9.15295753067237,8.23104584701449,0.10458951531452,0.405826776416664,0.758955589480569,-1.121271254463,-0.0736804633396484,0.404095588383304,-0.448089008595094,-2.12774729713267,-0.863355685170257,0.0976468961623985,-0.270491339441117,-0.326373204054579,-0.489188565817484,-0.205974726091141,-0.00613020675998726,1.30808300874021,1.38670264753484,-1.00881152282006
"435",2006,"Pitka","Kuskokwim","Kuskokwim",8.72932500736216,8.21454642583913,0.122466441767877,0.379177537778717,1.59355630441099,-1.08515500459704,0.394201158437261,1.8440016151374,-0.773056322951777,1.04211942386733,0.290744459530344,-0.215134660504484,1.27598733016041,-0.489188565817484,0.133280931467977,-0.15997438845962,-0.433019536619849,-1.00881152282006,0.615358421937452,1.40079539619195
"436",2007,"Pitka","Kuskokwim","Kuskokwim",8.64862634387687,9.43821624423876,0.0956083518081545,0.253177568124363,-0.00335687455036866,-0.754324273794372,0.22159263918665,2.08698574552041,-1.72388566710767,-1.12853920413267,-0.170895598349896,0.511600780749546,1.10369170173162,0.133280931467977,0.992288140337896,-1.85623683862196,-0.931065910086369,1.40079539619195,0.621884781488479,-0.000818019499001317
"437",2008,"Pitka","Kuskokwim","Kuskokwim",8.41677226355575,8.51834607985177,0.0904185094990854,0.479810484203816,2.22443558498832,-0.842695958794525,0.244546513241457,1.92499646775577,-0.940204655426023,0.910072247867329,0.752384517410585,-0.769698804431378,-1.56438137927733,0.992288140337896,0.602892478031583,-1.36748325128705,-1.56026568576781,-0.000818019499001317,-1.72183710525436,0.706245995711561
"438",2009,"Pitka","Kuskokwim","Kuskokwim",8.2826046304439,8.54923547531665,0.105117740984588,0.484358310025331,0.702439320595515,-1.79348251637991,0.450328683955679,0.440093231762632,-0.397059713216582,-0.441855231466004,0.0599244305902241,-0.292609107286981,-3.0447855652917,0.602892478031583,-0.620715301793531,1.16253531844661,-0.253475797613797,0.706245995711561,0.615717014304167,-0.00878375971226012
"439",2010,"Pitka","Kuskokwim","Kuskokwim",7.32051978714852,8.91475850791632,0.166671447799082,0.624301012092265,-0.674980441998316,-1.38975246159157,0.776374563356984,2.80693873189922,-1.48639045910408,0.035055438867329,0.521564488470465,-0.31713604778267,0.192030366841414,-0.620715301793531,0.533634794619729,0.627781393480176,-0.378959902884588,-0.00878375971226012,-0.706531001636176,-0.234555736649021
"440",2011,"Pitka","Kuskokwim","Kuskokwim",8.12111929553832,9.44657892498629,0.127334074729069,0.309013059561914,1.22948638624449,0.400999704018723,0.869724828731911,1.3940309716524,-1.51921515732705,-0.677629351132671,2.13730469105131,0.694286870824107,0.0565357464265391,0.533634794619729,-0.0501518631256555,1.75191464435047,1.87374882893723,-0.234555736649021,0.237902757427421,-1.24908375395437
"441",2012,"Pitka","Kuskokwim","Kuskokwim",8.63149160252343,8.97971094553708,0.162200695776604,0.411025799829589,1.90110995369244,1.02635855439462,1.28723628360689,-1.1078057809258,-0.855110859199874,0.789675236200662,-0.978765699640318,0.203816789885144,0.815974729986454,-0.0501518631256555,0.198348199871718,-1.45085886324418,-0.038283423792892,-1.24908375395437,-2.14031245539845,0.385547133038008
"442",2013,"Pitka","Kuskokwim","Kuskokwim",7.78628762451784,8.65031685738234,0.134232949817818,0.483333380523992,0.666952361063042,1.5760910898956,1.45963112202289,-1.11680518479609,-0.372254210955026,1.93087840120066,-0.747945670700197,-0.8948237346567,-0.448641727219043,0.198348199871718,-0.906137014206679,0.550155823726985,0.054755037627569,0.385547133038008,0.907616152458285,-0.814592803341321
"443",1987,"Salcha","Yukon (US)","Yukon",8.4096079807363,9.75805707432592,0.119571337287932,0.168790611112193,1.27449466634752,-0.168182842848829,-1.11856755022012,-0.333856260632496,2.13326745795133,2.00961041486733,-0.116498287437001,-1.07266473302523,-0.91482610420958,-0.649124186352249,-0.414415218552805,1.85351176256656,0.0972322236899316,1.62977646232894,0.836164896567871,-0.225724797326507
"444",1988,"Salcha","Yukon (US)","Yukon",8.33591109419694,10.4563951766815,0.13932118833768,0.119571337287932,0.683777694335811,-0.450256781927279,-1.1231596681299,-0.315857451991981,1.22934600213327,0.183154662867329,-1.20381563684901,-0.565794852622535,0.0665072111807384,-0.414415218552805,1.17226165109296,-0.624506774374119,-1.38864950618918,-0.225724797326507,-0.269378893275338,-0.0644892829753439
"445",1989,"Salcha","Yukon (US)","Yukon",8.13064796816058,10.5582576639751,0.198042200435365,0.119571337287932,2.25295097241096,-0.319203976842451,-1.16353841061299,0.0351196616255506,2.07711734333032,1.90560269420066,-0.116498287437001,1.26077689627447,-1.21720415154129,1.17226165109296,2.98236682653996,1.47787444090929,0.333288212539111,-0.0644892829753439,-1.17666622811463,-1.18475372556951
"446",1990,"Salcha","Yukon (US)","Yukon",9.19085169539232,9.31154225248515,0.13932118833768,0.198042200435365,-0.481175159425894,-0.53505120231723,-0.409177252447506,0.755072676802479,0.605303194768709,1.41279300086733,1.98047088642901,0.133813582155401,0.831480989989518,2.98236682653996,0.461687751972704,-0.125636655493311,-1.19066510170061,-1.18475372556951,0.669170535516622,-0.157576428137015
"447",1991,"Salcha","Yukon (US)","Yukon",8.55448897615993,10.3322459206136,0.129455721445422,0.119571337287932,0.101734980356583,0.268640913441283,0.23967891272426,-0.459848028209116,0.519564766012831,1.76418042220066,-1.28148116180701,-0.607651116587521,-0.119647247099506,0.461687751972704,0.936849987386628,-0.28747249763024,-0.299522143971344,-0.157576428137015,0.530030651525207,-1.09260420590552
"448",1992,"Salcha","Yukon (US)","Yukon",8.97347814852104,9.15556734612889,0.119571337287932,0.265264514514406,0.0427500257357361,-0.840046133157339,0.662912275127818,-0.441849219568601,-1.06189275548094,1.29914490420066,-0.427160387269002,0.559450653204533,0.485108637442363,0.936849987386628,1.62354032280991,0.182445337565521,-0.363927451364229,-1.09260420590552,-1.1106787096793,-0.321036379168649
"449",1993,"Salcha","Yukon (US)","Yukon",9.13905916997122,9.80796735067872,0.0599461050455342,0.13932118833768,0.348951334282187,0.768520328259355,0.87285227026053,0.521087951189696,-0.821515927688113,-1.330623288466,-0.893153537017004,-0.900867830212839,-0.555321259662107,1.62354032280991,0.712396932197401,0.174279308833841,-1.47955413240999,-0.321036379168649,-0.12587630656049,0.418051768622366
"450",1994,"Salcha","Yukon (US)","Yukon",9.77650609077534,8.7268056084461,0.0399840138517517,0.23664781874187,-1.11786569900973,-0.837131324956434,0.379401206566278,-0.927817480334625,0.891616251382732,-0.487292726466005,0.660156962143003,1.18896735093703,-1.48872059577943,0.712396932197401,-0.874700525351942,0.726599797594736,0.637043949947579,0.418051768622366,-0.0308540406267885,1.028292767631
"451",1995,"Salcha","Yukon (US)","Yukon",9.39424400995279,9.41662256621498,0.0798724418309531,0.178567043046363,-0.0535342384247613,-0.972404923734779,0.1332784847373,0.431093827892345,1.664572406684,0.651356856200662,-0.271829337353001,-0.739658820357136,-0.0168847801572145,-0.874700525351942,1.32031118821452,-0.768525826551019,-1.53486205320068,1.028292767631,-0.991225100011713,-1.37734802939959
"452",1996,"Salcha","Yukon (US)","Yukon",8.87024156729927,9.51103738150546,0.198042200435365,0.178567043046363,-1.5316278071589,-0.690993441065626,-0.26192409142034,0.773071539439472,0.837133129229039,1.97658109686733,-1.82513983651301,-0.933126716058352,-0.74869875138673,1.32031118821452,-0.627401489040358,-0.425552619820464,-2.04684952490057,-1.37734802939959,1.0716051253399,1.96191961600512
"453",1997,"Salcha","Yukon (US)","Yukon",9.75231576473439,9.38378935026654,0.0599461050455342,0.23664781874187,-1.98702635386396,-1.61212961452942,-0.38443950400784,0.935060923397181,0.225062571446368,-0.790827154799338,-0.427160387269002,-0.93933415735861,-0.0142582607449955,-0.627401489040358,-1.86442444644685,-0.292669061368582,-0.0327112375546804,1.96191961600512,0.422623671583032,-0.558112898746525
"454",1998,"Salcha","Yukon (US)","Yukon",8.50532301884575,10.5321228782696,0.0699144768469011,0.0997513451195927,-0.154155631601498,1.75068839231941,-0.105968146962429,0.692076793014169,-0.535231890615293,-0.194070259132671,-0.0388327624790002,-1.03104321859859,-0.156418518870572,-1.86442444644685,-0.12085650678104,-1.42477759007875,-0.831607123237822,-0.558112898746525,-0.410558163435833,0.967375961931136
"455",1999,"Salcha","Yukon (US)","Yukon",9.07474971766984,9.46544759849579,0.0399840138517517,0.198042200435365,-0.091700973767662,-0.934909890968597,-0.116923799409464,-1.12580458866638,0.356816740746888,0.439467589533995,0.970819061975004,0.587202392427437,-0.156746938857875,-0.12085650678104,-0.296977726848132,1.26258822889227,0.492550611534453,0.967375961931136,0.172689625150176,-1.24983597718867
"456",2000,"Salcha","Yukon (US)","Yukon",8.57960445153763,9.74782740069566,0.168790611112193,0.13932118833768,-0.227019399074309,1.23874207921508,0.226912612046073,-0.369853904911765,-0.850920666693149,-0.705744345466004,0.815488012059004,-0.227623122886244,1.09052136195884,-0.296977726848132,-0.883292260168498,-0.0766404831032319,-0.8958807127151,-1.24983597718867,-0.988216001967582,-0.0712580069142647
"457",2001,"Salcha","Yukon (US)","Yukon",9.30828344630615,9.84485157705117,0.13932118833768,0.13932118833768,0.0635682450136825,0.276220579522157,0.39519184569733,-1.08980697228529,0.194985907497199,0.153704484533995,-0.427160387269002,2.42008636101445,0.665353637166667,-0.883292260168498,-1.60822282808856,0.947824939598427,1.007143317414,-0.0712580069142647,-0.895482340167378,-0.974943610135485
"458",2002,"Salcha","Yukon (US)","Yukon",9.07234187381889,9.19207456316929,0.0199980004332156,0.188317987127011,-0.0717501802929644,1.04013764770799,0.358632698087328,-0.94581628897514,-0.660071922216195,0.742252827200662,-1.12615011189101,1.60340220696481,1.73664513736471,-1.60822282808856,0.36874582541532,-0.164239700406707,1.46977701602777,-0.974943610135485,0.973730452960086,-1.09788850630665
"459",2003,"Salcha","Yukon (US)","Yukon",9.54945197953433,9.70418259070176,0.0599461050455342,0.129455721445422,-0.678948242566377,-0.734980546642914,0.34284973139699,-1.12580458866638,0.890226185095998,0.914348523200662,-0.504825912227002,-0.897321803848056,1.35809813213942,0.36874582541532,0.358075890109008,-2.15006941470159,-1.55153139173406,-1.09788850630665,0.877736610094502,1.65747995529568
"460",2004,"Salcha","Yukon (US)","Yukon",9.63462723432493,8.92078988846438,0.0399840138517517,0.188317987127011,0.580554023749331,-0.846140732122867,0.15124071034945,-0.270860376844186,1.17028788523134,-0.311288038799338,0.504825912227002,0.056362881375111,-1.40106051039662,0.358075890109008,0.690421374171589,0.526160910544411,0.629575928189681,1.65747995529568,1.95703425598846,-0.0271110780883715
"461",2005,"Salcha","Yukon (US)","Yukon",8.6312359074569,9.8233073354086,0.0399840138517517,0.119571337287932,0.957016822358847,-1.121271254463,-0.0736804633396484,0.404095588383304,0.356061510862617,-2.12774729713267,-0.660156962143003,-0.269983503213579,-1.09868246306491,0.690421374171589,-0.456023031213944,-0.833111690156124,0.0678953870308898,-0.0271110780883715,0.683604941136918,0.137688691021446
"462",2006,"Salcha","Yukon (US)","Yukon",9.24067557177226,9.50621380345425,0.0299932532886313,0.119571337287932,0.949209990129617,-1.08515500459704,0.394201158437261,1.8440016151374,0.0259280106178231,1.04211942386733,0.737822487101003,0.666329931277626,-0.664650130195722,-0.456023031213944,-0.925652169476121,-0.983812038568035,0.432379422921082,0.137688691021446,-0.979628414498257,1.05440807412733
"463",2007,"Salcha","Yukon (US)","Yukon",8.68457030082437,9.17149558815261,0.0499687922466328,0.119571337287932,-0.195792070157389,-0.754324273794372,0.22159263918665,2.08698574552041,-1.46219568097235,-1.12853920413267,-0.0388327624790002,-0.345748659081258,0.186998684155508,-0.925652169476121,-0.359153437839091,-0.582934264467385,0.0254926447415872,1.05440807412733,0.982403288451929,-1.01478814818233
"464",2008,"Salcha","Yukon (US)","Yukon",8.58204416373585,8.22362717580548,0.0299932532886313,0.23664781874187,2.09507947621987,-0.842695958794525,0.244546513241457,1.92499646775577,-0.120712933158191,0.910072247867329,-0.349494862311002,-0.242148290801028,1.78063954764093,-0.359153437839091,0.315204814048557,-0.970449446098013,-0.451951760964429,-1.01478814818233,-0.580224547597147,1.13004033504469
"465",2009,"Salcha","Yukon (US)","Yukon",9.40828918465584,8.95131054209756,0.0399840138517517,0.178567043046363,-0.169769296059958,-1.79348251637991,0.450328683955679,0.440093231762632,0.0700551536148946,-0.441855231466004,0.427160387269002,-0.75842945091577,-0.482106925985726,0.315204814048557,-0.866971262493479,-0.862063973841171,-0.380950744551608,1.13004033504469,0.18613442442581,1.66510959628968
"466",2010,"Salcha","Yukon (US)","Yukon",8.69617584694468,8.51137630609467,0.0299932532886313,0.149166380041951,0.122553199634528,-1.38975246159157,0.776374563356984,2.80693873189922,-1.06848763504286,0.035055438867329,-1.28148116180701,-0.762554565690321,-1.29501478912828,-0.866971262493479,-0.198969869189468,0.290088443574029,0.652956067197579,1.66510959628968,-0.153352927238223,-0.176780999441344
"467",2011,"Salcha","Yukon (US)","Yukon",8.89288614119073,8.73536440110389,0.158989959381933,0.149166380041951,0.656020068631884,0.400999704018723,0.869724828731911,1.3940309716524,-0.957061749944225,-0.677629351132671,2.91245718592501,-0.2335541291872,-0.0461047035573745,-0.198969869189468,0.394052114414116,-1.15901047317499,-0.290133688784829,-0.176780999441344,-1.28554891997826,0.333734776546104
"468",2012,"Salcha","Yukon (US)","Yukon",8.86120833720818,9.36606124697296,0.0299932532886313,0.119571337287932,0.684645120139059,1.02635855439462,1.28723628360689,-1.1078057809258,-0.11427724685083,0.789675236200662,-0.970819061975004,-0.310467117490201,-1.71427295030373,0.394052114414116,1.07851285728388,-1.56285771226897,-1.21261586659688,0.333734776546104,-1.16489595448915,0.234849572390016
"469",2013,"Salcha","Yukon (US)","Yukon",8.60940767540405,8.87346805533363,0.0499687922466328,0.178567043046363,1.04722910589661,1.5760910898956,1.45963112202289,-1.11680518479609,-0.680329879207793,1.93087840120066,-1.12615011189101,0.989849799635076,-0.873786738393659,1.07851285728388,-1.42855787838935,1.55879259953495,1.42926914886828,0.234849572390016,0.57745858184387,-1.23521143537779
"470",2014,"Salcha","Yukon (US)","Yukon",8.62604759632832,9.09470502837726,0.23664781874187,0.23664781874187,3.02322508569495,0.909103769949138,1.50121983002607,-1.12580458866638,-1.03651368927032,1.79354898186733,-1.28148116180701,1.35911424695074,0.358707495790101,-1.42855787838935,-0.36693989296168,0.259651427392313,0.796498261611616,-1.23521143537779,-1.40799176540562,0.172716609353729
"471",2015,"Salcha","Yukon (US)","Yukon",8.81596356085344,9.2068342326469,0.0499687922466328,0.46388794069968,0.498148572440796,1.63648090735669,1.48911303731073,-0.432849815698314,-0.544410373113804,0.151237209867329,-0.0388327624790002,0.115046024212304,0.840673807932285,-0.36693989296168,-1.2168104684932,1.03393942440523,2.26761031206271,0.172716609353729,0.406306708015537,0.340467439203746
"472",2016,"Salcha","Yukon (US)","Yukon",7.93808872689695,9.08262063037381,0.119571337287932,0.675207157001637,0.296905786087323,1.7797039830466,1.46777285570747,-0.477846871047401,-2.14356285455978,2.011604547534,-0.0388327624790002,1.34337549024551,1.64931357702998,-1.2168104684932,0.846153468874566,-1.19612878559171,0.207043558053292,0.340467439203746,1.33943822769391,1.37070346683442
"473",1985,"Stewart","Yukon (CA)","Yukon",8.27463213167587,7.71845589129385,0.201805427294765,0.643903041120077,0.0488220063584715,0.258006668136884,-1.27917654971365,-1.12580458866638,0.503640325437147,-0.335565367799338,0.736646271462287,0.236959667351693,-0.0366197771984755,0.322602155178863,0.359943412697841,1.30131589794598,-1.26120789517675,-1.06235403113537,-0.321283946287489,-0.211998684316269
"474",1986,"Stewart","Yukon (CA)","Yukon",8.51462625964469,9.49920470595614,0.195576112960087,0.40264987408556,-0.291208908514641,-0.346118634385869,-1.29574183544293,0.0441190744952505,0.223767349258781,0.533319712200663,-0.851150873243988,-0.248765578321897,2.96308941163051,0.359943412697841,0.496305131391368,-0.264785035451025,-0.519697766626762,-0.211998684316269,-1.00285525339434,-0.372252962456406
"475",1987,"Stewart","Yukon (CA)","Yukon",8.19195883467932,9.18649458871583,0.207986600887597,0.502016236115313,1.27449466634752,-0.168182842848829,-1.11856755022012,-0.333856260632496,2.13326745795133,2.00961041486733,-1.24810015942056,-0.840699454411572,0.284478800545771,0.496305131391368,1.02893758339336,-0.163412584015817,-0.248005373823233,-0.372252962456406,-0.552825230301312,-0.223574132043227
"476",1988,"Stewart","Yukon (CA)","Yukon",8.68278382668259,8.75238685569985,0.244457799469491,0.617714859345425,0.683777694335811,-0.450256781927279,-1.1231596681299,-0.315857451991981,1.22934600213327,0.183154662867329,-1.04962551633227,-1.36824840691901,-0.60037265473642,1.02893758339336,-0.0735269212847258,-0.717857828600224,-1.73717370768557,-0.223574132043227,-0.257439758587646,1.04595483647442
"477",1989,"Stewart","Yukon (CA)","Yukon",9.23700358184444,9.80682416050017,0.301032837120976,0.298651638488329,2.25295097241096,-0.319203976842451,-1.16353841061299,0.0351196616255506,2.07711734333032,1.90560269420066,-0.851150873243988,-0.238929745006236,-1.44338716177832,-0.0735269212847258,0.957736374960587,-0.0847972135150424,-0.115720819080141,1.04595483647442,0.362576499804271,0.0466041995583928
"478",1990,"Stewart","Yukon (CA)","Yukon",8.71504565011057,8.80346976840664,0.316489462567941,0.503477646346348,-0.481175159425894,-0.53505120231723,-0.409177252447506,0.755072676802479,0.605303194768709,1.41279300086733,0.538171628374003,0.165601106159388,-0.0292983112564243,0.957736374960587,2.75910596678335,0.533781622793681,-0.731500461711992,0.0466041995583928,1.45283027707795,-0.192730112683819
"479",1991,"Stewart","Yukon (CA)","Yukon",8.40558689521833,8.42432924047442,0.19670224706969,0.614383427146249,0.101734980356583,0.268640913441283,0.23967891272426,-0.459848028209116,0.519564766012831,1.76418042220066,-1.24810015942056,-0.268038659378435,0.49575538915925,2.75910596678335,1.24302288761694,-0.395121044439151,-0.213948117533315,-0.192730112683819,2.03590673519646,-1.40080370430767
"480",1992,"Stewart","Yukon (CA)","Yukon",8.40395130626113,10.0249352923676,0.242737157379593,0.20152216498888,0.0427500257357361,-0.840046133157339,0.662912275127818,-0.441849219568601,-1.06189275548094,1.29914490420066,-0.851150873243988,-0.388245109526315,-0.3116977118784,1.24302288761694,0.426295641465058,0.587571086820527,-0.804929317018634,-1.40080370430767,-1.03484085828348,-0.462244530434106
"481",1993,"Stewart","Yukon (CA)","Yukon",8.12222108529615,9.02753388890069,0.249669219034469,0.354874330849109,0.348951334282187,0.768520328259355,0.87285227026053,0.521087951189696,-0.821515927688113,-1.330623288466,-0.652676230155703,-1.02114561853823,0.0794777541683369,0.426295641465058,-0.310449146753747,-1.2847160264216,-1.10998724536448,-0.462244530434106,0.513337684702665,1.64755347948767
"482",1994,"Stewart","Yukon (CA)","Yukon",8.08562949759738,7.91514667920471,0.175012974025368,0.431464073440489,-1.11786569900973,-0.837131324956434,0.379401206566278,-0.927817480334625,0.891616251382732,-0.487292726466005,0.339696985285719,-0.945541794679748,-1.5542550746151,-0.310449146753747,-1.46793278767159,-0.597865947309569,-0.668633490941886,1.64755347948767,-0.551333993383914,0.588540178206637
"483",1995,"Stewart","Yukon (CA)","Yukon",8.68568734707465,8.21682297496739,0.1900919579043,0.403372835081869,-0.0535342384247613,-0.972404923734779,0.1332784847373,0.431093827892345,1.664572406684,0.651356856200662,-0.255726943979134,-0.0789913635819234,-0.094145581028878,-1.46793278767159,0.811232741785566,-0.190307316029239,-0.374308523950161,0.588540178206637,0.361568580654569,-1.27936058658715
"484",1996,"Stewart","Yukon (CA)","Yukon",8.32171594202982,7.85213655201539,0.199353583036421,0.573668039573759,-1.5316278071589,-0.690993441065626,-0.26192409142034,0.773071539439472,0.837133129229039,1.97658109686733,-0.255726943979134,-0.398046796674924,-0.304376245936349,0.811232741785566,-0.288704871436397,0.85444958141526,0.235772737741483,-1.27936058658715,-0.324063457303054,0.612411387631728
"485",1997,"Stewart","Yukon (CA)","Yukon",8.43187146406659,8.83366837486944,0.181001335524832,0.381424398773224,-1.98702635386396,-1.61212961452942,-0.38443950400784,0.935060923397181,0.225062571446368,-0.790827154799338,0.538171628374003,-1.24906478204056,0.0198601029259197,-0.288704871436397,-1.97162472208493,-1.51228683576594,-1.20654739881949,0.612411387631728,-0.474926386432869,-0.352924332852673
"486",1998,"Stewart","Yukon (CA)","Yukon",8.8288180264725,9.13909100096196,0.171318866839343,0.306299337022174,-0.154155631601498,1.75068839231941,-0.105968146962429,0.692076793014169,-0.535231890615293,-0.194070259132671,-0.0572523008908502,1.12219728643527,-1.66512298745187,-1.97162472208493,1.04655771949338,-1.04266343830079,-0.546671703209367,-0.352924332852673,0.0118449256204663,0.146353271845587
"487",1999,"Stewart","Yukon (CA)","Yukon",7.7700618908989,8.68835396427073,0.239972709866768,0.30736724401622,-0.091700973767662,-0.934909890968597,-0.116923799409464,-1.12580458866638,0.356816740746888,0.439467589533995,0.538171628374003,-1.19212438046435,-0.638025908152684,1.04655771949338,-0.594432487610592,0.686874712716241,0.0691706340046473,0.146353271845587,0.937525846797281,-0.564262827612298
"488",2000,"Stewart","Yukon (CA)","Yukon",7.47391623861077,6.54307836315835,0.203645601375496,0.471616527994085,-0.227019399074309,1.23874207921508,0.226912612046073,-0.369853904911765,-0.850920666693149,-0.705744345466004,1.33207020072714,-1.50262720598305,0.0418245007520734,-0.594432487610592,-0.00520039256250444,1.75231986555568,-0.554089026444352,-0.564262827612298,-1.64075986565603,-0.67038428101511
"489",2001,"Stewart","Yukon (CA)","Yukon",8.10062236464335,8.7829704525767,0.213497671319572,0.109337450968239,0.0635682450136825,0.276220579522157,0.39519184569733,-1.08980697228529,0.194985907497199,0.153704484533995,-0.851150873243988,0.214810219228407,1.65359293170935,-0.00520039256250444,-0.58136185838208,0.304141987909841,0.121678651873691,-0.67038428101511,-1.65193372725247,0.870230455518734
"490",2002,"Stewart","Yukon (CA)","Yukon",7.72403235400139,7.0480129356574,0.19168350356383,0.311259439602371,-0.0717501802929644,1.04013764770799,0.358632698087328,-0.94581628897514,-0.660071922216195,0.742252827200662,-0.255726943979134,2.59433974378945,2.06987056670026,-0.58136185838208,1.62449085383314,0.399307962726567,-0.014791420449941,0.870230455518734,1.37484482736094,-0.769830778721344
"491",2003,"Stewart","Yukon (CA)","Yukon",8.33911371626507,9.08081529305114,0.210486442274412,0.0637625026110872,-0.678948242566377,-0.734980546642914,0.34284973139699,-1.12580458866638,0.890226185095998,0.914348523200662,-1.24810015942056,-0.709480586809724,-0.0313901586684389,1.62449085383314,1.8605814264132,-1.79778476021612,-1.53972139893524,-0.769830778721344,-0.292747566721294,0.547518687856137
"492",2004,"Stewart","Yukon (CA)","Yukon",8.21504180134166,8.26814265431565,0.197798018649606,0.121576312119185,0.580554023749331,-0.846140732122867,0.15124071034945,-0.270860376844186,1.17028788523134,-0.311288038799338,1.13359555763886,0.879531660197319,-0.678816932686969,1.8605814264132,0.542984834455057,-0.488218193716384,0.6891407575676,0.547518687856137,1.6934419256546,0.141560361889049
"493",2005,"Stewart","Yukon (CA)","Yukon",8.02606189595925,8.22346682931753,0.231268629471925,0.087206926742001,0.957016822358847,-1.121271254463,-0.0736804633396484,0.404095588383304,0.356061510862617,-2.12774729713267,-0.255726943979134,-0.79761528661176,-1.04698207720155,0.542984834455057,-0.499527671815924,-0.970254544418499,-0.918493121359899,0.141560361889049,-0.268407474529662,1.32175443028318
"494",2006,"Stewart","Yukon (CA)","Yukon",7.4634536140094,8.29207208195565,0.067115054233708,0.0844305851906622,0.949209990129617,-1.08515500459704,0.394201158437261,1.8440016151374,0.0259280106178231,1.04211942386733,-0.255726943979134,-0.526002694933023,-0.55748978279012,-0.499527671815924,-0.0484838958671502,-0.0382487050788431,0.233487359013404,1.32175443028318,-0.114877589454184,1.31564017526929
"495",2007,"Stewart","Yukon (CA)","Yukon",7.5183558976548,6.49154180870118,0.0916695373022467,0.267106682700224,-0.195792070157389,-0.754324273794372,0.22159263918665,2.08698574552041,-1.46219568097235,-1.12853920413267,-0.255726943979134,0.988895821658489,0.323177977668042,-0.0484838958671502,0.0351449272798666,0.411720915963532,1.30616580730485,1.31564017526929,1.31326384236574,0.472456656664643
"496",2008,"Stewart","Yukon (CA)","Yukon",7.79686753773897,8.00217308984834,0.0259823304036792,0.130056910075505,2.09507947621987,-0.842695958794525,0.244546513241457,1.92499646775577,-0.120712933158191,0.910072247867329,-1.24810015942056,1.6553402416663,1.49618124660746,0.0351449272798666,-1.04342380817666,0.0445043165009192,-0.0589640568441079,0.472456656664643,-0.125502798168299,-0.126690883548506
"497",2009,"Stewart","Yukon (CA)","Yukon",8.50637117976095,8.2864707934467,0.0291503492580281,0.0909514184860119,-0.169769296059958,-1.79348251637991,0.450328683955679,0.440093231762632,0.0700551536148946,-0.441855231466004,0.339696985285719,0.923714937374025,-0.524020224197886,-1.04342380817666,-1.2770235957039,-0.428222253071056,1.60961146707012,-0.126690883548506,0.294275687321638,0.0078807891435754
"498",2010,"Stewart","Yukon (CA)","Yukon",7.60387321313357,7.58754234402689,0.0524267540501183,0.14663224353749,0.122553199634528,-1.38975246159157,0.776374563356984,2.80693873189922,-1.06848763504286,0.035055438867329,-0.851150873243988,1.16182417650521,-1.37958581571187,-1.2770235957039,-0.78737322401745,1.51647375405336,1.97929109620619,0.0078807891435754,-0.41161773477946,-1.51651980826736
"499",2011,"Stewart","Yukon (CA)","Yukon",7.83578039154701,9.13169444827802,0.0255284091742531,0.0460890224500041,0.656020068631884,0.400999704018723,0.869724828731911,1.3940309716524,-0.957061749944225,-0.677629351132671,1.92749412999199,-0.123963417917038,0.95596181980247,-0.78737322401745,-0.659643251194898,0.842036628178296,0.400877345803856,-1.51651980826736,-1.0899374178604,-1.27485501746096
"500",2012,"Stewart","Yukon (CA)","Yukon",7.51724893283552,8.3033399340151,0.0588557514409016,0.1376388874896,0.684645120139059,1.02635855439462,1.28723628360689,-1.1078057809258,-0.11427724685083,0.789675236200662,-0.652676230155703,1.08228901650585,-0.412106387655103,-0.659643251194898,0.23267196235597,-0.546145308822217,0.841975239803526,-1.27485501746096,-1.02256161997875,1.26449505874883
"501",2013,"Stewart","Yukon (CA)","Yukon",6.76267297806226,8.50036646863194,0.123083771064916,0.174152652453828,1.04722910589661,1.5760910898956,1.45963112202289,-1.11680518479609,-0.680329879207793,1.93087840120066,-0.255726943979134,1.03663537906809,-0.150625461153273,0.23267196235597,-1.0898712446326,-0.448910508465997,2.29152985887157,1.26449505874883,0.670145294636627,-0.139917485228074
"502",2014,"Stewart","Yukon (CA)","Yukon",8.3136013910262,8.70784075420965,0.0593960807348585,0.336385213333207,3.02322508569495,0.909103769949138,1.50121983002607,-1.12580458866638,-1.03651368927032,1.79354898186733,-2.43894801795026,2.02615364272173,-0.0272064638444096,-1.0898712446326,1.0684790416013,0.122085340434363,2.2909124370528,-0.139917485228074,-0.385288147185498,0.0892317106016917
"503",2015,"Stewart","Yukon (CA)","Yukon",8.31302056934402,8.34919710752613,0.0279950601770102,0.707357776101383,0.498148572440796,1.63648090735669,1.48911303731073,-0.432849815698314,-0.544410373113804,0.151237209867329,-0.454201587067419,0.509104632574206,0.157922032118886,1.0684790416013,-0.370753649961718,0.173805978921715,1.44667328721739,0.0892317106016917,0.660215513757409,1.6228915087584
"504",1980,"Swift","Kuskokwim","Kuskokwim",8.16156086096063,9.86889390476487,0.72540052546636,0.388691640316419,-1.11791027023698,0,-2.01802025249725,0.0171208367860922,1.72855273791902,-0.302185813132671,0.867794531880645,-0.830886370690442,0.755607255005494,-0.863332260034834,-0.261805046443732,-0.411720194087242,0.124471644315954,-0.947612227158552,-1.15549236830624,-0.873219987512296
"505",1981,"Swift","Kuskokwim","Kuskokwim",8.03479891833366,7.43848858302333,0.790492501394372,0.703361323940336,0.402771662321285,0,-1.77101670670564,-0.423850383929847,1.8071152081044,0.415989796867329,0.0599244305902241,0.189769940519501,0.316518940247161,-0.261805046443732,-0.380390834459369,0.970765036492234,1.13000327870134,-0.873219987512296,-1.49193901355201,-0.347867353401748
"506",1982,"Swift","Kuskokwim","Kuskokwim",7.75124226498358,6.14174934915553,0.736231291894737,1.07767066303834,-0.191306326889031,1.37825539901292,-1.40413179453567,0.0171208367860922,1.66608812508933,-1.067292888466,0.290744459530344,-0.112457718933596,0.181951199274675,-0.380390834459369,-1.41574640260987,-0.60064218600551,-0.654295348092967,-0.347867353401748,0.94742155721334,0.768868338479827
"507",1983,"Swift","Kuskokwim","Kuskokwim",7.02428424203639,8.0776566187772,0.142758772553231,0.709869154989032,-0.660522791818418,0.281757550345353,-1.34456479966258,-0.126869774528753,1.49271020071685,-0.049611727132671,1.67566463317107,-0.478227729632379,0.867220968127741,-1.41574640260987,0.406227237509744,-0.553853188715841,-0.55853578843975,0.768868338479827,-0.186778573451655,-0.628376094018085
"508",1984,"Swift","Kuskokwim","Kuskokwim",8.13386104325614,9.33058395089945,0.105901442756126,1.22699137971171,0.985020665020779,0.820202119821548,-1.48983394715242,-0.126869774528753,1.21241213717676,0.410774907200663,0.406154474000405,0.840378759926525,-0.437876165150655,0.406227237509744,1.95612354253708,3.0662690316714,1.63951082541507,-0.628376094018085,-0.731801268050678,-0.470345770918825
"509",1985,"Swift","Kuskokwim","Kuskokwim",8.3202919467887,8.69340399006252,0.119014159464913,0.951596634613042,-0.404228084083879,0.258006668136884,-1.27917654971365,-1.12580458866638,1.56858376405733,-0.335565367799338,0.867794531880645,-0.282440359310788,1.37319835806835,1.95612354253708,-0.559335229552617,0.394582388243062,0.552570568028325,-0.470345770918825,0.357265948668039,-0.680214598612431
"510",1986,"Swift","Kuskokwim","Kuskokwim",8.32456412085204,8.99972879511708,0.416697328103666,0.723424380261857,-0.80509929361739,-0.346118634385869,-1.29574183544293,0.0441190744952505,1.12739071296402,0.533319712200663,0.0599244305902241,-0.620468827467578,1.69902887025114,-0.559335229552617,0.370154269290517,0.440782843501832,-0.14151246448127,-0.680214598612431,-0.874436478414994,-1.38926042084949
"511",1987,"Swift","Kuskokwim","Kuskokwim",7.38049756593226,7.98527645918093,0.132518963473194,0.752139842634789,1.46212312095738,-0.168182842848829,-1.11856755022012,-0.333856260632496,0.801156433276907,2.00961041486733,0.0599244305902241,-1.30315192689775,0.107761336469945,0.370154269290517,-0.227170701614963,-0.255756555899263,-0.343153499753065,-1.38926042084949,-1.89090273246583,0.615078680581316
"512",1988,"Swift","Kuskokwim","Kuskokwim",7.8448299467417,8.92338489772384,0.940658979471314,0.57010598221991,1.24262970458985,-0.450256781927279,-1.1231596681299,-0.315857451991981,0.87117365199568,0.183154662867329,-0.517125641760077,-0.263084680531719,-0.859206141786812,-0.227170701614963,-0.653848332871473,0.444608460869394,0.665591261911261,0.615078680581316,1.40903237659539,0.368117381965179
"513",1989,"Swift","Kuskokwim","Kuskokwim",9.26303085398299,8.08798848544086,1.10258867908738,1.02621080997221,0.719525634444487,-0.319203976842451,-1.16353841061299,0.0351196616255506,0.4999523443463,1.90560269420066,-0.286305612819956,-0.691035482974668,-0.436823826671155,-0.653848332871473,0.133526808063222,2.03720319647947,-0.432699917417891,0.368117381965179,1.40701658969457,-0.563557626075268
"514",1990,"Swift","Kuskokwim","Kuskokwim",8.86263541137112,9.78866877344914,0.817028253639657,0.340510438344594,-0.652636800811201,-0.53505120231723,-0.409177252447506,0.755072676802479,0.00241819546050322,1.41279300086733,1.56025461870101,-0.349174832074712,2.142326033805,0.133526808063222,-0.765219054568639,1.19323392417169,-0.776907273473791,-0.563557626075268,-0.179441700287595,-0.923947105942197
"515",1991,"Swift","Kuskokwim","Kuskokwim",8.22749160536863,7.786372739877,0.7255987802244,0.596280544224694,0.561805814300154,0.268640913441283,0.23967891272426,-0.459848028209116,0.20214769654752,1.76418042220066,-0.978765699640318,-0.41407183633188,-0.395256456730917,-0.765219054568639,-0.331895584115542,-0.198079436871256,-1.19385272407473,-0.923947105942197,-0.933384059019952,-0.742000666560526
"516",1992,"Swift","Kuskokwim","Kuskokwim",8.17647283339659,8.01823013625414,0.137574180694498,0.630495448253168,1.3136036236548,-0.840046133157339,0.662912275127818,-0.441849219568601,0.338248854729961,1.29914490420066,-0.401715627290017,-1.28797020632355,-0.5516603053401,-0.331895584115542,0.185956999566023,0.712395084927999,-1.16419761581162,-0.742000666560526,-0.413399523085454,0.679289716978463
"517",1993,"Swift","Kuskokwim","Kuskokwim",8.196021771025,7.47176266856084,0.122784309197946,0.701818408607911,-0.408171079587487,0.768520328259355,0.87285227026053,0.521087951189696,0.328891266140669,-1.330623288466,-0.517125641760077,-0.802731082213068,1.270858440937,0.185956999566023,0.0612682911172625,0.781254502543068,-1.12587210365604,0.679289716978463,1.62284233120709,-0.816124506709576
"518",1994,"Swift","Kuskokwim","Kuskokwim",8.5946132634899,7.81488728260938,0.117640684653063,1.18906215589188,0.0886463538671587,-0.837131324956434,0.379401206566278,-0.927817480334625,0.360307379925145,-0.487292726466005,-0.170895598349896,1.16204651894723,0.84005716542411,0.0612682911172625,-0.848665641566941,-0.580631756954977,-0.0990795240448772,-0.816124506709576,-0.0237152951231898,0.415036415061159
"519",1995,"Swift","Kuskokwim","Kuskokwim",8.97822542532531,7.63703286573469,0.129143864495442,0.607555303535549,0.0557880580037557,-0.972404923734779,0.1332784847373,0.431093827892345,0.352492657139844,0.651356856200662,-0.978765699640318,-0.709326609951482,-1.33867790360241,-0.848665641566941,-0.628984951236147,-0.781913131522103,-0.279442570901416,0.415036415061159,-0.867377202099837,0.665681608720225
"520",1996,"Swift","Kuskokwim","Kuskokwim",8.69456816046192,7.39524079559244,0.213349504499785,0.834039423529243,-0.0191288565648025,-0.690993441065626,-0.26192409142034,0.773071539439472,0.187642788192855,1.97658109686733,-0.517125641760077,2.20980431152443,0.44095804963508,-0.628984951236147,0.765095351791315,-2.21059881736035,-1.50934773009375,0.665681608720225,1.71292252763014,0.525172822349641
"521",1997,"Swift","Kuskokwim","Kuskokwim",7.67341307705337,8.57733209711298,0.128979307806284,0.482731116964662,-1.94988232149833,-1.61212961452942,-0.38443950400784,0.935060923397181,-0.677266790381712,-0.790827154799338,0.867794531880645,-0.357886183712663,-2.10333339336242,0.765095351791315,-1.24279295826703,0.162991004917961,1.13820287038533,0.525172822349641,0.00441754152519851,1.63250471746629
"522",1998,"Swift","Kuskokwim","Kuskokwim",7.61499464110978,9.19586318741723,0.523864787273906,0.356117322413038,-0.505431635343158,1.75068839231941,-0.105968146962429,0.692076793014169,-1.05818377560981,-0.194070259132671,-0.0554855838798361,0.122163804322516,-0.0429861507183884,-1.24279295826703,-0.394234736901076,1.03138486567473,-0.254415429335191,1.63250471746629,1.00410166880176,-0.564915798665623
"523",1999,"Swift","Kuskokwim","Kuskokwim",7.29607661498256,8.16619550068841,0.790847927559991,0.621955474032832,-1.34134668210812,-0.934909890968597,-0.116923799409464,-1.12580458866638,-0.106185171401277,0.439467589533995,0.636974502940525,-1.02603094974312,0.277582416505672,-0.394234736901076,-0.302858970306223,-0.419959782519814,-1.24756627681894,-0.564915798665623,-0.231869440604915,-0.397851648960465
"524",2000,"Swift","Kuskokwim","Kuskokwim",7.24407781193453,7.50248681393173,0.79697482981465,0.758573543378184,-2.22720633858545,1.23874207921508,0.226912612046073,-0.369853904911765,-0.13581214951335,-0.705744345466004,0.406154474000405,2.215439256123,-0.607828829589858,-0.302858970306223,3.38237226928888,0.327488596720686,3.1794992075884,-0.397851648960465,0.581634321731902,-0.923692596120998
"525",2001,"Swift","Kuskokwim","Kuskokwim",7.6089431399996,9.59842276485519,0.135153498463103,0.194626760642558,0.488203231566133,0.276220579522157,0.39519184569733,-1.08980697228529,-0.128795344375502,0.153704484533995,-0.978765699640318,0.329977437185113,-0.273448277728825,3.38237226928888,0.0564766777611458,-0.785150018525318,-0.592040911107063,-0.923692596120998,-1.59212662385369,-0.396633855364371
"526",2002,"Swift","Kuskokwim","Kuskokwim",8.18740236887914,7.68048109145797,0.112279059094633,0.549818743927921,0.243737510342419,1.04013764770799,0.358632698087328,-0.94581628897514,-0.315433857052252,0.742252827200662,-0.978765699640318,0.742185850555561,-0.716088108574852,0.0564766777611458,0.31530378399346,-0.712170806693962,-0.706443276621735,-0.396633855364371,0.876268632842527,0.20588386293431
"527",2003,"Swift","Kuskokwim","Kuskokwim",8.52848460148546,8.05549226847349,0.0945694605303708,0.497293740067598,-0.0191288565648025,-0.734980546642914,0.34284973139699,-1.12580458866638,0.251120119348879,0.914348523200662,-0.170895598349896,3.33811366673445,-0.299756739716318,0.31530378399346,1.77831793943734,-0.483522321856801,0.110868549494364,0.20588386293431,-0.194717308709607,2.41974285444952
"528",2004,"Swift","Kuskokwim","Kuskokwim",8.41747953012634,7.93768695871613,0.119088406288312,0.426706649221511,0.622265078688813,-0.846140732122867,0.15124071034945,-0.270860376844186,-0.472618991584508,-0.311288038799338,1.44484460423095,-0.482005848501338,-1.52402106039783,1.77831793943734,-0.521678144281875,0.40105635058294,-0.53765039734166,2.41974285444952,0.324329434109654,1.18438522960744
"529",2005,"Swift","Kuskokwim","Kuskokwim",8.68851669691928,7.73786189922661,0.104828509924037,0.403132546051678,0.758955589480569,-1.121271254463,-0.0736804633396484,0.404095588383304,-0.448089008595094,-2.12774729713267,-0.863355685170257,-0.354156754983953,-0.239312943066205,-0.521678144281875,0.307283592270703,0.067353019063756,0.00298532314686202,1.18438522960744,1.63363446311193,-0.58152380009745
"530",2006,"Swift","Kuskokwim","Kuskokwim",8.56937123538045,6.70492902597939,0.100457159429679,0.652621722583309,1.59355630441099,-1.08515500459704,0.394201158437261,1.8440016151374,-0.773056322951777,1.04211942386733,0.290744459530344,-0.314147366403999,0.736138993134749,0.307283592270703,-0.285554085755245,-0.881082557895146,-0.2766120844131,-0.58152380009745,-0.0190291192952163,1.8010258313988
"531",2007,"Swift","Kuskokwim","Kuskokwim",8.14772500591148,7.84142577353315,0.0895673732984412,0.275787426366697,-0.00335687455036866,-0.754324273794372,0.22159263918665,2.08698574552041,-1.72388566710767,-1.12853920413267,-0.170895598349896,0.0606710808889438,0.134464383293711,-0.285554085755245,0.777876079590112,-1.09590021083948,-0.962601294241762,1.8010258313988,1.20908398540686,-0.700905256261538
"532",2008,"Swift","Kuskokwim","Kuskokwim",7.41991523934395,6.69026584146005,0.115975621615837,0.806922877558907,2.22443558498832,-0.842695958794525,0.244546513241457,1.92499646775577,-0.940204655426023,0.910072247867329,0.752384517410585,0.440158925238852,-1.79637939207658,0.777876079590112,2.29735257544302,-2.08818207493356,-0.868798890728222,-0.700905256261538,-1.0901442884995,0.786062923930374
"533",2009,"Swift","Kuskokwim","Kuskokwim",7.42195769270063,7.90427226669053,0.102066745152297,0.329256979967423,0.702439320595515,-1.79348251637991,0.450328683955679,0.440093231762632,-0.397059713216582,-0.441855231466004,0.0599244305902241,-0.71956921536178,-2.0028350685702,2.29735257544302,-0.485579197898046,-0.0250480797872349,-0.401327887346642,0.786062923930374,-0.141354098474108,0.497500458749517
"534",2010,"Swift","Kuskokwim","Kuskokwim",6.63857436265755,7.0821085974646,0.129723074755089,0.669997872339722,-0.674980441998316,-1.38975246159157,0.776374563356984,2.80693873189922,-1.48639045910408,0.035055438867329,0.521564488470465,-0.690433198021795,1.75980099650686,-0.485579197898046,0.728388349783097,-0.259876350115549,-0.0852278826866225,0.497500458749517,-0.437728428855299,-0.218313167845803
"535",2011,"Swift","Kuskokwim","Kuskokwim",6.90944166708946,7.1731351466249,0.119824161514645,0.476900266404351,1.22948638624449,0.400999704018723,0.869724828731911,1.3940309716524,-1.51921515732705,-0.677629351132671,2.13730469105131,-0.135581113724781,0.14643477559156,0.728388349783097,0.148223024955719,1.41128884078614,1.31613869081628,-0.218313167845803,-1.10774933625896,-0.943433177878899
"536",2012,"Swift","Kuskokwim","Kuskokwim",7.05781732398708,7.46291862943423,0.120720453200487,0.57626450801334,1.90110995369244,1.02635855439462,1.28723628360689,-1.1078057809258,-0.855110859199874,0.789675236200662,-0.978765699640318,0.478879664254988,0.946080688169098,0.148223024955719,0.138702258417093,-1.10413979927205,-0.554001962166774,-0.943433177878899,-1.24170448549593,-0.30651646791857
"537",2013,"Swift","Kuskokwim","Kuskokwim",6.47451979921703,8.95746127974188,0.097561117468792,0.346653556805344,0.666952361063042,1.5760910898956,1.45963112202289,-1.11680518479609,-0.372254210955026,1.93087840120066,-0.747945670700197,-1.34239948347946,-0.555474990234747,0.138702258417093,-0.933391873962415,-0.570920719278434,0.108996223292765,-0.30651646791857,1.14226882407341,0.824714812912273
"538",1996,"Takotna","Kuskokwim","Kuskokwim",6.06681047078018,6.34981773938022,0.050089633188406,0.0995778811332631,-0.0191288565648025,-0.690993441065626,-0.26192409142034,0.773071539439472,0.187642788192855,1.97658109686733,-0.517125641760077,1.27943913720336,-0.201160047284543,-0.256630638759182,0.671336850326497,-1.62337157271026,-1.31590224671782,0.410310469862109,0.651460095596184,2.47974738413528
"539",1997,"Takotna","Kuskokwim","Kuskokwim",7.05848524711038,6.08369937862899,0.0501897053384709,0.103456289466683,-1.94988232149833,-1.61212961452942,-0.38443950400784,0.935060923397181,-0.677266790381712,-0.790827154799338,0.867794531880645,-0.407961497351008,-1.04551737554435,0.671336850326497,-1.42124548628011,1.68349359043135,1.96435598347375,2.47974738413528,1.00139158825508,-1.50055158051001
"540",1998,"Takotna","Kuskokwim","Kuskokwim",6.97120782537791,6.35638643668621,0.208331164948849,0.0899853820141751,-0.505431635343158,1.75068839231941,-0.105968146962429,0.692076793014169,-1.05818377560981,-0.194070259132671,-0.0554855838798361,-0.669875381545496,0.961261423598874,-1.42124548628011,-0.690146734189901,0.808565664684292,-0.320063095754746,-1.50055158051001,-0.884786990705576,-0.366574324654967
"541",1999,"Takotna","Kuskokwim","Kuskokwim",6.82757555860641,6.05049164089678,0.137172940893683,0.104105079529849,-1.34134668210812,-0.934909890968597,-0.116923799409464,-1.12580458866638,-0.106185171401277,0.439467589533995,0.636974502940525,-0.582070812774263,-0.491193357194923,-0.690146734189901,-0.263628903456897,-0.29415414705608,-0.826748387725355,-0.366574324654967,-0.452014989355282,-0.271049077500622
"542",2000,"Takotna","Kuskokwim","Kuskokwim",5.80979802831078,6.70729428266293,0.0459631331919975,0.0630665918786057,-2.22720633858545,1.23874207921508,0.226912612046073,-0.369853904911765,-0.13581214951335,-0.705744345466004,0.406154474000405,0.614792446133753,-0.20630856757881,-0.263628903456897,0.773069916035057,0.390515783003377,1.17273733333284,-0.271049077500622,1.22314677556025,-0.319365370295475
"543",2001,"Takotna","Kuskokwim","Kuskokwim",6.51212251040856,6.18847819292411,0.0450150818706636,0.0773363942304431,0.488203231566133,0.276220579522157,0.39519184569733,-1.08980697228529,-0.128795344375502,0.153704484533995,-0.978765699640318,-0.0587898320741732,0.483593151852981,0.773069916035057,-0.365892002565469,-1.10566274090727,-0.816527457533782,-0.319365370295475,-0.554206421785593,0.810421864699018
"544",2002,"Takotna","Kuskokwim","Kuskokwim",5.93105471811195,6.66927109763279,0.0408357013036574,0.0673137831252497,0.243737510342419,1.04013764770799,0.358632698087328,-0.94581628897514,-0.315433857052252,0.742252827200662,-0.978765699640318,-0.0324705491638616,-1.12160106433741,-0.365892002565469,0.0860119976914708,0.535474255908214,0.300116619944666,0.810421864699018,1.1568314050032,-0.628062265000043
"545",2003,"Takotna","Kuskokwim","Kuskokwim",5.87558210324467,6.92055992591182,0.0398076276008115,0.0712830652764107,-0.0191288565648025,-0.734980546642914,0.34284973139699,-1.12580458866638,0.251120119348879,0.914348523200662,-0.170895598349896,4.6936915628328,-0.371633274805832,0.0860119976914708,2.47810787186029,-1.34510307561615,-0.460673743611988,-0.628062265000043,-0.443046523242954,2.18823722182045
"546",2004,"Takotna","Kuskokwim","Kuskokwim",6.16379133630864,6.15189975731446,0.0371274669408297,0.105516384719107,0.622265078688813,-0.846140732122867,0.15124071034945,-0.270860376844186,-0.472618991584508,-0.311288038799338,1.44484460423095,-0.0585686015700034,-1.41821302076239,2.47810787186029,0.277277665272448,-0.609956534455904,0.127321403581986,2.18823722182045,0.768299216539634,1.49232988309827
"547",2005,"Takotna","Kuskokwim","Kuskokwim",6.24088258916202,5.67240020834575,0.0382029030789091,0.115438587146261,0.758955589480569,-1.121271254463,-0.0736804633396484,0.404095588383304,-0.448089008595094,-2.12774729713267,-0.863355685170257,0.0576168669360791,-0.717728250142676,0.277277665272448,-0.821043671392875,-0.628076343569009,-0.139216439176764,1.49232988309827,0.979830663362096,0.156980247210326
"548",2006,"Takotna","Kuskokwim","Kuskokwim",6.21336322155891,6.08992005217505,0.0359756869570961,0.0897887909180084,1.59355630441099,-1.08515500459704,0.394201158437261,1.8440016151374,-0.773056322951777,1.04211942386733,0.290744459530344,-0.26281266881252,0.458994666002594,-0.821043671392875,-0.572864187303384,-1.00470951870569,0.662728133912675,0.156980247210326,0.282818498556981,1.34624811180263
"549",2007,"Takotna","Kuskokwim","Kuskokwim",6.09561738203705,5.58474447802211,0.0351431828159774,0.11859604354334,-0.00335687455036866,-0.754324273794372,0.22159263918665,2.08698574552041,-1.72388566710767,-1.12853920413267,-0.170895598349896,-0.693056278335773,-0.48861911535364,-0.572864187303384,0.565422370502506,-0.754915007360742,-1.07595043139059,1.34624811180263,0.286911545731907,-0.287445391816616
"550",2008,"Takotna","Kuskokwim","Kuskokwim",5.92467481915926,6.10616835756226,0.0332934284833077,0.131805618710799,2.22443558498832,-0.842695958794525,0.244546513241457,1.92499646775577,-0.940204655426023,0.910072247867329,0.752384517410585,-0.712573837204929,-1.29436252310059,0.565422370502506,1.56038549094455,-1.69067372084465,-1.4329737402989,-0.287445391816616,-1.58376840951149,1.03404104182247
"551",2009,"Takotna","Kuskokwim","Kuskokwim",5.77037680530408,5.0995830822674,0.0370936261469941,0.375756964359756,0.702439320595515,-1.79348251637991,0.450328683955679,0.440093231762632,-0.397059713216582,-0.441855231466004,0.0599244305902241,0.30255609047837,-1.37616678999839,1.56038549094455,-0.691058876538205,-0.749737919042712,-0.437037164790661,1.03404104182247,1.02355335586885,0.991855760782895
"552",2010,"Takotna","Kuskokwim","Kuskokwim",5.04820469903791,5.15876383515662,0.0391303677713368,0.559362251990881,-0.674980441998316,-1.38975246159157,0.776374563356984,2.80693873189922,-1.48639045910408,0.035055438867329,0.521564488470465,-0.443662066387912,0.911206456711637,-0.691058876538205,1.46327432287831,-0.872693766595923,-0.483212474984766,0.991855760782895,0.551855563395751,0.337409375394291
"553",2011,"Takotna","Kuskokwim","Kuskokwim",5.11491230079704,5.95719867226053,0.0401998125247895,0.442743552993145,1.22948638624449,0.400999704018723,0.869724828731911,1.3940309716524,-1.51921515732705,-0.677629351132671,2.13730469105131,0.525781081383341,-0.0467044384565303,1.46327432287831,0.0165998659144548,1.47252724147163,1.93591947409248,0.337409375394291,-1.02171675637167,-0.923236843582379
"554",2012,"Takotna","Kuskokwim","Kuskokwim",5.40678803340783,6.46186330558159,0.0415372273659691,0.270348205968354,1.90110995369244,1.02635855439462,1.28723628360689,-1.1078057809258,-0.855110859199874,0.789675236200662,-0.978765699640318,0.968906851959227,2.30388110478164,0.0165998659144548,0.096055751200113,-0.453349612835499,-0.538979682659651,-0.923236843582379,-1.45329196370436,-0.219198598007893
"555",2013,"Takotna","Kuskokwim","Kuskokwim",4.60137406350028,5.16047482079361,0.0475350748899284,0.567105995494424,0.666952361063042,1.5760910898956,1.45963112202289,-1.11680518479609,-0.372254210955026,1.93087840120066,-0.747945670700197,-1.44651071338582,1.84022834092161,0.096055751200113,-1.23135990443911,-0.775623360632862,-0.504027834946287,-0.219198598007893,0.974138548512374,0.19857580169869
"556",1999,"Tatlawiksuk","Kuskokwim","Kuskokwim",7.29987653347768,8.22468171121944,0.0490375189943899,0.0613416303771957,-1.34134668210812,-0.934909890968597,-0.116923799409464,-1.12580458866638,-0.106185171401277,0.439467589533995,0.636974502940525,-0.676009751828126,-0.335566491444141,-0.756071070038976,-0.526926409825425,0.187369170412002,-0.900506621165644,-0.564915798665623,-0.231869440604915,-0.397851648960465
"557",2000,"Tatlawiksuk","Kuskokwim","Kuskokwim",6.76609024279529,8.25592142638535,0.0437542468019643,0.0546811718475922,-2.22720633858545,1.23874207921508,0.226912612046073,-0.369853904911765,-0.13581214951335,-0.705744345466004,0.406154474000405,1.06562042255529,-0.376738791177271,-0.526926409825425,0.86378345412933,0.821273830396204,2.03116472759854,-0.397851648960465,0.581634321731902,-0.923692596120998
"558",2001,"Tatlawiksuk","Kuskokwim","Kuskokwim",7.58446550161183,7.65278055774192,0.042260240262298,0.0730006784145103,0.488203231566133,0.276220579522157,0.39519184569733,-1.08980697228529,-0.128795344375502,0.153704484533995,-0.978765699640318,-0.0799334730043003,0.00263454207800094,0.86378345412933,-0.414182183499818,-0.696994323761763,-0.433856696752436,-0.923692596120998,-1.59212662385369,-0.396633855364371
"559",2002,"Tatlawiksuk","Kuskokwim","Kuskokwim",7.64392255343154,7.90466116907376,0.0413278573439406,0.0709279255877941,0.243737510342419,1.04013764770799,0.358632698087328,-0.94581628897514,-0.315433857052252,0.742252827200662,-0.978765699640318,0.0518118843395272,-0.637006543061702,-0.414182183499818,0.242548939599122,-0.3024662486667,-0.0670640875103279,-0.396633855364371,0.876268632842527,0.20588386293431
"560",2003,"Tatlawiksuk","Kuskokwim","Kuskokwim",7.6048434093312,8.0441316440056,0.0534906967160268,0.0770098502514636,-0.0191288565648025,-0.734980546642914,0.34284973139699,-1.12580458866638,0.251120119348879,0.914348523200662,-0.170895598349896,5.29306670461895,-0.381150109005821,0.242548939599122,2.93439700613812,-1.00286440445344,-0.0795682885109968,0.20588386293431,-0.194717308709607,2.41974285444952
"561",2004,"Tatlawiksuk","Kuskokwim","Kuskokwim",7.94229369289275,7.15949977480623,0.0370205598505044,0.109150684372964,0.622265078688813,-0.846140732122867,0.15124071034945,-0.270860376844186,-0.472618991584508,-0.311288038799338,1.44484460423095,-0.435981068928201,-0.991014822329843,2.93439700613812,-0.249628689329428,-0.391124243070085,-0.100476885098802,2.41974285444952,0.324329434109654,1.18438522960744
"562",2005,"Tatlawiksuk","Kuskokwim","Kuskokwim",7.96588703202,7.46551414775337,0.0362327367599035,0.0903908625607573,0.758955589480569,-1.121271254463,-0.0736804633396484,0.404095588383304,-0.448089008595094,-2.12774729713267,-0.863355685170257,-0.0983511573319542,-0.471949757837164,-0.249628689329428,0.0796045958916958,-0.0719554632178993,-0.125777700609027,1.18438522960744,1.63363446311193,-0.58152380009745
"563",2006,"Tatlawiksuk","Kuskokwim","Kuskokwim",7.6357241663702,7.19622640682162,0.0347479078148349,0.0986705618620624,1.59355630441099,-1.08515500459704,0.394201158437261,1.8440016151374,-0.773056322951777,1.04211942386733,0.290744459530344,-0.471670199089126,0.315102888266936,0.0796045958916958,-0.387792536030412,-1.2112106913014,-0.180626520550859,-0.58152380009745,-0.0190291192952163,1.8010258313988
"564",2007,"Tatlawiksuk","Kuskokwim","Kuskokwim",7.32520653250807,7.74034951523177,0.0350945211689926,0.0687994656106338,-0.00335687455036866,-0.754324273794372,0.22159263918665,2.08698574552041,-1.72388566710767,-1.12853920413267,-0.170895598349896,-0.135139914869292,-0.80279859497839,-0.387792536030412,1.11302129436748,-0.883176112008871,-1.31042107698447,1.8010258313988,1.20908398540686,-0.700905256261538
"565",2008,"Tatlawiksuk","Kuskokwim","Kuskokwim",7.06644913138872,7.4868363682845,0.0344332917311463,0.0841907610806909,2.22443558498832,-0.842695958794525,0.244546513241457,1.92499646775577,-0.940204655426023,0.910072247867329,0.752384517410585,-0.688691286625494,-1.60712887905061,1.11302129436748,2.08571384632766,-2.04016293897304,-1.01561014911782,-0.700905256261538,-1.0901442884995,0.786062923930374
"566",2009,"Tatlawiksuk","Kuskokwim","Kuskokwim",6.99562498572489,7.20393112950931,0.0369905094687507,0.103063643918706,0.702439320595515,-1.79348251637991,0.450328683955679,0.440093231762632,-0.397059713216582,-0.441855231466004,0.0599244305902241,-0.0230579532532628,-1.42883809328637,2.08571384632766,-0.674891966608553,-0.240405652584331,-0.793307900588453,0.786062923930374,-0.141354098474108,0.497500458749517
"567",2010,"Tatlawiksuk","Kuskokwim","Kuskokwim",6.34170469678906,7.5403677822267,0.0398175090961448,0.0863910174607638,-0.674980441998316,-1.38975246159157,0.776374563356984,2.80693873189922,-1.48639045910408,0.035055438867329,0.521564488470465,-0.324883722857769,3.03762120812018,-0.674891966608553,1.38390444259302,-0.142881858740607,-0.203876842534889,0.497500458749517,-0.437728428855299,-0.218313167845803
"568",2011,"Tatlawiksuk","Kuskokwim","Kuskokwim",6.78048708222354,8.07461511464434,0.0357561827173575,0.0848910425993053,1.22948638624449,0.400999704018723,0.869724828731911,1.3940309716524,-1.51921515732705,-0.677629351132671,2.13730469105131,-0.128727290446896,0.0967426557537274,1.38390444259302,0.319828927608117,1.73888407247124,1.61486839513865,-0.218313167845803,-1.10774933625896,-0.943433177878899
"569",2012,"Tatlawiksuk","Kuskokwim","Kuskokwim",7.1031958659711,8.38971602666811,0.0393668635107195,0.185059485162517,1.90110995369244,1.02635855439462,1.28723628360689,-1.1078057809258,-0.855110859199874,0.789675236200662,-0.978765699640318,0.321256685165075,1.33779340485237,0.319828927608117,0.206630981458201,-0.690344974181509,-0.86535648757464,-0.943433177878899,-1.24170448549593,-0.30651646791857
"570",2013,"Tatlawiksuk","Kuskokwim","Kuskokwim",6.3377306831275,7.4600709561446,0.0362638344783598,0.277923121270064,0.666952361063042,1.5760910898956,1.45963112202289,-1.11680518479609,-0.372254210955026,1.93087840120066,-0.747945670700197,-1.18494032643478,0.280547565276631,0.206630981458201,-1.03514329547803,-0.391124243070085,-0.579179203194075,-0.30651646791857,1.14226882407341,0.824714812912273
"571",1985,"Teslin","Yukon (CA)","Yukon",8.8703492098425,8.22502459276722,0.175986665508345,0.628732266417092,0.0488220063584715,0.258006668136884,-1.27917654971365,-1.12580458866638,0.503640325437147,-0.335565367799338,0.736646271462287,1.75566642988916,0.504551331607356,0.560667138217941,0.457941865509514,0.319531648680573,0.06197052057952,0.267952185071467,-0.362036266884999,0.309764256269146
"572",1986,"Teslin","Yukon (CA)","Yukon",8.96230695894582,9.91310653303467,0.169154030900387,0.313890229042812,-0.291208908514641,-0.346118634385869,-1.29574183544293,0.0441190744952505,0.223767349258781,0.533319712200663,-0.851150873243988,-0.0264343328828894,1.3042289669865,0.457941865509514,0.469017937683542,0.289260306424089,0.542995926261066,0.309764256269146,-1.03819456345728,0.544991008051952
"573",1987,"Teslin","Yukon (CA)","Yukon",8.18296481001683,9.94135029684795,0.221789767471927,0.335941827161853,1.27449466634752,-0.168182842848829,-1.11856755022012,-0.333856260632496,2.13326745795133,2.00961041486733,-1.24810015942056,-0.504349123389877,0.998543568606795,0.469017937683542,0.647044566951607,1.4978055759533,2.31826763402452,0.544991008051952,-0.591738659800434,0.647559274397445
"574",1988,"Teslin","Yukon (CA)","Yukon",8.70058141217967,8.73421585108829,0.158727397999938,0.730350384409633,0.683777694335811,-0.450256781927279,-1.1231596681299,-0.315857451991981,1.22934600213327,0.183154662867329,-1.04962551633227,-0.287623485115205,1.89289235746071,0.647044566951607,0.930227592217708,-0.424553130962307,-0.942269230437937,0.647559274397445,-0.298699127027381,1.28689678903158
"575",1989,"Teslin","Yukon (CA)","Yukon",9.22807520760822,9.79721705281579,0.266013070091679,0.467112004942108,2.25295097241096,-0.319203976842451,-1.16353841061299,0.0351196616255506,2.07711734333032,1.90560269420066,-0.851150873243988,-0.603574687591555,-0.48683563215363,0.930227592217708,1.72936182089631,-0.170068626568809,-0.0143616862801694,1.28689678903158,0.800191696798347,1.04417945273948
"576",1990,"Teslin","Yukon (CA)","Yukon",8.57088464752376,9.87918305562281,0.329770822120658,0.45816143599039,-0.481175159425894,-0.53505120231723,-0.409177252447506,0.755072676802479,0.605303194768709,1.41279300086733,0.538171628374003,1.77511820152056,-0.317832289986142,1.72936182089631,2.51017205781659,-0.141849578702594,2.08934986117511,1.04417945273948,1.39798801624898,0.778874816232838
"577",1991,"Teslin","Yukon (CA)","Yukon",8.56600691979645,8.96100963739518,0.187477320703639,0.682655067791921,0.101734980356583,0.268640913441283,0.23967891272426,-0.459848028209116,0.519564766012831,1.76418042220066,-1.24810015942056,0.395416428634959,-0.382327174528039,2.51017205781659,0.628821195083876,1.19675943735111,-0.952834837158279,0.778874816232838,1.97643370576361,0.391973090434751
"578",1992,"Teslin","Yukon (CA)","Yukon",8.85017968807779,9.87553000886844,0.171719172699586,0.198911924330241,0.0427500257357361,-0.840046133157339,0.662912275127818,-0.441849219568601,-1.06189275548094,1.29914490420066,-0.851150873243988,0.0610325667037463,1.88372106653961,0.628821195083876,0.461424352005282,1.37890056448758,0.586479705135788,0.391973090434751,-1.06992614002332,0.972161325821359
"579",1993,"Teslin","Yukon (CA)","Yukon",8.64360120294889,9.63918736178017,0.194764696907218,0.282059885788181,0.348951334282187,0.768520328259355,0.87285227026053,0.521087951189696,-0.821515927688113,-1.330623288466,-0.652676230155703,0.456446229690559,0.53398821698313,0.461424352005282,1.43591560559645,-0.22804594309394,-0.334944001783786,0.972161325821359,0.742612149010952,1.11109638061015
"580",1994,"Teslin","Yukon (CA)","Yukon",8.3180755384579,8.2424207591601,0.195035160571666,0.53283088220811,-1.11786569900973,-0.837131324956434,0.379401206566278,-0.927817480334625,0.891616251382732,-0.487292726466005,0.339696985285719,0.559678533993508,0.15552466078007,1.43591560559645,0.664637886966265,-1.18210629777077,-0.478299588783768,1.11109638061015,0.263201198509383,1.28620937313235
"581",1995,"Teslin","Yukon (CA)","Yukon",8.94922495734711,10.0258075072997,0.186310015058391,0.187981866216119,-0.0535342384247613,-0.972404923734779,0.1332784847373,0.431093827892345,1.664572406684,0.651356856200662,-0.255726943979134,0.672659965033799,-1.11706615322394,0.664637886966265,0.741489318041481,-1.18364551856348,-1.04099317456877,1.28620937313235,0.315393074128669,0.610629499067314
"582",1996,"Teslin","Yukon (CA)","Yukon",8.98734343779857,8.15270004756676,0.164367061661166,0.609810472194779,-1.5316278071589,-0.690993441065626,-0.26192409142034,0.773071539439472,0.837133129229039,1.97658109686733,-0.255726943979134,-0.312309212721356,-0.74740372280648,0.741489318041481,0.874412025266214,-1.06461244392781,0.0937018389723649,0.610629499067314,-0.336516036720244,1.09668379526396
"583",1997,"Teslin","Yukon (CA)","Yukon",8.66444900318169,8.8717863880761,0.260076966036624,0.366740900816034,-1.98702635386396,-1.61212961452942,-0.38443950400784,0.935060923397181,0.225062571446368,-0.790827154799338,0.538171628374003,-0.98569562325841,-0.584835431706185,0.874412025266214,-1.07598100093224,-1.41991591024333,-1.52535900092025,1.09668379526396,-0.514458485259902,-1.28719204687223
"584",1998,"Teslin","Yukon (CA)","Yukon",8.81768964063834,8.61188639038191,0.116502074687485,0.512948181208102,-0.154155631601498,1.75068839231941,-0.105968146962429,0.692076793014169,-0.535231890615293,-0.194070259132671,-0.0572523008908502,-1.20467194233357,-1.02772002876682,-1.07598100093224,0.55843108302745,-0.47444933309631,-0.371187910058598,-1.28719204687223,-0.0315530904078891,0.850795400020373
"585",1999,"Teslin","Yukon (CA)","Yukon",8.31559537302182,9.84064430555406,0.210631371160058,0.183037316232198,-0.091700973767662,-0.934909890968597,-0.116923799409464,-1.12580458866638,0.356816740746888,0.439467589533995,0.538171628374003,-0.675634117432074,-0.261769312808245,0.55843108302745,-1.19798348237242,1.99997615434309,0.796204422195624,0.850795400020373,0.886776111989489,-1.4856011329765
"586",2000,"Teslin","Yukon (CA)","Yukon",8.35407318035247,8.07762305255555,0.160086168892607,0.707808860926125,-0.227019399074309,1.23874207921508,0.226912612046073,-0.369853904911765,-0.850920666693149,-0.705744345466004,1.33207020072714,-1.55952683044807,1.91389757215096,-1.19798348237242,-0.957548110976004,1.26782013061421,-0.471740633418065,-1.4856011329765,-1.67103296423057,-1.26778176881528
"587",2001,"Teslin","Yukon (CA)","Yukon",9.54497329840623,9.63118837582709,0.166496401309307,0.326610871514102,0.0635682450136825,0.276220579522157,0.39519184569733,-1.08980697228529,0.194985907497199,0.153704484533995,-0.851150873243988,1.15863113674135,1.7301020619505,-0.957548110976004,-1.18732789192814,-0.557695729531082,0.332980840081455,-1.26778176881528,-1.68211808349014,-1.20880562945499
"588",2002,"Teslin","Yukon (CA)","Yukon",8.1825035927632,9.84626170305435,0.242024304109076,0.457241418828748,-0.0717501802929644,1.04013764770799,0.358632698087328,-0.94581628897514,-0.660071922216195,0.742252827200662,-0.255726943979134,-0.388132995218421,-0.871586078698291,-1.18732789192814,0.173827752304789,-1.28856906926604,-0.491453965993612,-1.20880562945499,1.32062192367987,-0.416735662280096
"589",2003,"Teslin","Yukon (CA)","Yukon",8.28755416507056,9.72017606743941,0.229756015319814,0.193076418368246,-0.678948242566377,-0.734980546642914,0.34284973139699,-1.12580458866638,0.890226185095998,0.914348523200662,-1.24810015942056,-1.17676116758516,-0.930903621591182,0.173827752304789,-0.0306383929310958,0.0595318083426637,-0.514251167490143,-0.416735662280096,-0.333726522040072,-1.10212656693715
"590",2004,"Teslin","Yukon (CA)","Yukon",8.35487972236614,9.25310475079914,0.189892533857273,0.13832602102038,0.580554023749331,-0.846140732122867,0.15124071034945,-0.270860376844186,1.17028788523134,-0.311288038799338,1.13359555763886,0.99062593217379,-0.0570424316018582,-0.0306383929310958,-0.0622808085132111,0.175742978191711,1.21558636076368,-1.10212656693715,1.63668873727498,-0.856517844482085
"591",2005,"Teslin","Yukon (CA)","Yukon",9.08704383447357,8.86726448501238,0.144302203641078,0.15026063110732,0.957016822358847,-1.121271254463,-0.0736804633396484,0.404095588383304,0.356061510862617,-2.12774729713267,-0.255726943979134,-1.4244734425303,-0.310288400261782,-0.0622808085132111,0.0967505777075465,0.423172515389215,0.200953103031425,-0.856517844482085,-0.309579737832611,-1.14774414810725
"592",2006,"Teslin","Yukon (CA)","Yukon",8.67695672531558,8.51298451514399,0.191142310553399,0.179887196128478,0.949209990129617,-1.08515500459704,0.394201158437261,1.8440016151374,0.0259280106178231,1.04211942386733,-0.255726943979134,0.240962212653468,0.346494368926338,0.0967505777075465,0.949367667918423,1.3428573494879,1.63262812634156,-1.14774414810725,-0.157269180619999,0.9048850310872
"593",2007,"Teslin","Yukon (CA)","Yukon",8.7657619590948,9.53621174770775,0.0387211559248797,0.0824853159449145,-0.195792070157389,-0.754324273794372,0.22159263918665,2.08698574552041,-1.46219568097235,-1.12853920413267,-0.255726943979134,-0.347112138472546,1.28499836750467,0.949367667918423,0.269453779156708,-0.103369058885029,0.429031903022952,0.9048850310872,1.2595300122666,0.694622540868058
"594",2008,"Teslin","Yukon (CA)","Yukon",9.38165532457221,8.55534982842174,0.286079178733346,0.152508672690117,2.09507947621987,-0.842695958794525,0.244546513241457,1.92499646775577,-0.120712933158191,0.910072247867329,-1.24810015942056,0.627942231773421,-0.296383539833024,0.269453779156708,0.184790686456414,0.284001507278461,-0.478705238445326,0.694622540868058,-0.167810004375267,0.276347348720856
"595",2009,"Teslin","Yukon (CA)","Yukon",9.25655090808596,8.74210233416064,0.144298247763025,0.113755886580883,-0.169769296059958,-1.79348251637991,0.450328683955679,0.440093231762632,0.0700551536148946,-0.441855231466004,0.339696985285719,0.418293989265617,-0.417163405962728,0.184790686456414,-0.759978938309895,0.149961235143381,-0.908258444287878,0.276347348720856,0.248634618112442,-0.993894344480421
"596",2010,"Teslin","Yukon (CA)","Yukon",8.40804234525747,8.18219642070746,0.0994730837464169,0.153797755988158,0.122553199634528,-1.38975246159157,0.776374563356984,2.80693873189922,-1.06848763504286,0.035055438867329,-0.851150873243988,0.181079598303553,-0.621372434664976,-0.759978938309895,0.173527203413796,-0.335534861784339,0.753978702226054,-0.993894344480421,-0.451652628244055,-0.00556305005132402
"597",2011,"Teslin","Yukon (CA)","Yukon",8.44799355704209,10.0572690173973,0.108721322396508,0.080505114177093,0.656020068631884,0.400999704018723,0.869724828731911,1.3940309716524,-0.957061749944225,-0.677629351132671,1.92749412999199,-0.155056283590086,-0.910638027136504,0.173527203413796,0.143522437521906,1.25281252265592,-0.262840495913224,-0.00556305005132402,-1.1245851250511,-1.38852017896694
"598",2012,"Teslin","Yukon (CA)","Yukon",8.57771238602887,9.49529383796036,0.0931435193000683,0.10595632750871,0.684645120139059,1.02635855439462,1.28723628360689,-1.1078057809258,-0.11427724685083,0.789675236200662,-0.652676230155703,-1.14182695855526,1.30533804232215,0.143522437521906,0.2375503757056,0.173947220600224,-1.09502378716568,-1.38852017896694,-1.05774442291058,1.17336873838257
"599",2013,"Teslin","Yukon (CA)","Yukon",8.9490646512543,8.8832890751616,0.0724817185409809,0.198487424232962,1.04722910589661,1.5760910898956,1.45963112202289,-1.11680518479609,-0.680329879207793,1.93087840120066,-0.255726943979134,2.96493785635849,-0.293276898165145,0.2375503757056,-1.78061936271528,-0.2912820587647,0.82791030914582,1.17336873838257,0.621519084881157,-0.181244403695462
"600",2014,"Teslin","Yukon (CA)","Yukon",8.90402473044425,9.13018039847241,0.0857952197099609,0.369076629805313,3.02322508569495,0.909103769949138,1.50121983002607,-1.12580458866638,-1.03651368927032,1.79354898186733,-2.43894801795026,1.11589644635252,-0.351928901185259,-1.78061936271528,-1.58028010203473,-0.147108377848222,0.300046641189664,-0.181244403695462,-0.425532149122722,0.443208717012355
"601",2015,"Teslin","Yukon (CA)","Yukon",8.9123998325055,9.51471027965106,0.0706517320430411,0.80043375501789,0.498148572440796,1.63648090735669,1.48911303731073,-0.432849815698314,-0.544410373113804,0.151237209867329,-0.454201587067419,0.677999611010802,-0.953609844484011,-1.58028010203473,-1.80789689236907,-0.334765251387988,-0.14084740900457,0.443208717012355,0.611668165902293,1.43536223986889
"602",1991,"Tuluksak","Kuskokwim","Kuskokwim",6.51412864345163,7.38666174459853,0.0468301920234293,0.634515353777429,0.561805814300154,0.268640913441283,0.23967891272426,-0.459848028209116,0.20214769654752,1.76418042220066,-0.978765699640318,-0.736235714879451,-1.14013731109043,0.492737391734826,0.810078859271008,-0.682014519775786,-0.618628326629237,-0.594341270786395,0.0568958994106173,-1.29122579669947
"603",1992,"Tuluksak","Kuskokwim","Kuskokwim",6.92112671711857,6.89171522577281,0.0429776836163604,0.668247366422898,1.3136036236548,-0.840046133157339,0.662912275127818,-0.441849219568601,0.338248854729961,1.29914490420066,-0.401715627290017,-0.331098543015921,-0.727088997250112,0.810078859271008,-0.227768989464407,1.13891715348873,-0.265995232942249,-1.29122579669947,0.364017020313794,0.185734285091988
"604",1993,"Tuluksak","Kuskokwim","Kuskokwim",7.74506808633292,8.2454955043557,0.0437077325184422,0.461348106483421,-0.408171079587487,0.768520328259355,0.87285227026053,0.521087951189696,0.328891266140669,-1.330623288466,-0.517125641760077,1.86338837020924,1.0391034718155,-0.227768989464407,0.79393917578541,1.27198062665026,-0.100461173059067,0.185734285091988,1.39627287494257,-0.851948780928179
"605",1994,"Tuluksak","Kuskokwim","Kuskokwim",8.02927264692664,7.34843590348914,0.0484218443058508,0.513636804281316,0.0886463538671587,-0.837131324956434,0.379401206566278,-0.927817480334625,0.360307379925145,-0.487292726466005,-0.170895598349896,-0.405457729224081,0.405479935179832,0.79393917578541,-1.01440638887042,0.845218496510581,0.480035013520157,-0.851948780928179,-1.42469319555961,1.02582207730731
"606",1995,"Tuluksak","Kuskokwim","Kuskokwim",8.44895281835809,7.0930016882048,0.125636981097736,0.138499654264828,0.0557880580037557,-0.972404923734779,0.1332784847373,0.431093827892345,0.352492657139844,0.651356856200662,-0.978765699640318,-1.26147342362207,-0.345324188565862,-1.01440638887042,-0.706935400703419,-0.487813775161664,-0.917985928473857,1.02582207730731,0.141622254294927,0.394249809178169
"607",1996,"Tuluksak","Kuskokwim","Kuskokwim",7.70010340886867,7.4596806689077,0.229312428651021,0.0992776799914421,-0.0191288565648025,-0.690993441065626,-0.26192409142034,0.773071539439472,0.187642788192855,1.97658109686733,-0.517125641760077,-1.06052079240557,-0.14489766400663,-0.706935400703419,-0.0271578321005774,-1.06202461880465,-1.5961763232758,0.394249809178169,1.4719001829094,0.629699521161979
"608",1997,"Tuluksak","Kuskokwim","Kuskokwim",7.45984625712709,7.08410411381508,0.405542508971692,0.0881796540282821,-1.94988232149833,-1.61212961452942,-0.38443950400784,0.935060923397181,-0.677266790381712,-0.790827154799338,0.867794531880645,-0.618360844337282,-0.563248266856455,-0.0271578321005774,-0.855319319105855,0.489183798051357,0.37933181869392,0.629699521161979,0.637488476398253,0.223542085927486
"609",1998,"Tuluksak","Kuskokwim","Kuskokwim",7.27061555118946,7.54577453930861,0.434413158349187,0.0640648576913382,-0.505431635343158,1.75068839231941,-0.105968146962429,0.692076793014169,-1.05818377560981,-0.194070259132671,-0.0554855838798361,-0.14362048628192,-0.38774250064189,-0.855319319105855,-0.582824972214026,0.194286371044728,0.576092772980516,0.223542085927486,-0.573622147035317,0.299993358403952
"610",1999,"Tuluksak","Kuskokwim","Kuskokwim",7.08362153340021,7.84324723144238,0.370695513344659,0.0544184621280453,-1.34134668210812,-0.934909890968597,-0.116923799409464,-1.12580458866638,-0.106185171401277,0.439467589533995,0.636974502940525,0.768937581835672,-1.1714208162465,-0.582824972214026,-0.595219548928401,0.158323270190261,0.473764804444737,0.299993358403952,0.00261640236884231,0.251957242278161
"611",2000,"Tuluksak","Kuskokwim","Kuskokwim",6.46251280046324,7.62587187612149,0.266976471892767,0.0609068238538908,-2.22720633858545,1.23874207921508,0.226912612046073,-0.369853904911765,-0.13581214951335,-0.705744345466004,0.406154474000405,2.27577707721313,-0.437053788430272,-0.595219548928401,0.439660374537558,0.477196097766535,1.69442231509335,0.251957242278161,1.58815350831143,-1.38053003440067
"612",2001,"Tuluksak","Kuskokwim","Kuskokwim",6.8975407924882,7.45035106422195,0.0476104627334003,0.0581031765538572,0.488203231566133,0.276220579522157,0.39519184569733,-1.08980697228529,-0.128795344375502,0.153704484533995,-0.978765699640318,-0.606666948822948,0.849811754176224,0.439660374537558,-0.789874332952669,-1.27780322393146,-0.096692871729669,-1.38053003440067,-1.56246821017431,1.24450551215319
"613",2002,"Tuluksak","Kuskokwim","Kuskokwim",6.96824799255735,6.91527080389021,0.0407182753876627,0.0737806201993596,0.243737510342419,1.04013764770799,0.358632698087328,-0.94581628897514,-0.315433857052252,0.742252827200662,-0.978765699640318,-0.0905845449356068,-0.61627115695149,-0.789874332952669,-0.564783662676013,-0.292414260519059,0.222325317096849,1.24450551215319,1.88594595523045,0.931705060470998
"614",2003,"Tuluksak","Kuskokwim","Kuskokwim",7.12408053491451,6.85900206201228,0.0376625951035078,0.0774706413279743,-0.0191288565648025,-0.734980546642914,0.34284973139699,-1.12580458866638,0.251120119348879,0.914348523200662,-0.170895598349896,0.0205566224306677,0.436763440335902,-0.564783662676013,-0.151010545264814,-1.4300470175487,0.160349386372952,0.931705060470998,0.0145579694915376,0.759243483047052
"615",2004,"Tuluksak","Kuskokwim","Kuskokwim",7.43974334809162,6.45242346512401,0.0352777769740474,0.0905707278743714,0.622265078688813,-0.846140732122867,0.15124071034945,-0.270860376844186,-0.472618991584508,-0.311288038799338,1.44484460423095,0.479603562885846,-0.532229960987483,-0.151010545264814,0.186960796110446,-0.858233713962674,0.769785940508199,0.759243483047052,0.307972872753268,-0.0505251877334198
"616",2005,"Tuluksak","Kuskokwim","Kuskokwim",7.52592895708048,6.23909473927077,0.0352335979621185,0.0972045840590232,0.758955589480569,-1.121271254463,-0.0736804633396484,0.404095588383304,-0.448089008595094,-2.12774729713267,-0.863355685170257,0.539465426187275,0.0380313068212402,0.186960796110446,-0.152751765798882,-0.261246239778521,0.0751798780961161,-0.0505251877334198,1.62517218292018,-0.349579764343492
"617",2006,"Tuluksak","Kuskokwim","Kuskokwim",7.05550681584886,6.02568175175639,0.0336845906346229,0.133107884982807,1.59355630441099,-1.08515500459704,0.394201158437261,1.8440016151374,-0.773056322951777,1.04211942386733,0.290744459530344,0.260496795867185,0.916620595695967,-0.152751765798882,-0.656092458615831,-0.527373186101577,1.18389835937438,-0.349579764343492,0.98105165651418,1.28084947035261
"618",2007,"Tuluksak","Kuskokwim","Kuskokwim",6.49571192483967,7.07878319678999,0.0359896072587922,0.067992951259232,-0.00335687455036866,-0.754324273794372,0.22159263918665,2.08698574552041,-1.72388566710767,-1.12853920413267,-0.170895598349896,-0.095124877001436,-0.301580219400834,-0.656092458615831,1.41142844666118,0.0720118281395398,-0.0988566016277837,1.28084947035261,0.986501573697738,-0.616673635504573
"619",2008,"Tuluksak","Kuskokwim","Kuskokwim",6.08239251373548,5.63374794284789,0.0343015443338325,0.184925220133651,2.22443558498832,-0.842695958794525,0.244546513241457,1.92499646775577,-0.940204655426023,0.910072247867329,0.752384517410585,-0.459781991980316,-1.0211010076637,1.41142844666118,1.15076055391744,-1.44802856797593,-0.918875508714653,-0.616673635504573,-1.52967222547622,0.137698821146048
"620",2009,"Tuluksak","Kuskokwim","Kuskokwim",5.95735393188222,5.93298026984174,0.0371991355558679,0.116118912411765,0.702439320595515,-1.79348251637991,0.450328683955679,0.440093231762632,-0.397059713216582,-0.441855231466004,0.0599244305902241,-0.0630831170374901,-1.25069001997126,1.15076055391744,-0.226810269817473,0.381294495487956,-0.38886618083538,0.137698821146048,0.310339472369348,-0.429057453835748
"621",2010,"Tuluksak","Kuskokwim","Kuskokwim",5.27088054720361,6.11263575724504,0.0422243801536454,0.0948395698847028,-0.674980441998316,-1.38975246159157,0.776374563356984,2.80693873189922,-1.48639045910408,0.035055438867329,0.521564488470465,-0.68335947305615,1.08152178389153,-0.226810269817473,0.334730835075083,0.938722558732195,-0.848833858452905,-0.429057453835748,-0.122808440063756,-1.29460639098594
"622",2011,"Tuluksak","Kuskokwim","Kuskokwim",5.8398371783396,7.10175816056584,0.0373264071570896,0.0728785784217741,1.22948638624449,0.400999704018723,0.869724828731911,1.3940309716524,-1.51921515732705,-0.677629351132671,2.13730469105131,-0.0993257216169592,0.394875357160825,0.334730835075083,0.633759206860914,2.10272825638844,1.01848141531608,-1.29460639098594,-0.75594496203142,-1.50212735463239
"623",2012,"Tuluksak","Kuskokwim","Kuskokwim",6.19597235212891,7.08760366335955,0.0416668944043898,0.186170959967718,1.90110995369244,1.02635855439462,1.28723628360689,-1.1078057809258,-0.855110859199874,0.789675236200662,-0.978765699640318,0.0316386554031866,0.741114829481402,0.633759206860914,0.378010666391958,-0.442260514079339,-0.895818443697901,-1.50212735463239,-1.33058997292919,-1.19690336346777
"624",2013,"Tuluksak","Kuskokwim","Kuskokwim",5.17874283201743,6.96334952394887,0.0388474256983671,0.269907200649929,0.666952361063042,1.5760910898956,1.45963112202289,-1.11680518479609,-0.372254210955026,1.93087840120066,-0.747945670700197,-1.20803124694452,0.912113565201266,0.378010666391958,-1.19724657442916,-1.00208611738054,-0.90714037252835,-1.19690336346777,1.22510508555684,1.11630937765523
"625",1985,"UprLksMain","Yukon (CA)","Yukon",8.24754625587856,9.50051501097208,0.144240857343519,0.356392696953038,0.0488220063584715,0.258006668136884,-1.27917654971365,-1.12580458866638,0.503640325437147,-0.335565367799338,0.736646271462287,-0.638681864822616,0.21918726734395,-0.49047502946296,-0.246883612777924,0.679204056749288,-0.315433699114666,0.0781788202206179,-0.343153332191919,0.209860333130102
"626",1986,"UprLksMain","Yukon (CA)","Yukon",8.09017137148862,10.4358569946564,0.159611196196455,0.172618635446875,-0.291208908514641,-0.346118634385869,-1.29574183544293,0.0441190744952505,0.223767349258781,0.533319712200663,-0.851150873243988,-0.568010629251923,1.1902798505763,-0.246883612777924,-0.925094410683599,-1.04066061831048,-0.122411993842131,0.209860333130102,-1.01780100454122,0.346854741201468
"627",1987,"UprLksMain","Yukon (CA)","Yukon",7.62189070062206,8.0217402376464,0.213476963305278,0.721748273431711,1.27449466634752,-0.168182842848829,-1.11856755022012,-0.333856260632496,2.13326745795133,2.00961041486733,-1.24810015942056,0.448791074431345,0.102970635232572,-0.925094410683599,-0.197349055763398,1.52730582963897,0.877583089534936,0.346854741201468,-0.572342540546026,-1.79035005279181
"628",1988,"UprLksMain","Yukon (CA)","Yukon",7.21067497820068,9.30047690819122,0.2287386369104,0.491624933590245,0.683777694335811,-0.450256781927279,-1.1231596681299,-0.315857451991981,1.22934600213327,0.183154662867329,-1.04962551633227,0.278361130497783,1.88670518223764,-0.197349055763398,0.154458440089116,-1.0585375346148,-0.287391947237668,-1.79035005279181,-0.27995769561566,-1.33351283751995
"629",1989,"UprLksMain","Yukon (CA)","Yukon",6.31054139338639,10.2197249263831,0.287062670237791,0.201504010202942,2.25295097241096,-0.319203976842451,-1.16353841061299,0.0351196616255506,2.07711734333032,1.90560269420066,-0.851150873243988,-1.19035426561443,-0.911521013432289,0.154458440089116,1.3511688835961,-0.346615632378198,-0.051930958150206,-1.33351283751995,0.816478065386317,-1.10066831815707
"630",1990,"UprLksMain","Yukon (CA)","Yukon",6.98453805480623,7.56450210322772,0.242354671784281,0.864502603062808,-0.481175159425894,-0.53505120231723,-0.409177252447506,0.755072676802479,0.605303194768709,1.41279300086733,0.538171628374003,0.0234762198805313,-0.39073110976719,1.3511688835961,0.506610951602017,-0.149969553030718,1.54121698825635,-1.10066831815707,1.41293883130585,-1.08010883062611
"631",1991,"UprLksMain","Yukon (CA)","Yukon",8.90757826924445,10.0920170913858,0.128289214214992,0.140711795220091,0.101734980356583,0.268640913441283,0.23967891272426,-0.459848028209116,0.519564766012831,1.76418042220066,-1.24810015942056,0.175308228611147,-0.570735673785663,0.506610951602017,-0.332245264911222,0.972595464295822,-0.557210675476901,-1.08010883062611,1.99009219907468,0.194608597494601
"632",1992,"UprLksMain","Yukon (CA)","Yukon",9.08198345888736,4.65307924905058,0.131146754401549,0.882265631018428,0.0427500257357361,-0.840046133157339,0.662912275127818,-0.441849219568601,-1.06189275548094,1.29914490420066,-0.851150873243988,0.107226011953944,1.47543261849317,-0.332245264911222,-0.832641432183437,0.384760561130747,-0.212454953052318,0.194608597494601,-1.04946168870168,1.29850405488087
"633",1993,"UprLksMain","Yukon (CA)","Yukon",8.047458450074,9.44315002807539,0.134750226613716,0.217935636534878,0.348951334282187,0.768520328259355,0.87285227026053,0.521087951189696,-0.821515927688113,-1.330623288466,-0.652676230155703,-0.357243312655148,0.578322493611455,-0.832641432183437,-0.449963537318127,-0.890284204691821,-0.848534362958602,1.29850405488087,0.759027157682283,0.979616195706664
"634",1994,"UprLksMain","Yukon (CA)","Yukon",8.34340605797037,8.15743792121362,0.128281636169208,0.562381842979358,-1.11786569900973,-0.837131324956434,0.379401206566278,-0.927817480334625,0.891616251382732,-0.487292726466005,0.339696985285719,-0.534094902769405,-0.497044578162341,-0.449963537318127,-0.49863220385429,-0.581381522659689,-1.02683522800639,0.979616195706664,0.280687272637224,1.07228250823563
"635",1995,"UprLksMain","Yukon (CA)","Yukon",9.00998730945902,9.97903285443436,0.119704100821217,0.222767743547563,-0.0535342384247613,-0.972404923734779,0.1332784847373,0.431093827892345,1.664572406684,0.651356856200662,-0.255726943979134,-0.367506931153663,-0.772876721405115,-0.49863220385429,-0.585046361785944,-0.612666210318907,-0.949277549203688,1.07228250823563,-0.340179852496756,0.573867558554951
"636",1996,"UprLksMain","Yukon (CA)","Yukon",8.55158422454345,8.57712168738471,0.099647497542899,0.359354823308357,-1.5316278071589,-0.690993441065626,-0.26192409142034,0.773071539439472,0.837133129229039,1.97658109686733,-0.255726943979134,-1.28635791974107,-0.87569495554748,-0.585046361785944,-0.320190815362695,-0.588742605843819,-0.544325763168326,0.573867558554951,-0.317690117489458,0.912753683764097
"637",1997,"UprLksMain","Yukon (CA)","Yukon",8.81969518435819,8.18028328098371,0.120413659416989,0.553902636306922,-1.98702635386396,-1.61212961452942,-0.38443950400784,0.935060923397181,0.225062571446368,-0.790827154799338,0.538171628374003,-0.405459224977639,-0.368885988893524,-0.320190815362695,-1.14186734863616,-0.81509599788249,-1.65468295931139,0.912753683764097,-0.495235019811871,0.864278297624955
"638",1998,"UprLksMain","Yukon (CA)","Yukon",7.365810634034,9.93725239435574,0.160061801625034,0.155416897878251,-0.154155631601498,1.75068839231941,-0.105968146962429,0.692076793014169,-0.535231890615293,-0.194070259132671,-0.0572523008908502,-0.612806593745337,-0.860840116766893,-1.14186734863616,-0.0301977350542227,-0.195187635447518,-0.668802908647148,0.864278297624955,-0.0134084974525434,-1.06510602216157
"639",1999,"UprLksMain","Yukon (CA)","Yukon",8.08349933636664,9.22856970774651,0.133151975042228,0.108819207116753,-0.091700973767662,-0.934909890968597,-0.116923799409464,-1.12580458866638,0.356816740746888,0.439467589533995,0.538171628374003,-0.769149184281286,-0.0551886214997431,-0.0301977350542227,-0.665274279905658,3.08049438149046,0.547638807531344,-1.06510602216157,0.902869039905972,0.223842636826608
"640",2000,"UprLksMain","Yukon (CA)","Yukon",8.28440048894578,8.42865057618817,0.115738098617561,0.184735312920005,-0.227019399074309,1.23874207921508,0.226912612046073,-0.369853904911765,-0.850920666693149,-0.705744345466004,1.33207020072714,-1.14787541220167,2.6850750326844,-0.665274279905658,-0.433934093188519,1.59513278501084,-0.276981025856029,0.223842636826608,-1.64922556328626,0.500193574716145
"641",2001,"UprLksMain","Yukon (CA)","Yukon",9.52880053209291,6.5754615485501,0.191649012801584,0.681575797572316,0.0635682450136825,0.276220579522157,0.39519184569733,-1.08980697228529,0.194985907497199,0.153704484533995,-0.851150873243988,-0.60630125629949,1.62631041681759,-0.433934093188519,-1.12232802074787,-0.932873328828575,-0.962963867417604,0.500193574716145,-1.66028591696985,0.799089263284526
"642",2002,"UprLksMain","Yukon (CA)","Yukon",8.29937200634212,9.10550350872676,0.135861069335099,0.0744343415697199,-0.0717501802929644,1.04013764770799,0.358632698087328,-0.94581628897514,-0.660071922216195,0.742252827200662,-0.255726943979134,-1.11188333429991,-1.20249926497672,-1.12232802074787,-0.58803685678525,-1.41239531910906,-1.44094067088434,0.799089263284526,1.335745584495,0.644964780948351
"643",2003,"UprLksMain","Yukon (CA)","Yukon",8.46808028080308,7.22789916159934,0.109045858514452,0.177350495642877,-0.678948242566377,-0.734980546642914,0.34284973139699,-1.12580458866638,0.890226185095998,0.914348523200662,-1.24810015942056,-1.24318447491192,-1.14075012651083,-0.58803685678525,-0.0765219056153584,0.0240674851083627,-1.14356139158655,0.644964780948351,-0.314906834942305,-0.82368082457112
"644",2004,"UprLksMain","Yukon (CA)","Yukon",8.89744159602273,7.44052399982704,0.110269416391118,0.166816272722922,0.580554023749331,-0.846140732122867,0.15124071034945,-0.270860376844186,1.17028788523134,-0.311288038799338,1.13359555763886,-0.576490301779186,0.362491871708172,-0.0765219056153584,-0.824274502467638,0.304314437761323,-0.4437817507293,-0.82368082457112,1.6511062643532,1.28590864665775
"645",2005,"UprLksMain","Yukon (CA)","Yukon",8.64063803145008,9.22142772265791,0.020450693939338,0.0457198337437143,0.957016822358847,-1.121271254463,-0.0736804633396484,0.404095588383304,0.356061510862617,-2.12774729713267,-0.255726943979134,-0.920451977022629,0.127146098687255,-0.824274502467638,-0.538937150944531,0.582458392043576,-0.232077056609802,1.28590864665775,-0.290813997742987,0.584262769806071
"646",2006,"UprLksMain","Yukon (CA)","Yukon",7.72386900381104,8.10870583422105,0.0342328123008279,0.103423856171026,0.949209990129617,-1.08515500459704,0.394201158437261,1.8440016151374,0.0259280106178231,1.04211942386733,-0.255726943979134,0.232214714315925,0.603080496108268,-0.538937150944531,1.97285738706799,0.422091768707408,1.13984952606372,0.584262769806071,-0.13884372181999,0.411030882170974
"647",2007,"UprLksMain","Yukon (CA)","Yukon",7.14834444346837,7.82229736611279,0.0351288430236442,0.100428478667443,-0.195792070157389,-0.754324273794372,0.22159263918665,2.08698574552041,-1.46219568097235,-1.12853920413267,-0.255726943979134,0.215975458163783,0.735025682357183,1.97285738706799,1.87971499395178,-0.14786638640668,0.47537116369711,0.411030882170974,1.27479016023522,0.329742180832254
"648",2008,"UprLksMain","Yukon (CA)","Yukon",8.22921426871179,8.70252499091766,0.0248413678512315,0.0867734096054636,2.09507947621987,-0.842695958794525,0.244546513241457,1.92499646775577,-0.120712933158191,0.910072247867329,-1.24810015942056,1.70965924574073,-0.354322326427757,1.87971499395178,1.76347262326012,-0.108957803861992,-0.109932596368118,0.329742180832254,-0.149360996025137,0.60561317045557
"649",2009,"UprLksMain","Yukon (CA)","Yukon",7.31741246897127,8.46651146186765,0.0297802129365946,0.101699023923935,-0.169769296059958,-1.79348251637991,0.450328683955679,0.440093231762632,0.0700551536148946,-0.441855231466004,0.339696985285719,0.0399902955640329,-0.429178686547835,1.76347262326012,0.00208572734032729,0.193898189999369,0.200909349065053,0.60561317045557,0.266153235846277,-1.01685032364631
"650",2010,"UprLksMain","Yukon (CA)","Yukon",7.80387994061483,8.07990034574374,0.027017844580516,0.123538069345226,0.122553199634528,-1.38975246159157,0.776374563356984,2.80693873189922,-1.06848763504286,0.035055438867329,-0.851150873243988,0.242335878953224,-0.0106242915704763,0.00208572734032729,0.114729100778453,0.178387252020429,0.498218034261123,-1.01685032364631,-0.43256947912348,-0.898918443507506
"651",2011,"UprLksMain","Yukon (CA)","Yukon",8.45573493221728,8.46296381946298,0.0196699555668487,0.0658954947962638,0.656020068631884,0.400999704018723,0.869724828731911,1.3940309716524,-0.957061749944225,-0.677629351132671,1.92749412999199,0.403779763336786,-0.625494343745976,0.114729100778453,2.80403972158106,1.42372504165847,1.74408666665425,-0.898918443507506,-1.10399855855731,-2.56559878417024
"652",2012,"UprLksMain","Yukon (CA)","Yukon",7.71358907053274,8.22820399527762,0.0349420803092366,0.0897869404511658,0.684645120139059,1.02635855439462,1.28723628360689,-1.1078057809258,-0.11427724685083,0.789675236200662,-0.652676230155703,0.992025689589912,1.56747378714987,2.80403972158106,1.03147673735497,-0.225157759840049,1.49659276592131,-2.56559878417024,-1.03730718710496,-0.961840134257821
"653",2013,"UprLksMain","Yukon (CA)","Yukon",7.67792533632902,8.47985445992665,0.0256237339168875,0.185712756790216,1.04722910589661,1.5760910898956,1.45963112202289,-1.11680518479609,-0.680329879207793,1.93087840120066,-0.255726943979134,2.45246116543159,-0.297816225753544,1.03147673735497,-0.339337502411096,0.140267441086419,1.94909867253116,-0.961840134257821,0.638204630964862,-1.17546745189842
"654",2014,"UprLksMain","Yukon (CA)","Yukon",8.82109237033115,8.59258782175283,0.0447514638133733,0.503279950319792,3.02322508569495,0.909103769949138,1.50121983002607,-1.12580458866638,-1.03651368927032,1.79354898186733,-2.43894801795026,1.34853484520661,-0.325778099775831,-0.339337502411096,1.13071586606242,0.0119742770201487,1.95199313928669,-1.17546745189842,-0.406507356497477,0.449578445069972
"655",2015,"UprLksMain","Yukon (CA)","Yukon",8.51741061285009,9.71559112095486,0.0212016886099034,1.22501706841578,0.498148572440796,1.63648090735669,1.48911303731073,-0.432849815698314,-0.544410373113804,0.151237209867329,-0.454201587067419,2.00846500018297,-0.749866522447187,1.13071586606242,1.76844717856777,-0.601624585542712,0.750013340672607,0.449578445069972,0.628375720200499,1.15667924926227
"656",1985,"White-Donjek","Yukon (CA)","Yukon",7.97269485382387,8.4197537280258,0.243744339105692,0.627697850899879,0.0488220063584715,0.258006668136884,-1.27917654971365,-1.12580458866638,0.503640325437147,-0.335565367799338,0.736646271462287,-0.0788919175568672,-0.377388812278238,1.33646794522676,0.0439237403151839,0.248989786717367,0.299303676816307,0.0781788202206179,-0.331455328062558,0.209860333130102
"657",1986,"White-Donjek","Yukon (CA)","Yukon",8.32739679844113,9.04581309579892,0.203483889698748,0.410519328958629,-0.291208908514641,-0.346118634385869,-1.29574183544293,0.0441190744952505,0.223767349258781,0.533319712200663,-0.851150873243988,1.99987067261484,-0.470788763431638,0.0439237403151839,-0.613444333246389,-1.05461095668893,0.117913742359294,0.209860333130102,-1.01140317230312,0.346854741201468
"658",1987,"White-Donjek","Yukon (CA)","Yukon",8.04491311003416,9.95312946922834,0.200935736927812,0.286813902138788,1.27449466634752,-0.168182842848829,-1.11856755022012,-0.333856260632496,2.13326745795133,2.00961041486733,-1.24810015942056,-0.140115826196875,-1.12268458557065,-0.613444333246389,1.00076740601948,1.11193675770464,1.20376823563838,0.346854741201468,-0.562445094322199,-1.79035005279181
"659",1988,"White-Donjek","Yukon (CA)","Yukon",8.29145994150838,9.55749165953532,0.191463926198994,0.487532867812986,0.683777694335811,-0.450256781927279,-1.1231596681299,-0.315857451991981,1.22934600213327,0.183154662867329,-1.04962551633227,-0.750148831854399,0.159156914445928,1.00076740601948,0.795001060321879,-1.25290515427749,-1.29844273813769,-1.79035005279181,-0.26776321347213,-1.33351283751995
"660",1989,"White-Donjek","Yukon (CA)","Yukon",8.81200344098743,9.6640946323309,0.26795064509158,0.660518024550883,2.25295097241096,-0.319203976842451,-1.16353841061299,0.0351196616255506,2.07711734333032,1.90560269420066,-0.851150873243988,2.03173013108483,-0.946075805032391,0.795001060321879,1.23119550209854,0.0604878951825597,0.39858575486704,-1.33351283751995,0.350776202568148,-1.10066831815707
"661",1990,"White-Donjek","Yukon (CA)","Yukon",8.59944243378912,9.98630036662278,0.290429096911501,0.28827906007221,-0.481175159425894,-0.53505120231723,-0.409177252447506,0.755072676802479,0.605303194768709,1.41279300086733,0.538171628374003,-0.265878475545753,-0.577403575779403,1.23119550209854,1.33614631192586,0.513382050168785,0.725070888143177,-1.10066831815707,1.43843305930866,-1.08010883062611
"662",1991,"White-Donjek","Yukon (CA)","Yukon",8.47181888883508,8.87590789414568,0.24927495149147,0.45541392025436,0.101734980356583,0.268640913441283,0.23967891272426,-0.459848028209116,0.519564766012831,1.76418042220066,-1.24810015942056,0.00278418230539131,0.514502327992357,1.33614631192586,0.505711367527016,0.180443644341074,0.686519904218112,-1.08010883062611,2.02012066351255,0.194608597494601
"663",1992,"White-Donjek","Yukon (CA)","Yukon",8.37941513264569,9.53681093260751,0.206847573498849,0.23879824583288,0.0427500257357361,-0.840046133157339,0.662912275127818,-0.441849219568601,-1.06189275548094,1.29914490420066,-0.851150873243988,-0.248100971652302,-0.384332213922735,0.505711367527016,-0.0362562345211126,0.648026258407934,-0.482141417506475,0.194608597494601,-1.04331258935798,1.29850405488087
"664",1993,"White-Donjek","Yukon (CA)","Yukon",8.70297435606537,9.66397737538614,0.151356289344973,0.309654957359386,0.348951334282187,0.768520328259355,0.87285227026053,0.521087951189696,-0.821515927688113,-1.330623288466,-0.652676230155703,-0.572994291520819,-0.693985529197496,-0.0362562345211126,-0.246899708784932,-0.913846557166185,-1.33814083208672,1.29850405488087,0.779384120096025,0.979616195706664
"665",1994,"White-Donjek","Yukon (CA)","Yukon",8.60190770519569,9.13923236285981,0.17593937789662,0.285554003662706,-1.11786569900973,-0.837131324956434,0.379401206566278,-0.927817480334625,0.891616251382732,-0.487292726466005,0.339696985285719,-0.370529678491865,-0.467429052958494,-0.246899708784932,-0.19846646826731,-0.00438613242357531,0.174741814535504,0.979616195706664,-0.408259621748959,1.07228250823563
"666",1995,"White-Donjek","Yukon (CA)","Yukon",9.00026626897422,8.27523587739823,0.335442345438833,0.502614752633218,-0.0535342384247613,-0.972404923734779,0.1332784847373,0.431093827892345,1.664572406684,0.651356856200662,-0.255726943979134,-0.610802009696235,-0.245800187917014,-0.19846646826731,0.0194939903311231,-0.325084155684092,-0.708823849478198,1.07228250823563,0.349770684222727,0.573867558554951
"667",1996,"White-Donjek","Yukon (CA)","Yukon",8.98470318688719,7.61755591487729,0.143221896628026,0.58006091822647,-1.5316278071589,-0.690993441065626,-0.26192409142034,0.773071539439472,0.837133129229039,1.97658109686733,-0.255726943979134,0.549702443522159,1.28085225107956,0.0194939903311231,0.294260535932135,0.868353144617449,0.250674742537536,0.573867558554951,-0.305792069069782,0.912753683764097
"668",1997,"White-Donjek","Yukon (CA)","Yukon",8.45282620224149,9.70128676365117,0.16745938630538,0.190536616614604,-1.98702635386396,-1.61212961452942,-0.38443950400784,0.935060923397181,0.225062571446368,-0.790827154799338,0.538171628374003,-1.52622801876084,1.64437299594755,0.294260535932135,-0.89548676324894,-1.56931904363949,-2.1525103014374,0.912753683764097,-0.484731800929589,0.864278297624955
"669",1998,"White-Donjek","Yukon (CA)","Yukon",8.60955561071489,9.06867696311316,0.122098330812845,0.376459996758584,-0.154155631601498,1.75068839231941,-0.105968146962429,0.692076793014169,-0.535231890615293,-0.194070259132671,-0.0572523008908502,-0.988035957102851,-1.11394933834048,-0.89548676324894,0.378393910841632,-0.941999437070734,-0.0166630239987973,0.864278297624955,0.000880050416912607,-1.06510602216157
"670",1999,"White-Donjek","Yukon (CA)","Yukon",8.40768781859931,9.39960645061076,0.209040800774378,0.236917308102039,-0.091700973767662,-0.934909890968597,-0.116923799409464,-1.12580458866638,0.356816740746888,0.439467589533995,0.538171628374003,0.326027350617145,-0.792984997806135,0.378393910841632,-0.839225632679038,3.66956449927397,1.57236839131128,-1.06510602216157,0.924356053948431,0.223842636826608
"671",2000,"White-Donjek","Yukon (CA)","Yukon",8.33732656007168,8.37557594315855,0.164491885230641,0.564657135482003,-0.227019399074309,1.23874207921508,0.226912612046073,-0.369853904911765,-0.850920666693149,-0.705744345466004,1.33207020072714,-0.459485644770757,0.911172144521544,-0.839225632679038,0.979101592111601,1.13213338894051,-0.108630547346127,0.223842636826608,-1.64778833320374,0.500193574716145
"672",2001,"White-Donjek","Yukon (CA)","Yukon",8.37576197526836,10.0776597660537,0.202496209769504,0.0735240297616298,0.0635682450136825,0.276220579522157,0.39519184569733,-1.08980697228529,0.194985907497199,0.153704484533995,-0.851150873243988,-0.898135111804084,-0.0574323490489243,0.979101592111601,-0.525844754399114,-0.0600798731043139,-1.49799584876054,0.500193574716145,-1.65893557931742,0.799089263284526
"673",2002,"White-Donjek","Yukon (CA)","Yukon",8.03787119922403,7.45283295436775,0.169031037055262,0.306870365558243,-0.0717501802929644,1.04013764770799,0.358632698087328,-0.94581628897514,-0.660071922216195,0.742252827200662,-0.255726943979134,-0.950956655145385,1.1341449654261,-0.525844754399114,0.551629015038067,-0.653126408484926,-0.18056906383133,0.799089263284526,1.36063336635754,0.644964780948351
"674",2003,"White-Donjek","Yukon (CA)","Yukon",8.92088161985139,8.95415982295941,0.133453424547928,0.182514300434148,-0.678948242566377,-0.734980546642914,0.34284973139699,-1.12580458866638,0.890226185095998,0.914348523200662,-1.24810015942056,-1.15921218460368,-0.756364153648867,0.551629015038067,1.51583208405456,-1.16844651456385,-1.37262755618175,0.644964780948351,-0.302986920478284,-0.82368082457112
"675",2004,"White-Donjek","Yukon (CA)","Yukon",8.44243982934282,8.49171650610752,0.204051260836567,0.221299739221966,0.580554023749331,-0.846140732122867,0.15124071034945,-0.270860376844186,1.17028788523134,-0.311288038799338,1.13359555763886,-0.740763195524392,-0.979560919414725,1.51583208405456,-0.382136941439768,0.108225387194621,1.35807770809187,-0.82368082457112,1.67847158505489,1.28590864665775
"676",2005,"White-Donjek","Yukon (CA)","Yukon",8.79276160297323,8.80368380294851,0.15735679317627,0.218978211993574,0.957016822358847,-1.121271254463,-0.0736804633396484,0.404095588383304,0.356061510862617,-2.12774729713267,-0.255726943979134,-0.85287780308291,-0.611112670859947,-0.382136941439768,-0.76872545612982,-0.752273507279207,-0.298655924484439,1.28590864665775,-0.278704804958239,0.584262769806071
"677",2006,"White-Donjek","Yukon (CA)","Yukon",8.83937878745641,8.47252371922625,0.150036670132642,0.237555253416214,0.949209990129617,-1.08515500459704,0.394201158437261,1.8440016151374,0.0259280106178231,1.04211942386733,-0.255726943979134,-0.787917084373524,-0.808775637029912,-0.76872545612982,-0.17777764399371,-0.712492263935823,-0.412955626374527,0.584262769806071,-0.125540619061537,0.411030882170974
"678",2007,"White-Donjek","Yukon (CA)","Yukon",8.66475750365869,7.83915689827435,0.0319257582487708,0.313524804231131,-0.195792070157389,-0.754324273794372,0.22159263918665,2.08698574552041,-1.46219568097235,-1.12853920413267,-0.255726943979134,1.9997059722831,-0.692641645008238,-0.17777764399371,0.894181384864354,0.464420519900004,0.890152452340681,0.411030882170974,1.29919906365569,0.329742180832254
"679",2008,"White-Donjek","Yukon (CA)","Yukon",7.89785070115238,7.6657525208314,0.14213491935177,0.296458868792753,2.09507947621987,-0.842695958794525,0.244546513241457,1.92499646775577,-0.120712933158191,0.910072247867329,-1.24810015942056,-0.636076291627118,4.35588347182052,0.894181384864354,1.01881319275903,-1.23944073345358,-0.830766602009707,0.329742180832254,-0.136140519151868,0.60561317045557
"680",2009,"White-Donjek","Yukon (CA)","Yukon",8.52008623872842,8.91977282620195,0.152161388073408,0.13724262896253,-0.169769296059958,-1.79348251637991,0.450328683955679,0.440093231762632,0.0700551536148946,-0.441855231466004,0.339696985285719,0.403288204082371,-1.27006388499257,1.01881319275903,1.20721022091946,-0.56499565400112,0.553144892399291,0.60561317045557,0.282638078613695,-1.01685032364631
"681",2010,"White-Donjek","Yukon (CA)","Yukon",7.96176335088843,8.09977844710698,0.130550603250068,0.203663970716957,0.122553199634528,-1.38975246159157,0.776374563356984,2.80693873189922,-1.06848763504286,0.035055438867329,-0.851150873243988,-0.166061379991403,0.8216918197499,1.20721022091946,1.19127785501983,1.53973812842811,0.889233031824683,-1.01685032364631,-0.421573946770151,-0.898918443507506
"682",2011,"White-Donjek","Yukon (CA)","Yukon",8.2911107802355,9.78144698662629,0.165026780519415,0.13781343566382,0.656020068631884,0.400999704018723,0.869724828731911,1.3940309716524,-0.957061749944225,-0.677629351132671,1.92749412999199,0.916744296385362,0.0927466732636954,1.19127785501983,-0.118097222536291,0.408114760090906,1.08161778921286,-0.898918443507506,-1.09827791216246,-2.56559878417024
"683",2012,"White-Donjek","Yukon (CA)","Yukon",7.8781380009233,9.5581163969845,0.189770342033107,0.155136943866276,0.684645120139059,1.02635855439462,1.28723628360689,-1.1078057809258,-0.11427724685083,0.789675236200662,-0.652676230155703,0.862442594328286,-0.333712576127367,-0.118097222536291,-0.364359098532068,0.431371486968577,1.91638248110545,-2.56559878417024,-1.03106259947848,-0.961840134257821
"684",2013,"White-Donjek","Yukon (CA)","Yukon",7.49256461258608,9.16127795890128,0.238241773900606,0.291579832613824,1.04722910589661,1.5760910898956,1.45963112202289,-1.11680518479609,-0.680329879207793,1.93087840120066,-0.255726943979134,0.102709017090254,-0.237960791805855,-0.364359098532068,-1.84582432737885,-0.852644644330209,0.0347873639207116,-0.961840134257821,0.657612386576024,-1.17546745189842
"685",2014,"White-Donjek","Yukon (CA)","Yukon",8.56680589086876,9.2024316067621,0.130988016327127,0.424777851253151,3.02322508569495,0.909103769949138,1.50121983002607,-1.12580458866638,-1.03651368927032,1.79354898186733,-2.43894801795026,1.12740387161513,-0.193836665932389,-1.84582432737885,-1.57329303272036,0.0347830917914496,0.372050030682243,-1.17546745189842,-0.395307074709102,0.449578445069972
"686",2015,"White-Donjek","Yukon (CA)","Yukon",8.90421846319417,8.83253373191926,0.0914049620756981,0.84333237195933,0.498148572440796,1.63648090735669,1.48911303731073,-0.432849815698314,-0.544410373113804,0.151237209867329,-0.454201587067419,-1.39012911194529,1.33471964483588,-1.57329303272036,-2.10146067530208,-0.309171658346738,-1.48223118794105,0.449578445069972,0.647706257852288,1.15667924926227
